sop_uid,score,fold,x,y
1.2.643.5.1.13.13.12.2.77.8252.06061007030610120805010913100711,0.2519921362400055,0,224.0,208.0
1.2.643.5.1.13.13.12.2.77.8252.06061007030610120805010913100711,0.09503716230392456,0,64.0,64.0
1.2.643.5.1.13.13.12.2.77.8252.06061007030610120805010913100711,0.33921554684638977,0,64.0,240.0
1.2.643.5.1.13.13.12.2.77.8252.06061007030610120805010913100711,0.077146016061306,0,128.0,80.0
1.2.643.5.1.13.13.12.2.77.8252.06061007030610120805010913100711,0.08543328195810318,0,240.0,48.0
1.2.643.5.1.13.13.12.2.77.8252.06061007030610120805010913100711,0.24685433506965637,0,240.0,224.0
1.2.643.5.1.13.13.12.2.77.8252.06061007030610120805010913100711,0.5148617029190063,0,192.0,224.0
1.2.643.5.1.13.13.12.2.77.8252.06061007030610120805010913100711,0.12101035565137863,0,96.0,64.0
1.2.643.5.1.13.13.12.2.77.8252.06061007030610120805010913100711,0.1175757423043251,0,48.0,144.0
1.2.643.5.1.13.13.12.2.77.8252.06061007030610120805010913100711,0.11870063096284866,0,80.0,176.0
1.2.643.5.1.13.13.12.2.77.8252.06061007030610120805010913100711,0.1353600174188614,0,80.0,160.0
1.2.643.5.1.13.13.12.2.77.8252.06061007030610120805010913100711,0.10439078509807587,0,48.0,64.0
1.2.643.5.1.13.13.12.2.77.8252.06061007030610120805010913100711,0.36032232642173767,0,192.0,128.0
1.2.643.5.1.13.13.12.2.77.8252.06061007030610120805010913100711,0.44545626640319824,0,128.0,176.0
1.2.643.5.1.13.13.12.2.77.8252.06061007030610120805010913100711,0.35106760263442993,0,252.0,112.0
1.2.643.5.1.13.13.12.2.77.8252.06061007030610120805010913100711,0.06669215112924576,0,176.0,64.0
1.2.643.5.1.13.13.12.2.77.8252.06061007030610120805010913100711,0.12594951689243317,0,48.0,96.0
1.2.643.5.1.13.13.12.2.77.8252.06061007030610120805010913100711,0.3564501404762268,0,224.0,176.0
1.2.643.5.1.13.13.12.2.77.8252.06061007030610120805010913100711,0.13372822105884552,0,176.0,240.0
1.2.643.5.1.13.13.12.2.77.8252.06061007030610120805010913100711,0.3304327726364136,0,144.0,208.0
1.2.643.5.1.13.13.12.2.77.8252.06061007030610120805010913100711,0.4536541700363159,0,80.0,240.0
1.2.643.5.1.13.13.12.2.77.8252.06061007030610120805010913100711,0.2693358063697815,0,112.0,144.0
1.2.643.5.1.13.13.12.2.77.8252.06061007030610120805010913100711,0.11723288893699646,0,48.0,128.0
1.2.643.5.1.13.13.12.2.77.8252.06061007030610120805010913100711,0.2661397159099579,0,224.0,224.0
1.2.643.5.1.13.13.12.2.77.8252.06061007030610120805010913100711,0.21798190474510193,0,208.0,176.0
1.2.643.5.1.13.13.12.2.77.8252.06061007030610120805010913100711,0.3905722200870514,0,144.0,224.0
1.2.643.5.1.13.13.12.2.77.8252.06061007030610120805010913100711,0.32556235790252686,0,240.0,176.0
1.2.643.5.1.13.13.12.2.77.8252.06061007030610120805010913100711,0.2125273197889328,0,96.0,144.0
1.2.643.5.1.13.13.12.2.77.8252.06061007030610120805010913100711,0.23615328967571259,0,252.0,192.0
1.2.643.5.1.13.13.12.2.77.8252.06061007030610120805010913100711,0.08791975677013397,0,112.0,80.0
1.2.643.5.1.13.13.12.2.77.8252.06061007030610120805010913100711,0.12681944668293,0,64.0,208.0
1.2.643.5.1.13.13.12.2.77.8252.06061007030610120805010913100711,0.27276885509490967,0,208.0,112.0
1.2.643.5.1.13.13.12.2.77.8252.06061007030610120805010913100711,0.33429059386253357,0,224.0,96.0
1.2.643.5.1.13.13.12.2.77.8252.06061007030610120805010913100711,0.4295685291290283,0,192.0,192.0
1.2.643.5.1.13.13.12.2.77.8252.06061007030610120805010913100711,0.48270678520202637,0,160.0,160.0
1.2.643.5.1.13.13.12.2.77.8252.06061007030610120805010913100711,0.46269690990448,0,144.0,160.0
1.2.643.5.1.13.13.12.2.77.8252.06061007030610120805010913100711,0.1510167419910431,0,96.0,192.0
1.2.643.5.1.13.13.12.2.77.8252.06061007030610120805010913100711,0.25131356716156006,0,96.0,128.0
1.2.643.5.1.13.13.12.2.77.8252.06061007030610120805010913100711,0.45311060547828674,0,240.0,128.0
1.2.643.5.1.13.13.12.2.77.8252.06061007030610120805010913100711,0.3845968544483185,0,176.0,224.0
1.2.643.5.1.13.13.12.2.77.8252.03010603150012061509030005111300,0.3405705392360687,0,22.5,32.0
1.2.643.5.1.13.13.12.2.77.8252.03010603150012061509030005111300,0.3806082010269165,0,112.0,64.0
1.2.643.5.1.13.13.12.2.77.8252.03010603150012061509030005111300,0.19970650970935822,0,176.0,224.0
1.2.643.5.1.13.13.12.2.77.8252.03010603150012061509030005111300,0.2992671728134155,0,224.0,64.0
1.2.643.5.1.13.13.12.2.77.8252.03010603150012061509030005111300,0.2594422996044159,0,80.0,224.0
1.2.643.5.1.13.13.12.2.77.8252.03010603150012061509030005111300,0.17164179682731628,0,80.0,256.0
1.2.643.5.1.13.13.12.2.77.8252.03010603150012061509030005111300,0.1811741292476654,0,224.0,176.0
1.2.643.5.1.13.13.12.2.77.8252.03010603150012061509030005111300,0.3233553171157837,0,48.0,96.0
1.2.643.5.1.13.13.12.2.77.8252.03010603150012061509030005111300,0.24020147323608398,0,224.0,80.0
1.2.643.5.1.13.13.12.2.77.8252.03010603150012061509030005111300,0.17887642979621887,0,128.0,80.0
1.2.643.5.1.13.13.12.2.77.8252.03010603150012061509030005111300,0.2775716781616211,0,144.0,48.0
1.2.643.5.1.13.13.12.2.77.8252.03010603150012061509030005111300,0.25419938564300537,0,208.0,176.0
1.2.643.5.1.13.13.12.2.77.8252.03010603150012061509030005111300,0.15797460079193115,0,240.0,112.0
1.2.643.5.1.13.13.12.2.77.8252.03010603150012061509030005111300,0.08766618371009827,0,144.0,269.0
1.2.643.5.1.13.13.12.2.77.8252.03010603150012061509030005111300,0.26942598819732666,0,112.0,160.0
1.2.643.5.1.13.13.12.2.77.8252.03010603150012061509030005111300,0.23539255559444427,0,80.0,144.0
1.2.643.5.1.13.13.12.2.77.8252.03010603150012061509030005111300,0.16224761307239532,0,128.0,112.0
1.2.643.5.1.13.13.12.2.77.8252.03010603150012061509030005111300,0.28246214985847473,0,48.0,112.0
1.2.643.5.1.13.13.12.2.77.8252.03010603150012061509030005111300,0.2145332545042038,0,240.0,269.0
1.2.643.5.1.13.13.12.2.77.8252.03010603150012061509030005111300,0.1832663118839264,0,112.0,112.0
1.2.643.5.1.13.13.12.2.77.8252.03010603150012061509030005111300,0.20874570310115814,0,176.0,80.0
1.2.643.5.1.13.13.12.2.77.8252.03010603150012061509030005111300,0.11525601893663406,0,252.0,176.0
1.2.643.5.1.13.13.12.2.77.8252.03010603150012061509030005111300,0.11575194448232651,0,252.0,208.0
1.2.643.5.1.13.13.12.2.77.8252.03010603150012061509030005111300,0.16240572929382324,0,252.0,256.0
1.2.643.5.1.13.13.12.2.77.8252.03010603150012061509030005111300,0.1992069035768509,0,240.0,240.0
1.2.643.5.1.13.13.12.2.77.8252.03010603150012061509030005111300,0.2830473780632019,0,192.0,48.0
1.2.643.5.1.13.13.12.2.77.8252.03010603150012061509030005111300,0.08480720967054367,0,144.0,240.0
1.2.643.5.1.13.13.12.2.77.8252.03010603150012061509030005111300,0.23960039019584656,0,64.0,256.0
1.2.643.5.1.13.13.12.2.77.8252.03010603150012061509030005111300,0.13940134644508362,0,240.0,176.0
1.2.643.5.1.13.13.12.2.77.8252.03010603150012061509030005111300,0.17412510514259338,0,252.0,80.0
1.2.643.5.1.13.13.12.2.77.8252.03010603150012061509030005111300,0.25818270444869995,0,96.0,160.0
1.2.643.5.1.13.13.12.2.77.8252.03010603150012061509030005111300,0.2505074739456177,0,64.0,112.0
1.2.643.5.1.13.13.12.2.77.8252.03010603150012061509030005111300,0.11013679951429367,0,144.0,144.0
1.2.643.5.1.13.13.12.2.77.8252.03010603150012061509030005111300,0.24106214940547943,0,192.0,96.0
1.2.643.5.1.13.13.12.2.77.8252.03010603150012061509030005111300,0.25543344020843506,0,192.0,224.0
1.2.643.5.1.13.13.12.2.77.8252.03010603150012061509030005111300,0.16193243861198425,0,160.0,256.0
1.2.643.5.1.13.13.12.2.77.8252.03010603150012061509030005111300,0.244242325425148,0,96.0,269.0
1.2.643.5.1.13.13.12.2.77.8252.03010603150012061509030005111300,0.3228757381439209,0,64.0,269.0
1.2.643.5.1.13.13.12.2.77.8252.03010603150012061509030005111300,0.32564041018486023,0,160.0,192.0
1.2.643.5.1.13.13.12.2.77.8252.03010603150012061509030005111300,0.16936242580413818,0,224.0,160.0
1.2.643.5.1.13.13.12.2.77.8252.03010603150012061509030005111300,0.20240318775177002,0,208.0,160.0
1.2.643.5.1.13.13.12.2.77.8252.07150612000412081110110102150004,0.11390917748212814,0,144.0,144.0
1.2.643.5.1.13.13.12.2.77.8252.07150612000412081110110102150004,0.0184821505099535,0,160.0,240.0
1.2.643.5.1.13.13.12.2.77.8252.07150612000412081110110102150004,0.10227113217115402,0,160.0,128.0
1.2.643.5.1.13.13.12.2.77.8252.07150612000412081110110102150004,0.31829071044921875,0,64.0,144.0
1.2.643.5.1.13.13.12.2.77.8252.07150612000412081110110102150004,0.03420738875865936,0,176.0,243.0
1.2.643.5.1.13.13.12.2.77.8252.07150612000412081110110102150004,0.2584450840950012,0,208.0,192.0
1.2.643.5.1.13.13.12.2.77.8252.07150612000412081110110102150004,0.275517076253891,0,80.0,160.0
1.2.643.5.1.13.13.12.2.77.8252.07150612000412081110110102150004,0.09912523627281189,0,96.0,128.0
1.2.643.5.1.13.13.12.2.77.8252.07150612000412081110110102150004,0.04258527234196663,0,112.0,208.0
1.2.643.5.1.13.13.12.2.77.8252.07150612000412081110110102150004,0.10803154855966568,0,144.0,160.0
1.2.643.5.1.13.13.12.2.77.8252.07150612000412081110110102150004,0.03399224579334259,0,160.0,224.0
1.2.643.5.1.13.13.12.2.77.8252.07150612000412081110110102150004,0.026290683075785637,0,128.0,192.0
1.2.643.5.1.13.13.12.2.77.8252.07150612000412081110110102150004,0.17883513867855072,0,252.0,224.0
1.2.643.5.1.13.13.12.2.77.8252.07150612000412081110110102150004,0.18811377882957458,0,96.0,243.0
1.2.643.5.1.13.13.12.2.77.8252.07150612000412081110110102150004,0.2989647686481476,0,64.0,160.0
1.2.643.5.1.13.13.12.2.77.8252.07150612000412081110110102150004,0.13652099668979645,0,96.0,96.0
1.2.643.5.1.13.13.12.2.77.8252.07150612000412081110110102150004,0.2985028624534607,0,224.0,176.0
1.2.643.5.1.13.13.12.2.77.8252.07150612000412081110110102150004,0.09495994448661804,0,208.0,240.0
1.2.643.5.1.13.13.12.2.77.8252.07150612000412081110110102150004,0.06594180315732956,0,192.0,243.0
1.2.643.5.1.13.13.12.2.77.8252.07150612000412081110110102150004,0.3585412800312042,0,224.0,80.0
1.2.643.5.1.13.13.12.2.77.8252.07150612000412081110110102150004,0.16598734259605408,0,96.0,64.0
1.2.643.5.1.13.13.12.2.77.8252.07150612000412081110110102150004,0.3073810935020447,0,160.0,64.0
1.2.643.5.1.13.13.12.2.77.8252.07150612000412081110110102150004,0.3005507290363312,0,144.0,64.0
1.2.643.5.1.13.13.12.2.77.8252.07150612000412081110110102150004,0.05129636079072952,0,112.0,192.0
1.2.643.5.1.13.13.12.2.77.8252.07150612000412081110110102150004,0.12088318169116974,0,160.0,176.0
1.2.643.5.1.13.13.12.2.77.8252.07150612000412081110110102150004,0.287800133228302,0,224.0,112.0
1.2.643.5.1.13.13.12.2.77.8252.07150612000412081110110102150004,0.22062726318836212,0,80.0,48.0
1.2.643.5.1.13.13.12.2.77.8252.07150612000412081110110102150004,0.15231330692768097,0,112.0,243.0
1.2.643.5.1.13.13.12.2.77.8252.07150612000412081110110102150004,0.16109539568424225,0,252.0,80.0
1.2.643.5.1.13.13.12.2.77.8252.07150612000412081110110102150004,0.023825468495488167,0,144.0,192.0
1.2.643.5.1.13.13.12.2.77.8252.07150612000412081110110102150004,0.20323546230793,0,252.0,240.0
1.2.643.5.1.13.13.12.2.77.8252.07150612000412081110110102150004,0.12691891193389893,0,112.0,96.0
1.2.643.5.1.13.13.12.2.77.8252.07150612000412081110110102150004,0.049084410071372986,0,144.0,224.0
1.2.643.5.1.13.13.12.2.77.8252.07150612000412081110110102150004,0.19055584073066711,0,48.0,112.0
1.2.643.5.1.13.13.12.2.77.8252.07150612000412081110110102150004,0.3529667854309082,0,192.0,96.0
1.2.643.5.1.13.13.12.2.77.8252.07150612000412081110110102150004,0.2068701535463333,0,208.0,208.0
1.2.643.5.1.13.13.12.2.77.8252.07150612000412081110110102150004,0.05479453131556511,0,176.0,192.0
1.2.643.5.1.13.13.12.2.77.8252.07150612000412081110110102150004,0.1945353001356125,0,128.0,96.0
1.2.643.5.1.13.13.12.2.77.8252.07150612000412081110110102150004,0.14276835322380066,0,176.0,160.0
1.2.643.5.1.13.13.12.2.77.8252.07150612000412081110110102150004,0.10438309609889984,0,192.0,224.0
1.2.643.5.1.13.13.12.2.77.8252.01120709131111081211081313110800,0.9877535700798035,0,193.5,25.5
1.2.643.5.1.13.13.12.2.77.8252.01120709131111081211081313110800,0.9997901320457458,0,33.5,15.5
1.2.643.5.1.13.13.12.2.77.8252.01120709131111081211081313110800,0.9999037981033325,0,86.0,11.0
1.2.643.5.1.13.13.12.2.77.8252.01120709131111081211081313110800,0.9940952062606812,0,253.0,9.5
1.2.643.5.1.13.13.12.2.77.8252.01120709131111081211081313110800,0.9998928308486938,0,31.5,16.0
1.2.643.5.1.13.13.12.2.77.8252.01120709131111081211081313110800,0.9999082088470459,0,85.0,11.5
1.2.643.5.1.13.13.12.2.77.8252.01120709131111081211081313110800,0.99601811170578,0,250.5,8.0
1.2.643.5.1.13.13.12.2.77.8252.01120709131111081211081313110800,0.9895625710487366,0,192.5,24.5
1.2.643.5.1.13.13.12.2.77.8252.01120709131111081211081313110800,0.7685660123825073,0,142.0,80.0
1.2.643.5.1.13.13.12.2.77.8252.01120709131111081211081313110800,0.9852665662765503,0,48.0,48.0
1.2.643.5.1.13.13.12.2.77.8252.01120709131111081211081313110800,0.9879879951477051,0,64.0,48.0
1.2.643.5.1.13.13.12.2.77.8252.01120709131111081211081313110800,0.9792732000350952,0,80.0,48.0
1.2.643.5.1.13.13.12.2.77.8252.01120709131111081211081313110800,0.9496471285820007,0,96.0,48.0
1.2.643.5.1.13.13.12.2.77.8252.01120709131111081211081313110800,0.9720678329467773,0,112.0,48.0
1.2.643.5.1.13.13.12.2.77.8252.01120709131111081211081313110800,0.9733129739761353,0,128.0,48.0
1.2.643.5.1.13.13.12.2.77.8252.01120709131111081211081313110800,0.9790363907814026,0,144.0,48.0
1.2.643.5.1.13.13.12.2.77.8252.01120709131111081211081313110800,0.9850651621818542,0,160.0,48.0
1.2.643.5.1.13.13.12.2.77.8252.01120709131111081211081313110800,0.9831989407539368,0,176.0,48.0
1.2.643.5.1.13.13.12.2.77.8252.01120709131111081211081313110800,0.9869377613067627,0,192.0,48.0
1.2.643.5.1.13.13.12.2.77.8252.01120709131111081211081313110800,0.972159206867218,0,208.0,48.0
1.2.643.5.1.13.13.12.2.77.8252.01120709131111081211081313110800,0.9821015000343323,0,224.0,48.0
1.2.643.5.1.13.13.12.2.77.8252.01120709131111081211081313110800,0.8971946835517883,0,240.0,48.0
1.2.643.5.1.13.13.12.2.77.8252.01120709131111081211081313110800,0.8783448338508606,0,252.0,48.0
1.2.643.5.1.13.13.12.2.77.8252.01120709131111081211081313110800,0.5717119574546814,0,48.0,64.0
1.2.643.5.1.13.13.12.2.77.8252.01120709131111081211081313110800,0.5473308563232422,0,64.0,64.0
1.2.643.5.1.13.13.12.2.77.8252.01120709131111081211081313110800,0.36100029945373535,0,96.0,64.0
1.2.643.5.1.13.13.12.2.77.8252.01120709131111081211081313110800,0.5092383623123169,0,112.0,64.0
1.2.643.5.1.13.13.12.2.77.8252.01120709131111081211081313110800,0.6036036014556885,0,128.0,64.0
1.2.643.5.1.13.13.12.2.77.8252.01120709131111081211081313110800,0.8579450845718384,0,144.0,64.0
1.2.643.5.1.13.13.12.2.77.8252.01120709131111081211081313110800,0.9561057686805725,0,160.0,64.0
1.2.643.5.1.13.13.12.2.77.8252.01120709131111081211081313110800,0.953999936580658,0,176.0,64.0
1.2.643.5.1.13.13.12.2.77.8252.01120709131111081211081313110800,0.9600768089294434,0,192.0,64.0
1.2.643.5.1.13.13.12.2.77.8252.01120709131111081211081313110800,0.8091611266136169,0,208.0,64.0
1.2.643.5.1.13.13.12.2.77.8252.01120709131111081211081313110800,0.77411949634552,0,224.0,64.0
1.2.643.5.1.13.13.12.2.77.8252.01120709131111081211081313110800,0.17437805235385895,0,96.0,80.0
1.2.643.5.1.13.13.12.2.77.8252.01120709131111081211081313110800,0.4298318028450012,0,112.0,80.0
1.2.643.5.1.13.13.12.2.77.8252.01120709131111081211081313110800,0.5626888871192932,0,128.0,80.0
1.2.643.5.1.13.13.12.2.77.8252.01120709131111081211081313110800,0.8292065262794495,0,144.0,80.0
1.2.643.5.1.13.13.12.2.77.8252.01120709131111081211081313110800,0.9404709935188293,0,160.0,80.0
1.2.643.5.1.13.13.12.2.77.8252.01120709131111081211081313110800,0.9393776059150696,0,176.0,80.0
1.2.643.5.1.13.13.12.2.77.8252.01120709131111081211081313110800,0.1537880003452301,0,96.0,96.0
1.2.643.5.1.13.13.12.2.77.8252.01120709131111081211081313110800,0.36764320731163025,0,112.0,96.0
1.2.643.5.1.13.13.12.2.77.8252.01120709131111081211081313110800,0.44268760085105896,0,128.0,96.0
1.2.643.5.1.13.13.12.2.77.8252.01120709131111081211081313110800,0.4571688771247864,0,144.0,96.0
1.2.643.5.1.13.13.12.2.77.8252.01120709131111081211081313110800,0.48710665106773376,0,160.0,96.0
1.2.643.5.1.13.13.12.2.77.8252.01120709131111081211081313110800,0.516202986240387,0,176.0,96.0
1.2.643.5.1.13.13.12.2.77.8252.01120709131111081211081313110800,0.34912368655204773,0,112.0,112.0
1.2.643.5.1.13.13.12.2.77.8252.01120709131111081211081313110800,0.31682783365249634,0,128.0,112.0
1.2.643.5.1.13.13.12.2.77.8252.01120709131111081211081313110800,0.33572280406951904,0,144.0,112.0
1.2.643.5.1.13.13.12.2.77.8252.01120709131111081211081313110800,0.3086053431034088,0,160.0,112.0
1.2.643.5.1.13.13.12.2.77.8252.01120709131111081211081313110800,0.2917349636554718,0,176.0,112.0
1.2.643.5.1.13.13.12.2.77.8252.01120709131111081211081313110800,0.13537847995758057,0,128.0,128.0
1.2.643.5.1.13.13.12.2.77.8252.01120709131111081211081313110800,0.14030934870243073,0,144.0,128.0
1.2.643.5.1.13.13.12.2.77.8252.01120709131111081211081313110800,0.11520002782344818,0,160.0,128.0
1.2.643.5.1.13.13.12.2.77.8252.01120709131111081211081313110800,0.23013977706432343,0,64.0,192.0
1.2.643.5.1.13.13.12.2.77.8252.01120709131111081211081313110800,0.1740390658378601,0,224.0,176.0
1.2.643.5.1.13.13.12.2.77.8252.01120709131111081211081313110800,0.24032947421073914,0,208.0,239.0
1.2.643.5.1.13.13.12.2.77.8252.01120709131111081211081313110800,0.3682199716567993,0,48.0,160.0
1.2.643.5.1.13.13.12.2.77.8252.01120709131111081211081313110800,0.2763196527957916,0,48.0,192.0
1.2.643.5.1.13.13.12.2.77.8252.01120709131111081211081313110800,0.36577561497688293,0,96.0,239.0
1.2.643.5.1.13.13.12.2.77.8252.01120709131111081211081313110800,0.16325946152210236,0,160.0,192.0
1.2.643.5.1.13.13.12.2.77.8252.01120709131111081211081313110800,0.3050384819507599,0,252.0,239.0
1.2.643.5.1.13.13.12.2.77.8252.01120709131111081211081313110800,0.286499947309494,0,252.0,224.0
1.2.643.5.1.13.13.12.2.77.8252.01120709131111081211081313110800,0.20370618999004364,0,224.0,224.0
1.2.643.5.1.13.13.12.2.77.8252.01120709131111081211081313110800,0.2532881498336792,0,252.0,128.0
1.2.643.5.1.13.13.12.2.77.8252.01120709131111081211081313110800,0.16775666177272797,0,144.0,192.0
1.2.643.5.1.13.13.12.2.77.8252.01120709131111081211081313110800,0.23636183142662048,0,252.0,144.0
1.2.643.5.1.13.13.12.2.77.8252.01120709131111081211081313110800,0.34388601779937744,0,144.0,224.0
1.2.643.5.1.13.13.12.2.77.8252.01120709131111081211081313110800,0.27081796526908875,0,112.0,192.0
1.2.643.5.1.13.13.12.2.77.8252.01120709131111081211081313110800,0.08537411689758301,0,160.0,176.0
1.2.643.5.1.13.13.12.2.77.8252.01120709131111081211081313110800,0.1653459668159485,0,192.0,224.0
1.2.643.5.1.13.13.12.2.77.8252.01120709131111081211081313110800,0.4453161358833313,0,112.0,208.0
1.2.643.5.1.13.13.12.2.77.8252.01120709131111081211081313110800,0.23354189097881317,0,252.0,192.0
1.2.643.5.1.13.13.12.2.77.8252.01120709131111081211081313110800,0.39226657152175903,0,96.0,208.0
1.2.643.5.1.13.13.12.2.77.8252.01120709131111081211081313110800,0.40726974606513977,0,80.0,239.0
1.2.643.5.1.13.13.12.2.77.8252.01120709131111081211081313110800,0.092286117374897,0,192.0,192.0
1.2.643.5.1.13.13.12.2.77.8252.01120709131111081211081313110800,0.39668014645576477,0,160.0,224.0
1.2.643.5.1.13.13.12.2.77.8252.01120709131111081211081313110800,0.31966665387153625,0,48.0,128.0
1.2.643.5.1.13.13.12.2.77.8252.01120709131111081211081313110800,0.18971313536167145,0,252.0,176.0
1.2.643.5.1.13.13.12.2.77.8252.01120709131111081211081313110800,0.2491610050201416,0,48.0,239.0
1.2.643.5.1.13.13.12.2.77.8252.01120709131111081211081313110800,0.1441531628370285,0,64.0,239.0
1.2.643.5.1.13.13.12.2.77.8252.01120709131111081211081313110800,0.39577606320381165,0,112.0,224.0
1.2.643.5.1.13.13.12.2.77.8252.01120709131111081211081313110800,0.2803155481815338,0,96.0,192.0
1.2.643.5.1.13.13.12.2.77.8252.01120709131111081211081313110800,0.2547113299369812,0,48.0,112.0
1.2.643.5.1.13.13.12.2.77.8252.01120709131111081211081313110800,0.5702885389328003,0,160.0,239.0
1.2.643.5.1.13.13.12.2.77.8252.01120709131111081211081313110800,0.10813675075769424,0,208.0,176.0
1.2.643.5.1.13.13.12.2.77.8252.01120709131111081211081313110800,0.15576569736003876,0,176.0,208.0
1.2.643.5.1.13.13.12.2.77.8252.01120709131111081211081313110800,0.17735324800014496,0,128.0,192.0
1.2.643.5.1.13.13.12.2.77.8252.01120709131111081211081313110800,0.5451619029045105,0,128.0,239.0
1.2.643.5.1.13.13.12.2.77.8252.01120709131111081211081313110800,0.30690819025039673,0,48.0,176.0
1.2.643.5.1.13.13.12.2.77.8252.01120709131111081211081313110800,0.33675616979599,0,64.0,176.0
1.2.643.5.1.13.13.12.2.77.8252.01120709131111081211081313110800,0.09324037283658981,0,176.0,176.0
1.2.643.5.1.13.13.12.2.77.8252.01120709131111081211081313110800,0.3487689197063446,0,48.0,144.0
1.2.643.5.1.13.13.12.2.77.8252.01120709131111081211081313110800,0.2698904573917389,0,192.0,239.0
1.2.643.5.1.13.13.12.2.77.8252.10001500010311100907131007040004,0.9481198787689209,0,53.0,71.0
1.2.643.5.1.13.13.12.2.77.8252.10001500010311100907131007040004,0.9913356304168701,0,48.0,48.0
1.2.643.5.1.13.13.12.2.77.8252.10001500010311100907131007040004,0.895954966545105,0,64.0,48.0
1.2.643.5.1.13.13.12.2.77.8252.10001500010311100907131007040004,0.8122386932373047,0,80.0,48.0
1.2.643.5.1.13.13.12.2.77.8252.10001500010311100907131007040004,0.655569314956665,0,96.0,48.0
1.2.643.5.1.13.13.12.2.77.8252.10001500010311100907131007040004,0.9793399572372437,0,48.0,64.0
1.2.643.5.1.13.13.12.2.77.8252.10001500010311100907131007040004,0.824367105960846,0,64.0,64.0
1.2.643.5.1.13.13.12.2.77.8252.10001500010311100907131007040004,0.7343892455101013,0,80.0,64.0
1.2.643.5.1.13.13.12.2.77.8252.10001500010311100907131007040004,0.5568315386772156,0,96.0,64.0
1.2.643.5.1.13.13.12.2.77.8252.10001500010311100907131007040004,0.9442054033279419,0,48.0,80.0
1.2.643.5.1.13.13.12.2.77.8252.10001500010311100907131007040004,0.739337146282196,0,64.0,80.0
1.2.643.5.1.13.13.12.2.77.8252.10001500010311100907131007040004,0.5381073951721191,0,80.0,80.0
1.2.643.5.1.13.13.12.2.77.8252.10001500010311100907131007040004,0.3542540371417999,0,96.0,80.0
1.2.643.5.1.13.13.12.2.77.8252.10001500010311100907131007040004,0.885296106338501,0,48.0,96.0
1.2.643.5.1.13.13.12.2.77.8252.10001500010311100907131007040004,0.6461237072944641,0,64.0,96.0
1.2.643.5.1.13.13.12.2.77.8252.10001500010311100907131007040004,0.4227004945278168,0,80.0,96.0
1.2.643.5.1.13.13.12.2.77.8252.10001500010311100907131007040004,0.320942759513855,0,96.0,96.0
1.2.643.5.1.13.13.12.2.77.8252.10001500010311100907131007040004,0.7645998001098633,0,48.0,112.0
1.2.643.5.1.13.13.12.2.77.8252.10001500010311100907131007040004,0.4561820328235626,0,64.0,112.0
1.2.643.5.1.13.13.12.2.77.8252.10001500010311100907131007040004,0.4085368514060974,0,80.0,112.0
1.2.643.5.1.13.13.12.2.77.8252.10001500010311100907131007040004,0.08859916031360626,0,112.0,176.0
1.2.643.5.1.13.13.12.2.77.8252.10001500010311100907131007040004,0.12170156091451645,0,192.0,128.0
1.2.643.5.1.13.13.12.2.77.8252.10001500010311100907131007040004,0.0653504878282547,0,176.0,64.0
1.2.643.5.1.13.13.12.2.77.8252.10001500010311100907131007040004,0.464761883020401,0,240.0,48.0
1.2.643.5.1.13.13.12.2.77.8252.10001500010311100907131007040004,0.5270551443099976,0,252.0,80.0
1.2.643.5.1.13.13.12.2.77.8252.10001500010311100907131007040004,0.2721158266067505,0,252.0,256.0
1.2.643.5.1.13.13.12.2.77.8252.10001500010311100907131007040004,0.24982279539108276,0,252.0,240.0
1.2.643.5.1.13.13.12.2.77.8252.10001500010311100907131007040004,0.039226360619068146,0,176.0,176.0
1.2.643.5.1.13.13.12.2.77.8252.10001500010311100907131007040004,0.1467398703098297,0,208.0,192.0
1.2.643.5.1.13.13.12.2.77.8252.10001500010311100907131007040004,0.4009395241737366,0,240.0,128.0
1.2.643.5.1.13.13.12.2.77.8252.10001500010311100907131007040004,0.03230546414852142,0,160.0,256.0
1.2.643.5.1.13.13.12.2.77.8252.10001500010311100907131007040004,0.033741746097803116,0,144.0,64.0
1.2.643.5.1.13.13.12.2.77.8252.10001500010311100907131007040004,0.47772127389907837,0,252.0,112.0
1.2.643.5.1.13.13.12.2.77.8252.10001500010311100907131007040004,0.15298354625701904,0,64.0,192.0
1.2.643.5.1.13.13.12.2.77.8252.10001500010311100907131007040004,0.03041418455541134,0,176.0,256.0
1.2.643.5.1.13.13.12.2.77.8252.10001500010311100907131007040004,0.11394710093736649,0,80.0,224.0
1.2.643.5.1.13.13.12.2.77.8252.10001500010311100907131007040004,0.028958408161997795,0,128.0,160.0
1.2.643.5.1.13.13.12.2.77.8252.10001500010311100907131007040004,0.05603964626789093,0,192.0,240.0
1.2.643.5.1.13.13.12.2.77.8252.10001500010311100907131007040004,0.046215929090976715,0,160.0,112.0
1.2.643.5.1.13.13.12.2.77.8252.10001500010311100907131007040004,0.27975621819496155,0,224.0,48.0
1.2.643.5.1.13.13.12.2.77.8252.10001500010311100907131007040004,0.03628801181912422,0,128.0,176.0
1.2.643.5.1.13.13.12.2.77.8252.10001500010311100907131007040004,0.06743335723876953,0,192.0,208.0
1.2.643.5.1.13.13.12.2.77.8252.10001500010311100907131007040004,0.14690743386745453,0,96.0,256.0
1.2.643.5.1.13.13.12.2.77.8252.10001500010311100907131007040004,0.018966540694236755,0,176.0,224.0
1.2.643.5.1.13.13.12.2.77.8252.10001500010311100907131007040004,0.04409395158290863,0,160.0,96.0
1.2.643.5.1.13.13.12.2.77.8252.10001500010311100907131007040004,0.35047754645347595,0,224.0,128.0
1.2.643.5.1.13.13.12.2.77.8252.10001500010311100907131007040004,0.03374643251299858,0,176.0,160.0
1.2.643.5.1.13.13.12.2.77.8252.10001500010311100907131007040004,0.02498888038098812,0,144.0,80.0
1.2.643.5.1.13.13.12.2.77.8252.10001500010311100907131007040004,0.24056942760944366,0,208.0,112.0
1.2.643.5.1.13.13.12.2.77.8252.10001500010311100907131007040004,0.02311125211417675,0,144.0,272.0
1.2.643.5.1.13.13.12.2.77.8252.10001500010311100907131007040004,0.055675607174634933,0,192.0,256.0
1.2.643.5.1.13.13.12.2.77.8252.10001500010311100907131007040004,0.19953040778636932,0,80.0,272.0
1.2.643.5.1.13.13.12.2.77.8252.10001500010311100907131007040004,0.03692786023020744,0,128.0,240.0
1.2.643.5.1.13.13.12.2.77.8252.10001500010311100907131007040004,0.33593130111694336,0,48.0,272.0
1.2.643.5.1.13.13.12.2.77.8252.10001500010311100907131007040004,0.46218764781951904,0,240.0,64.0
1.2.643.5.1.13.13.12.2.77.8252.10001500010311100907131007040004,0.2926928699016571,0,224.0,80.0
1.2.643.5.1.13.13.12.2.77.8252.10001500010311100907131007040004,0.021693173795938492,0,128.0,192.0
1.2.643.5.1.13.13.12.2.77.8252.10001500010311100907131007040004,0.019160229712724686,0,176.0,192.0
1.2.643.5.1.13.13.12.2.77.8252.10001500010311100907131007040004,0.2141181379556656,0,208.0,144.0
1.2.643.5.1.13.13.12.2.77.8252.10001500010311100907131007040004,0.1310061812400818,0,96.0,192.0
1.2.643.5.1.13.13.12.2.77.8252.09040703010601060814101313081104,0.34812358021736145,0,249.0,81.0
1.2.643.5.1.13.13.12.2.77.8252.09040703010601060814101313081104,0.3343191146850586,0,81.0,65.0
1.2.643.5.1.13.13.12.2.77.8252.09040703010601060814101313081104,0.11280249059200287,0,96.0,144.0
1.2.643.5.1.13.13.12.2.77.8252.09040703010601060814101313081104,0.18566355109214783,0,252.0,240.0
1.2.643.5.1.13.13.12.2.77.8252.09040703010601060814101313081104,0.3022392988204956,0,252.0,144.0
1.2.643.5.1.13.13.12.2.77.8252.09040703010601060814101313081104,0.17413760721683502,0,208.0,64.0
1.2.643.5.1.13.13.12.2.77.8252.09040703010601060814101313081104,0.10625826567411423,0,96.0,128.0
1.2.643.5.1.13.13.12.2.77.8252.09040703010601060814101313081104,0.3132607638835907,0,240.0,48.0
1.2.643.5.1.13.13.12.2.77.8252.09040703010601060814101313081104,0.10387694835662842,0,224.0,224.0
1.2.643.5.1.13.13.12.2.77.8252.09040703010601060814101313081104,0.10098863393068314,0,112.0,243.0
1.2.643.5.1.13.13.12.2.77.8252.09040703010601060814101313081104,0.14678128063678741,0,80.0,176.0
1.2.643.5.1.13.13.12.2.77.8252.09040703010601060814101313081104,0.2061225324869156,0,240.0,240.0
1.2.643.5.1.13.13.12.2.77.8252.09040703010601060814101313081104,0.12235083431005478,0,48.0,192.0
1.2.643.5.1.13.13.12.2.77.8252.09040703010601060814101313081104,0.04110986739397049,0,176.0,224.0
1.2.643.5.1.13.13.12.2.77.8252.09040703010601060814101313081104,0.056089792400598526,0,176.0,208.0
1.2.643.5.1.13.13.12.2.77.8252.09040703010601060814101313081104,0.18359172344207764,0,128.0,160.0
1.2.643.5.1.13.13.12.2.77.8252.09040703010601060814101313081104,0.17277520895004272,0,96.0,80.0
1.2.643.5.1.13.13.12.2.77.8252.09040703010601060814101313081104,0.2083875685930252,0,240.0,243.0
1.2.643.5.1.13.13.12.2.77.8252.09040703010601060814101313081104,0.1426590234041214,0,80.0,208.0
1.2.643.5.1.13.13.12.2.77.8252.09040703010601060814101313081104,0.13223737478256226,0,48.0,224.0
1.2.643.5.1.13.13.12.2.77.8252.09040703010601060814101313081104,0.11745825409889221,0,112.0,112.0
1.2.643.5.1.13.13.12.2.77.8252.09040703010601060814101313081104,0.18687444925308228,0,64.0,128.0
1.2.643.5.1.13.13.12.2.77.8252.09040703010601060814101313081104,0.20885325968265533,0,224.0,176.0
1.2.643.5.1.13.13.12.2.77.8252.09040703010601060814101313081104,0.0972854420542717,0,112.0,96.0
1.2.643.5.1.13.13.12.2.77.8252.09040703010601060814101313081104,0.19834549725055695,0,96.0,64.0
1.2.643.5.1.13.13.12.2.77.8252.09040703010601060814101313081104,0.08892164379358292,0,176.0,243.0
1.2.643.5.1.13.13.12.2.77.8252.09040703010601060814101313081104,0.10184810310602188,0,96.0,160.0
1.2.643.5.1.13.13.12.2.77.8252.09040703010601060814101313081104,0.10854987800121307,0,144.0,96.0
1.2.643.5.1.13.13.12.2.77.8252.09040703010601060814101313081104,0.06859420984983444,0,160.0,64.0
1.2.643.5.1.13.13.12.2.77.8252.09040703010601060814101313081104,0.11710157990455627,0,192.0,240.0
1.2.643.5.1.13.13.12.2.77.8252.09040703010601060814101313081104,0.23106428980827332,0,224.0,80.0
1.2.643.5.1.13.13.12.2.77.8252.09040703010601060814101313081104,0.12763182818889618,0,48.0,160.0
1.2.643.5.1.13.13.12.2.77.8252.09040703010601060814101313081104,0.1356615424156189,0,176.0,96.0
1.2.643.5.1.13.13.12.2.77.8252.09040703010601060814101313081104,0.5511054396629333,0,64.0,64.0
1.2.643.5.1.13.13.12.2.77.8252.09040703010601060814101313081104,0.23925121128559113,0,80.0,80.0
1.2.643.5.1.13.13.12.2.77.8252.09040703010601060814101313081104,0.15176662802696228,0,240.0,224.0
1.2.643.5.1.13.13.12.2.77.8252.09040703010601060814101313081104,0.06450751423835754,0,112.0,128.0
1.2.643.5.1.13.13.12.2.77.8252.09040703010601060814101313081104,0.10104048997163773,0,208.0,224.0
1.2.643.5.1.13.13.12.2.77.8252.09040703010601060814101313081104,0.07272882759571075,0,144.0,64.0
1.2.643.5.1.13.13.12.2.77.8252.09040703010601060814101313081104,0.13158531486988068,0,208.0,192.0
1.2.643.5.1.13.13.12.2.77.8252.09040703010601060814101313081104,0.20026175677776337,0,224.0,96.0
1.2.643.5.1.13.13.12.2.77.8252.09040703010601060814101313081104,0.19940386712551117,0,144.0,128.0
1.2.643.5.1.13.13.12.2.77.8252.09030712140506070904071003000708,0.2674272060394287,0,112.0,68.5
1.2.643.5.1.13.13.12.2.77.8252.09030712140506070904071003000708,0.1887541562318802,0,164.0,73.5
1.2.643.5.1.13.13.12.2.77.8252.09030712140506070904071003000708,0.5042746067047119,0,124.5,183.5
1.2.643.5.1.13.13.12.2.77.8252.09030712140506070904071003000708,0.061941444873809814,0,64.0,48.0
1.2.643.5.1.13.13.12.2.77.8252.09030712140506070904071003000708,0.12340813875198364,0,80.0,48.0
1.2.643.5.1.13.13.12.2.77.8252.09030712140506070904071003000708,0.19399935007095337,0,96.0,48.0
1.2.643.5.1.13.13.12.2.77.8252.09030712140506070904071003000708,0.219400554895401,0,112.0,48.0
1.2.643.5.1.13.13.12.2.77.8252.09030712140506070904071003000708,0.19282232224941254,0,128.0,48.0
1.2.643.5.1.13.13.12.2.77.8252.09030712140506070904071003000708,0.27593928575515747,0,144.0,48.0
1.2.643.5.1.13.13.12.2.77.8252.09030712140506070904071003000708,0.20329619944095612,0,160.0,48.0
1.2.643.5.1.13.13.12.2.77.8252.09030712140506070904071003000708,0.19942256808280945,0,176.0,48.0
1.2.643.5.1.13.13.12.2.77.8252.09030712140506070904071003000708,0.1400439739227295,0,192.0,48.0
1.2.643.5.1.13.13.12.2.77.8252.09030712140506070904071003000708,0.20111152529716492,0,208.0,48.0
1.2.643.5.1.13.13.12.2.77.8252.09030712140506070904071003000708,0.06588263064622879,0,64.0,64.0
1.2.643.5.1.13.13.12.2.77.8252.09030712140506070904071003000708,0.1288471221923828,0,80.0,64.0
1.2.643.5.1.13.13.12.2.77.8252.09030712140506070904071003000708,0.21485069394111633,0,96.0,64.0
1.2.643.5.1.13.13.12.2.77.8252.09030712140506070904071003000708,0.26667320728302,0,112.0,64.0
1.2.643.5.1.13.13.12.2.77.8252.09030712140506070904071003000708,0.2556932866573334,0,128.0,64.0
1.2.643.5.1.13.13.12.2.77.8252.09030712140506070904071003000708,0.3191027343273163,0,144.0,64.0
1.2.643.5.1.13.13.12.2.77.8252.09030712140506070904071003000708,0.2601723074913025,0,160.0,64.0
1.2.643.5.1.13.13.12.2.77.8252.09030712140506070904071003000708,0.2700771689414978,0,176.0,64.0
1.2.643.5.1.13.13.12.2.77.8252.09030712140506070904071003000708,0.22455096244812012,0,192.0,64.0
1.2.643.5.1.13.13.12.2.77.8252.09030712140506070904071003000708,0.27068039774894714,0,208.0,64.0
1.2.643.5.1.13.13.12.2.77.8252.09030712140506070904071003000708,0.07081209123134613,0,64.0,80.0
1.2.643.5.1.13.13.12.2.77.8252.09030712140506070904071003000708,0.14863015711307526,0,80.0,80.0
1.2.643.5.1.13.13.12.2.77.8252.09030712140506070904071003000708,0.22182439267635345,0,96.0,80.0
1.2.643.5.1.13.13.12.2.77.8252.09030712140506070904071003000708,0.2392788678407669,0,112.0,80.0
1.2.643.5.1.13.13.12.2.77.8252.09030712140506070904071003000708,0.19573712348937988,0,128.0,80.0
1.2.643.5.1.13.13.12.2.77.8252.09030712140506070904071003000708,0.22213785350322723,0,144.0,80.0
1.2.643.5.1.13.13.12.2.77.8252.09030712140506070904071003000708,0.1971837729215622,0,160.0,80.0
1.2.643.5.1.13.13.12.2.77.8252.09030712140506070904071003000708,0.2090897262096405,0,176.0,80.0
1.2.643.5.1.13.13.12.2.77.8252.09030712140506070904071003000708,0.17856422066688538,0,192.0,80.0
1.2.643.5.1.13.13.12.2.77.8252.09030712140506070904071003000708,0.2493695169687271,0,208.0,80.0
1.2.643.5.1.13.13.12.2.77.8252.09030712140506070904071003000708,0.2057972252368927,0,80.0,96.0
1.2.643.5.1.13.13.12.2.77.8252.09030712140506070904071003000708,0.2538118064403534,0,96.0,96.0
1.2.643.5.1.13.13.12.2.77.8252.09030712140506070904071003000708,0.22972306609153748,0,112.0,96.0
1.2.643.5.1.13.13.12.2.77.8252.09030712140506070904071003000708,0.19229093194007874,0,128.0,96.0
1.2.643.5.1.13.13.12.2.77.8252.09030712140506070904071003000708,0.21687273681163788,0,144.0,96.0
1.2.643.5.1.13.13.12.2.77.8252.09030712140506070904071003000708,0.17325656116008759,0,160.0,96.0
1.2.643.5.1.13.13.12.2.77.8252.09030712140506070904071003000708,0.16311801970005035,0,176.0,96.0
1.2.643.5.1.13.13.12.2.77.8252.09030712140506070904071003000708,0.1503286361694336,0,192.0,96.0
1.2.643.5.1.13.13.12.2.77.8252.09030712140506070904071003000708,0.21260768175125122,0,208.0,96.0
1.2.643.5.1.13.13.12.2.77.8252.09030712140506070904071003000708,0.21035484969615936,0,80.0,112.0
1.2.643.5.1.13.13.12.2.77.8252.09030712140506070904071003000708,0.1970994770526886,0,96.0,112.0
1.2.643.5.1.13.13.12.2.77.8252.09030712140506070904071003000708,0.17553314566612244,0,112.0,112.0
1.2.643.5.1.13.13.12.2.77.8252.09030712140506070904071003000708,0.1580074280500412,0,128.0,112.0
1.2.643.5.1.13.13.12.2.77.8252.09030712140506070904071003000708,0.1591428965330124,0,144.0,112.0
1.2.643.5.1.13.13.12.2.77.8252.09030712140506070904071003000708,0.15999384224414825,0,160.0,112.0
1.2.643.5.1.13.13.12.2.77.8252.09030712140506070904071003000708,0.19779072701931,0,176.0,112.0
1.2.643.5.1.13.13.12.2.77.8252.09030712140506070904071003000708,0.23043033480644226,0,192.0,112.0
1.2.643.5.1.13.13.12.2.77.8252.09030712140506070904071003000708,0.4851997196674347,0,96.0,144.0
1.2.643.5.1.13.13.12.2.77.8252.09030712140506070904071003000708,0.37704232335090637,0,112.0,144.0
1.2.643.5.1.13.13.12.2.77.8252.09030712140506070904071003000708,0.29872938990592957,0,128.0,144.0
1.2.643.5.1.13.13.12.2.77.8252.09030712140506070904071003000708,0.2617388963699341,0,144.0,144.0
1.2.643.5.1.13.13.12.2.77.8252.09030712140506070904071003000708,0.3296439051628113,0,160.0,144.0
1.2.643.5.1.13.13.12.2.77.8252.09030712140506070904071003000708,0.3258759081363678,0,80.0,160.0
1.2.643.5.1.13.13.12.2.77.8252.09030712140506070904071003000708,0.6313914060592651,0,96.0,160.0
1.2.643.5.1.13.13.12.2.77.8252.09030712140506070904071003000708,0.5586423873901367,0,112.0,160.0
1.2.643.5.1.13.13.12.2.77.8252.09030712140506070904071003000708,0.48377299308776855,0,128.0,160.0
1.2.643.5.1.13.13.12.2.77.8252.09030712140506070904071003000708,0.455838680267334,0,144.0,160.0
1.2.643.5.1.13.13.12.2.77.8252.09030712140506070904071003000708,0.5309745073318481,0,160.0,160.0
1.2.643.5.1.13.13.12.2.77.8252.09030712140506070904071003000708,0.28832435607910156,0,80.0,176.0
1.2.643.5.1.13.13.12.2.77.8252.09030712140506070904071003000708,0.536350667476654,0,96.0,176.0
1.2.643.5.1.13.13.12.2.77.8252.09030712140506070904071003000708,0.4788525402545929,0,112.0,176.0
1.2.643.5.1.13.13.12.2.77.8252.09030712140506070904071003000708,0.4247595965862274,0,128.0,176.0
1.2.643.5.1.13.13.12.2.77.8252.09030712140506070904071003000708,0.4265206754207611,0,144.0,176.0
1.2.643.5.1.13.13.12.2.77.8252.09030712140506070904071003000708,0.48745402693748474,0,160.0,176.0
1.2.643.5.1.13.13.12.2.77.8252.09030712140506070904071003000708,0.2228981852531433,0,80.0,192.0
1.2.643.5.1.13.13.12.2.77.8252.09030712140506070904071003000708,0.47702756524086,0,96.0,192.0
1.2.643.5.1.13.13.12.2.77.8252.09030712140506070904071003000708,0.43406859040260315,0,112.0,192.0
1.2.643.5.1.13.13.12.2.77.8252.09030712140506070904071003000708,0.4047904908657074,0,128.0,192.0
1.2.643.5.1.13.13.12.2.77.8252.09030712140506070904071003000708,0.4184643626213074,0,144.0,192.0
1.2.643.5.1.13.13.12.2.77.8252.09030712140506070904071003000708,0.5105025172233582,0,160.0,192.0
1.2.643.5.1.13.13.12.2.77.8252.09030712140506070904071003000708,0.20834288001060486,0,80.0,208.0
1.2.643.5.1.13.13.12.2.77.8252.09030712140506070904071003000708,0.60914146900177,0,96.0,208.0
1.2.643.5.1.13.13.12.2.77.8252.09030712140506070904071003000708,0.570497989654541,0,112.0,208.0
1.2.643.5.1.13.13.12.2.77.8252.09030712140506070904071003000708,0.5716565251350403,0,128.0,208.0
1.2.643.5.1.13.13.12.2.77.8252.09030712140506070904071003000708,0.5941558480262756,0,144.0,208.0
1.2.643.5.1.13.13.12.2.77.8252.09030712140506070904071003000708,0.6538189053535461,0,160.0,208.0
1.2.643.5.1.13.13.12.2.77.8252.09030712140506070904071003000708,0.7471334934234619,0,96.0,224.0
1.2.643.5.1.13.13.12.2.77.8252.09030712140506070904071003000708,0.7121123671531677,0,112.0,224.0
1.2.643.5.1.13.13.12.2.77.8252.09030712140506070904071003000708,0.7220322489738464,0,128.0,224.0
1.2.643.5.1.13.13.12.2.77.8252.09030712140506070904071003000708,0.7098886370658875,0,144.0,224.0
1.2.643.5.1.13.13.12.2.77.8252.09030712140506070904071003000708,0.7818711400032043,0,160.0,224.0
1.2.643.5.1.13.13.12.2.77.8252.09030712140506070904071003000708,0.20355533063411713,0,252.0,160.0
1.2.643.5.1.13.13.12.2.77.8252.09030712140506070904071003000708,0.24372956156730652,0,224.0,176.0
1.2.643.5.1.13.13.12.2.77.8252.09030712140506070904071003000708,0.22541892528533936,0,240.0,176.0
1.2.643.5.1.13.13.12.2.77.8252.09030712140506070904071003000708,0.18126964569091797,0,252.0,176.0
1.2.643.5.1.13.13.12.2.77.8252.09030712140506070904071003000708,0.24077829718589783,0,224.0,192.0
1.2.643.5.1.13.13.12.2.77.8252.09030712140506070904071003000708,0.1963811218738556,0,240.0,192.0
1.2.643.5.1.13.13.12.2.77.8252.09030712140506070904071003000708,0.16787399351596832,0,252.0,192.0
1.2.643.5.1.13.13.12.2.77.8252.09030712140506070904071003000708,0.1958095282316208,0,224.0,208.0
1.2.643.5.1.13.13.12.2.77.8252.09030712140506070904071003000708,0.16758662462234497,0,240.0,208.0
1.2.643.5.1.13.13.12.2.77.8252.09030712140506070904071003000708,0.20895113050937653,0,252.0,208.0
1.2.643.5.1.13.13.12.2.77.8252.09030712140506070904071003000708,0.15645232796669006,0,224.0,224.0
1.2.643.5.1.13.13.12.2.77.8252.09030712140506070904071003000708,0.13573682308197021,0,240.0,224.0
1.2.643.5.1.13.13.12.2.77.8252.09030712140506070904071003000708,0.15437708795070648,0,252.0,224.0
1.2.643.5.1.13.13.12.2.77.8252.09030712140506070904071003000708,0.16550715267658234,0,224.0,240.0
1.2.643.5.1.13.13.12.2.77.8252.09030712140506070904071003000708,0.14647935330867767,0,240.0,240.0
1.2.643.5.1.13.13.12.2.77.8252.09030712140506070904071003000708,0.18549086153507233,0,252.0,240.0
1.2.643.5.1.13.13.12.2.77.8252.09030712140506070904071003000708,0.2445380538702011,0,224.0,256.0
1.2.643.5.1.13.13.12.2.77.8252.09030712140506070904071003000708,0.1754670888185501,0,240.0,256.0
1.2.643.5.1.13.13.12.2.77.8252.09030712140506070904071003000708,0.26623934507369995,0,252.0,256.0
1.2.643.5.1.13.13.12.2.77.8252.09030712140506070904071003000708,0.2168077677488327,0,224.0,272.0
1.2.643.5.1.13.13.12.2.77.8252.09030712140506070904071003000708,0.1936694234609604,0,240.0,272.0
1.2.643.5.1.13.13.12.2.77.8252.09030712140506070904071003000708,0.3147813081741333,0,252.0,272.0
1.2.643.5.1.13.13.12.2.77.8252.04131510070001011107040403071102,0.2129930555820465,0,192.0,48.0
1.2.643.5.1.13.13.12.2.77.8252.04131510070001011107040403071102,0.15776123106479645,0,64.0,208.0
1.2.643.5.1.13.13.12.2.77.8252.04131510070001011107040403071102,0.29949766397476196,0,240.0,80.0
1.2.643.5.1.13.13.12.2.77.8252.04131510070001011107040403071102,0.3225802481174469,0,80.0,64.0
1.2.643.5.1.13.13.12.2.77.8252.04131510070001011107040403071102,0.20489691197872162,0,224.0,176.0
1.2.643.5.1.13.13.12.2.77.8252.04131510070001011107040403071102,0.3665149509906769,0,80.0,96.0
1.2.643.5.1.13.13.12.2.77.8252.04131510070001011107040403071102,0.14347633719444275,0,192.0,112.0
1.2.643.5.1.13.13.12.2.77.8252.04131510070001011107040403071102,0.14912821352481842,0,176.0,96.0
1.2.643.5.1.13.13.12.2.77.8252.04131510070001011107040403071102,0.20261108875274658,0,176.0,208.0
1.2.643.5.1.13.13.12.2.77.8252.04131510070001011107040403071102,0.21356192231178284,0,48.0,80.0
1.2.643.5.1.13.13.12.2.77.8252.04131510070001011107040403071102,0.11830136924982071,0,176.0,80.0
1.2.643.5.1.13.13.12.2.77.8252.04131510070001011107040403071102,0.18825452029705048,0,128.0,48.0
1.2.643.5.1.13.13.12.2.77.8252.04131510070001011107040403071102,0.2754979133605957,0,224.0,96.0
1.2.643.5.1.13.13.12.2.77.8252.04131510070001011107040403071102,0.12098199874162674,0,80.0,176.0
1.2.643.5.1.13.13.12.2.77.8252.04131510070001011107040403071102,0.250941663980484,0,64.0,64.0
1.2.643.5.1.13.13.12.2.77.8252.04131510070001011107040403071102,0.3739693760871887,0,240.0,64.0
1.2.643.5.1.13.13.12.2.77.8252.04131510070001011107040403071102,0.49611493945121765,0,252.0,64.0
1.2.643.5.1.13.13.12.2.77.8252.04131510070001011107040403071102,0.22376132011413574,0,48.0,48.0
1.2.643.5.1.13.13.12.2.77.8252.04131510070001011107040403071102,0.1860911250114441,0,144.0,48.0
1.2.643.5.1.13.13.12.2.77.8252.04131510070001011107040403071102,0.12188144028186798,0,192.0,128.0
1.2.643.5.1.13.13.12.2.77.8252.04131510070001011107040403071102,0.10048504173755646,0,144.0,144.0
1.2.643.5.1.13.13.12.2.77.8252.04131510070001011107040403071102,0.19897279143333435,0,112.0,64.0
1.2.643.5.1.13.13.12.2.77.8252.04131510070001011107040403071102,0.11234334856271744,0,96.0,192.0
1.2.643.5.1.13.13.12.2.77.8252.04131510070001011107040403071102,0.1682835817337036,0,192.0,144.0
1.2.643.5.1.13.13.12.2.77.8252.04131510070001011107040403071102,0.1617397516965866,0,160.0,208.0
1.2.643.5.1.13.13.12.2.77.8252.04131510070001011107040403071102,0.1538877934217453,0,208.0,128.0
1.2.643.5.1.13.13.12.2.77.8252.04131510070001011107040403071102,0.16012679040431976,0,96.0,208.0
1.2.643.5.1.13.13.12.2.77.8252.04131510070001011107040403071102,0.22775226831436157,0,112.0,80.0
1.2.643.5.1.13.13.12.2.77.8252.04131510070001011107040403071102,0.38149476051330566,0,240.0,48.0
1.2.643.5.1.13.13.12.2.77.8252.04131510070001011107040403071102,0.2612837255001068,0,224.0,144.0
1.2.643.5.1.13.13.12.2.77.8252.04131510070001011107040403071102,0.1905292123556137,0,64.0,224.0
1.2.643.5.1.13.13.12.2.77.8252.04131510070001011107040403071102,0.09624827653169632,0,160.0,176.0
1.2.643.5.1.13.13.12.2.77.8252.04131510070001011107040403071102,0.15447741746902466,0,192.0,80.0
1.2.643.5.1.13.13.12.2.77.8252.04131510070001011107040403071102,0.18129681050777435,0,80.0,224.0
1.2.643.5.1.13.13.12.2.77.8252.04131510070001011107040403071102,0.1992729753255844,0,48.0,112.0
1.2.643.5.1.13.13.12.2.77.8252.04131510070001011107040403071102,0.14729611575603485,0,160.0,96.0
1.2.643.5.1.13.13.12.2.77.8252.04131510070001011107040403071102,0.3218705356121063,0,224.0,48.0
1.2.643.5.1.13.13.12.2.77.8252.04131510070001011107040403071102,0.10389447957277298,0,160.0,112.0
1.2.643.5.1.13.13.12.2.77.8252.04131510070001011107040403071102,0.26235243678092957,0,208.0,64.0
1.2.643.5.1.13.13.12.2.77.8252.04131510070001011107040403071102,0.2176779955625534,0,96.0,224.0
1.2.643.5.1.13.13.12.2.77.8252.11011413051206050400150606100110,0.7988492846488953,0,49.5,88.5
1.2.643.5.1.13.13.12.2.77.8252.11011413051206050400150606100110,0.8207868933677673,0,48.0,48.0
1.2.643.5.1.13.13.12.2.77.8252.11011413051206050400150606100110,0.7885788083076477,0,64.0,48.0
1.2.643.5.1.13.13.12.2.77.8252.11011413051206050400150606100110,0.8649986982345581,0,80.0,48.0
1.2.643.5.1.13.13.12.2.77.8252.11011413051206050400150606100110,0.9038006663322449,0,48.0,64.0
1.2.643.5.1.13.13.12.2.77.8252.11011413051206050400150606100110,0.8825383186340332,0,64.0,64.0
1.2.643.5.1.13.13.12.2.77.8252.11011413051206050400150606100110,0.9047847986221313,0,80.0,64.0
1.2.643.5.1.13.13.12.2.77.8252.11011413051206050400150606100110,0.7383435964584351,0,96.0,64.0
1.2.643.5.1.13.13.12.2.77.8252.11011413051206050400150606100110,0.7989467978477478,0,48.0,80.0
1.2.643.5.1.13.13.12.2.77.8252.11011413051206050400150606100110,0.7474870681762695,0,64.0,80.0
1.2.643.5.1.13.13.12.2.77.8252.11011413051206050400150606100110,0.8004720211029053,0,80.0,80.0
1.2.643.5.1.13.13.12.2.77.8252.11011413051206050400150606100110,0.5100389122962952,0,96.0,80.0
1.2.643.5.1.13.13.12.2.77.8252.11011413051206050400150606100110,0.719404935836792,0,48.0,96.0
1.2.643.5.1.13.13.12.2.77.8252.11011413051206050400150606100110,0.6561815738677979,0,64.0,96.0
1.2.643.5.1.13.13.12.2.77.8252.11011413051206050400150606100110,0.6648724675178528,0,80.0,96.0
1.2.643.5.1.13.13.12.2.77.8252.11011413051206050400150606100110,0.34961968660354614,0,96.0,96.0
1.2.643.5.1.13.13.12.2.77.8252.11011413051206050400150606100110,0.6717491149902344,0,48.0,112.0
1.2.643.5.1.13.13.12.2.77.8252.11011413051206050400150606100110,0.6701266765594482,0,64.0,112.0
1.2.643.5.1.13.13.12.2.77.8252.11011413051206050400150606100110,0.7584908604621887,0,80.0,112.0
1.2.643.5.1.13.13.12.2.77.8252.11011413051206050400150606100110,0.4167441427707672,0,96.0,112.0
1.2.643.5.1.13.13.12.2.77.8252.11011413051206050400150606100110,0.36726832389831543,0,48.0,128.0
1.2.643.5.1.13.13.12.2.77.8252.11011413051206050400150606100110,0.41449397802352905,0,64.0,128.0
1.2.643.5.1.13.13.12.2.77.8252.11011413051206050400150606100110,0.559533417224884,0,80.0,128.0
1.2.643.5.1.13.13.12.2.77.8252.11011413051206050400150606100110,0.8364690542221069,0,176.0,64.0
1.2.643.5.1.13.13.12.2.77.8252.11011413051206050400150606100110,0.11176680028438568,0,240.0,64.0
1.2.643.5.1.13.13.12.2.77.8252.11011413051206050400150606100110,0.3353774845600128,0,208.0,80.0
1.2.643.5.1.13.13.12.2.77.8252.11011413051206050400150606100110,0.5317147374153137,0,252.0,267.0
1.2.643.5.1.13.13.12.2.77.8252.11011413051206050400150606100110,0.4696439206600189,0,112.0,208.0
1.2.643.5.1.13.13.12.2.77.8252.11011413051206050400150606100110,0.9919509887695312,0,160.0,176.0
1.2.643.5.1.13.13.12.2.77.8252.11011413051206050400150606100110,0.38001716136932373,0,224.0,240.0
1.2.643.5.1.13.13.12.2.77.8252.11011413051206050400150606100110,0.1100924164056778,0,252.0,240.0
1.2.643.5.1.13.13.12.2.77.8252.11011413051206050400150606100110,0.8579280972480774,0,208.0,208.0
1.2.643.5.1.13.13.12.2.77.8252.11011413051206050400150606100110,0.10998401045799255,0,252.0,160.0
1.2.643.5.1.13.13.12.2.77.8252.11011413051206050400150606100110,0.4114823043346405,0,192.0,96.0
1.2.643.5.1.13.13.12.2.77.8252.11011413051206050400150606100110,0.117434062063694,0,240.0,96.0
1.2.643.5.1.13.13.12.2.77.8252.11011413051206050400150606100110,0.9798708558082581,0,176.0,224.0
1.2.643.5.1.13.13.12.2.77.8252.11011413051206050400150606100110,0.21871031820774078,0,224.0,224.0
1.2.643.5.1.13.13.12.2.77.8252.11011413051206050400150606100110,0.11348308622837067,0,224.0,144.0
1.2.643.5.1.13.13.12.2.77.8252.11011413051206050400150606100110,0.8721351027488708,0,160.0,80.0
1.2.643.5.1.13.13.12.2.77.8252.11011413051206050400150606100110,0.9907297492027283,0,160.0,224.0
1.2.643.5.1.13.13.12.2.77.8252.11011413051206050400150606100110,0.9706065654754639,0,192.0,176.0
1.2.643.5.1.13.13.12.2.77.8252.11011413051206050400150606100110,0.9588165283203125,0,128.0,176.0
1.2.643.5.1.13.13.12.2.77.8252.11011413051206050400150606100110,0.9972472786903381,0,160.0,192.0
1.2.643.5.1.13.13.12.2.77.8252.11011413051206050400150606100110,0.11047855019569397,0,240.0,208.0
1.2.643.5.1.13.13.12.2.77.8252.11011413051206050400150606100110,0.14755576848983765,0,224.0,128.0
1.2.643.5.1.13.13.12.2.77.8252.11011413051206050400150606100110,0.11613251268863678,0,240.0,144.0
1.2.643.5.1.13.13.12.2.77.8252.11011413051206050400150606100110,0.10998401045799255,0,48.0,208.0
1.2.643.5.1.13.13.12.2.77.8252.11011413051206050400150606100110,0.1344306915998459,0,64.0,240.0
1.2.643.5.1.13.13.12.2.77.8252.11011413051206050400150606100110,0.9988439083099365,0,160.0,240.0
1.2.643.5.1.13.13.12.2.77.8252.11011413051206050400150606100110,0.11920663714408875,0,224.0,112.0
1.2.643.5.1.13.13.12.2.77.8252.11011413051206050400150606100110,0.10998401045799255,0,252.0,192.0
1.2.643.5.1.13.13.12.2.77.8252.11011413051206050400150606100110,0.9899513125419617,0,144.0,224.0
1.2.643.5.1.13.13.12.2.77.8252.11011413051206050400150606100110,0.8476892113685608,0,96.0,267.0
1.2.643.5.1.13.13.12.2.77.8252.11011413051206050400150606100110,0.9963433146476746,0,192.0,240.0
1.2.643.5.1.13.13.12.2.77.8252.11011413051206050400150606100110,0.7204385995864868,0,160.0,128.0
1.2.643.5.1.13.13.12.2.77.8252.11011413051206050400150606100110,0.9617488384246826,0,176.0,176.0
1.2.643.5.1.13.13.12.2.77.8252.11011413051206050400150606100110,0.11595875769853592,0,240.0,160.0
1.2.643.5.1.13.13.12.2.77.8252.11011413051206050400150606100110,0.12323122471570969,0,240.0,240.0
1.2.643.5.1.13.13.12.2.77.8252.11011413051206050400150606100110,0.25670626759529114,0,240.0,256.0
1.2.643.5.1.13.13.12.2.77.8252.11011413051206050400150606100110,0.10998401045799255,0,48.0,224.0
1.2.643.5.1.13.13.12.2.77.8252.11011413051206050400150606100110,0.3577446937561035,0,208.0,48.0
1.2.643.5.1.13.13.12.2.77.8252.11011413051206050400150606100110,0.8795540928840637,0,208.0,267.0
1.2.643.5.1.13.13.12.2.77.8252.11011413051206050400150606100110,0.3394891321659088,0,176.0,144.0
1.2.643.5.1.13.13.12.2.77.8252.07120905081404061009060805020905,0.1522289514541626,0,252.0,112.0
1.2.643.5.1.13.13.12.2.77.8252.07120905081404061009060805020905,0.4042883515357971,0,48.0,64.0
1.2.643.5.1.13.13.12.2.77.8252.07120905081404061009060805020905,0.14012980461120605,0,80.0,144.0
1.2.643.5.1.13.13.12.2.77.8252.07120905081404061009060805020905,0.27991944551467896,0,208.0,270.0
1.2.643.5.1.13.13.12.2.77.8252.07120905081404061009060805020905,0.17127487063407898,0,192.0,270.0
1.2.643.5.1.13.13.12.2.77.8252.07120905081404061009060805020905,0.15335465967655182,0,192.0,160.0
1.2.643.5.1.13.13.12.2.77.8252.07120905081404061009060805020905,0.15725797414779663,0,160.0,240.0
1.2.643.5.1.13.13.12.2.77.8252.07120905081404061009060805020905,0.11492536962032318,0,112.0,224.0
1.2.643.5.1.13.13.12.2.77.8252.07120905081404061009060805020905,0.19506840407848358,0,208.0,192.0
1.2.643.5.1.13.13.12.2.77.8252.07120905081404061009060805020905,0.15014570951461792,0,96.0,96.0
1.2.643.5.1.13.13.12.2.77.8252.07120905081404061009060805020905,0.03975338116288185,0,128.0,176.0
1.2.643.5.1.13.13.12.2.77.8252.07120905081404061009060805020905,0.09107565134763718,0,192.0,64.0
1.2.643.5.1.13.13.12.2.77.8252.07120905081404061009060805020905,0.0682041123509407,0,192.0,80.0
1.2.643.5.1.13.13.12.2.77.8252.07120905081404061009060805020905,0.07526490837335587,0,208.0,128.0
1.2.643.5.1.13.13.12.2.77.8252.07120905081404061009060805020905,0.12969079613685608,0,192.0,192.0
1.2.643.5.1.13.13.12.2.77.8252.07120905081404061009060805020905,0.10929197072982788,0,192.0,240.0
1.2.643.5.1.13.13.12.2.77.8252.07120905081404061009060805020905,0.14933912456035614,0,96.0,64.0
1.2.643.5.1.13.13.12.2.77.8252.07120905081404061009060805020905,0.1485978215932846,0,48.0,192.0
1.2.643.5.1.13.13.12.2.77.8252.07120905081404061009060805020905,0.1328641176223755,0,64.0,160.0
1.2.643.5.1.13.13.12.2.77.8252.07120905081404061009060805020905,0.11976111680269241,0,112.0,192.0
1.2.643.5.1.13.13.12.2.77.8252.07120905081404061009060805020905,0.13218291103839874,0,252.0,176.0
1.2.643.5.1.13.13.12.2.77.8252.07120905081404061009060805020905,0.06014290452003479,0,128.0,160.0
1.2.643.5.1.13.13.12.2.77.8252.07120905081404061009060805020905,0.07453851401805878,0,176.0,80.0
1.2.643.5.1.13.13.12.2.77.8252.07120905081404061009060805020905,0.08866924792528152,0,176.0,144.0
1.2.643.5.1.13.13.12.2.77.8252.07120905081404061009060805020905,0.12637127935886383,0,128.0,270.0
1.2.643.5.1.13.13.12.2.77.8252.07120905081404061009060805020905,0.054007355123758316,0,160.0,144.0
1.2.643.5.1.13.13.12.2.77.8252.07120905081404061009060805020905,0.17961327731609344,0,176.0,176.0
1.2.643.5.1.13.13.12.2.77.8252.07120905081404061009060805020905,0.3604498505592346,0,224.0,192.0
1.2.643.5.1.13.13.12.2.77.8252.07120905081404061009060805020905,0.08132851868867874,0,112.0,64.0
1.2.643.5.1.13.13.12.2.77.8252.07120905081404061009060805020905,0.1411942094564438,0,208.0,80.0
1.2.643.5.1.13.13.12.2.77.8252.07120905081404061009060805020905,0.1271596997976303,0,144.0,208.0
1.2.643.5.1.13.13.12.2.77.8252.07120905081404061009060805020905,0.14922550320625305,0,176.0,96.0
1.2.643.5.1.13.13.12.2.77.8252.07120905081404061009060805020905,0.1640247106552124,0,252.0,256.0
1.2.643.5.1.13.13.12.2.77.8252.07120905081404061009060805020905,0.11282860487699509,0,176.0,112.0
1.2.643.5.1.13.13.12.2.77.8252.07120905081404061009060805020905,0.08627273887395859,0,80.0,224.0
1.2.643.5.1.13.13.12.2.77.8252.07120905081404061009060805020905,0.14319278299808502,0,252.0,160.0
1.2.643.5.1.13.13.12.2.77.8252.07120905081404061009060805020905,0.18572287261486053,0,96.0,240.0
1.2.643.5.1.13.13.12.2.77.8252.07120905081404061009060805020905,0.33401814103126526,0,224.0,224.0
1.2.643.5.1.13.13.12.2.77.8252.07120905081404061009060805020905,0.1730521321296692,0,80.0,80.0
1.2.643.5.1.13.13.12.2.77.8252.07120905081404061009060805020905,0.0494673065841198,0,144.0,144.0
1.2.643.5.1.13.13.12.2.77.8252.08131412000401011215150704040610,0.39744600653648376,0,45.0,59.0
1.2.643.5.1.13.13.12.2.77.8252.08131412000401011215150704040610,0.4257409870624542,0,48.0,48.0
1.2.643.5.1.13.13.12.2.77.8252.08131412000401011215150704040610,0.35250306129455566,0,64.0,48.0
1.2.643.5.1.13.13.12.2.77.8252.08131412000401011215150704040610,0.41948434710502625,0,80.0,48.0
1.2.643.5.1.13.13.12.2.77.8252.08131412000401011215150704040610,0.478961318731308,0,48.0,64.0
1.2.643.5.1.13.13.12.2.77.8252.08131412000401011215150704040610,0.4758225977420807,0,64.0,64.0
1.2.643.5.1.13.13.12.2.77.8252.08131412000401011215150704040610,0.5988090634346008,0,80.0,64.0
1.2.643.5.1.13.13.12.2.77.8252.08131412000401011215150704040610,0.6251819133758545,0,48.0,80.0
1.2.643.5.1.13.13.12.2.77.8252.08131412000401011215150704040610,0.7027901411056519,0,64.0,80.0
1.2.643.5.1.13.13.12.2.77.8252.08131412000401011215150704040610,0.7265162467956543,0,80.0,80.0
1.2.643.5.1.13.13.12.2.77.8252.08131412000401011215150704040610,0.39318013191223145,0,48.0,96.0
1.2.643.5.1.13.13.12.2.77.8252.08131412000401011215150704040610,0.4604763388633728,0,64.0,96.0
1.2.643.5.1.13.13.12.2.77.8252.08131412000401011215150704040610,0.3522189259529114,0,80.0,96.0
1.2.643.5.1.13.13.12.2.77.8252.08131412000401011215150704040610,0.2841263711452484,0,144.0,144.0
1.2.643.5.1.13.13.12.2.77.8252.08131412000401011215150704040610,0.14492614567279816,0,112.0,267.0
1.2.643.5.1.13.13.12.2.77.8252.08131412000401011215150704040610,0.38920649886131287,0,192.0,48.0
1.2.643.5.1.13.13.12.2.77.8252.08131412000401011215150704040610,0.09696847945451736,0,64.0,224.0
1.2.643.5.1.13.13.12.2.77.8252.08131412000401011215150704040610,0.13819831609725952,0,80.0,224.0
1.2.643.5.1.13.13.12.2.77.8252.08131412000401011215150704040610,0.33121031522750854,0,224.0,96.0
1.2.643.5.1.13.13.12.2.77.8252.08131412000401011215150704040610,0.10665015131235123,0,160.0,240.0
1.2.643.5.1.13.13.12.2.77.8252.08131412000401011215150704040610,0.09663452953100204,0,192.0,256.0
1.2.643.5.1.13.13.12.2.77.8252.08131412000401011215150704040610,0.15875224769115448,0,252.0,208.0
1.2.643.5.1.13.13.12.2.77.8252.08131412000401011215150704040610,0.3040790855884552,0,176.0,80.0
1.2.643.5.1.13.13.12.2.77.8252.08131412000401011215150704040610,0.2745683193206787,0,224.0,192.0
1.2.643.5.1.13.13.12.2.77.8252.08131412000401011215150704040610,0.3249175250530243,0,208.0,176.0
1.2.643.5.1.13.13.12.2.77.8252.08131412000401011215150704040610,0.20681487023830414,0,208.0,144.0
1.2.643.5.1.13.13.12.2.77.8252.08131412000401011215150704040610,0.3453788161277771,0,160.0,96.0
1.2.643.5.1.13.13.12.2.77.8252.08131412000401011215150704040610,0.24964424967765808,0,208.0,80.0
1.2.643.5.1.13.13.12.2.77.8252.08131412000401011215150704040610,0.1092807725071907,0,80.0,208.0
1.2.643.5.1.13.13.12.2.77.8252.08131412000401011215150704040610,0.23742346465587616,0,224.0,208.0
1.2.643.5.1.13.13.12.2.77.8252.08131412000401011215150704040610,0.21747726202011108,0,208.0,128.0
1.2.643.5.1.13.13.12.2.77.8252.08131412000401011215150704040610,0.08460379391908646,0,128.0,256.0
1.2.643.5.1.13.13.12.2.77.8252.08131412000401011215150704040610,0.18103721737861633,0,208.0,240.0
1.2.643.5.1.13.13.12.2.77.8252.08131412000401011215150704040610,0.24252937734127045,0,208.0,224.0
1.2.643.5.1.13.13.12.2.77.8252.08131412000401011215150704040610,0.26932650804519653,0,160.0,128.0
1.2.643.5.1.13.13.12.2.77.8252.08131412000401011215150704040610,0.3002193570137024,0,224.0,64.0
1.2.643.5.1.13.13.12.2.77.8252.08131412000401011215150704040610,0.42045411467552185,0,144.0,48.0
1.2.643.5.1.13.13.12.2.77.8252.08131412000401011215150704040610,0.19139717519283295,0,208.0,256.0
1.2.643.5.1.13.13.12.2.77.8252.08131412000401011215150704040610,0.2577022314071655,0,240.0,64.0
1.2.643.5.1.13.13.12.2.77.8252.08131412000401011215150704040610,0.13508808612823486,0,112.0,176.0
1.2.643.5.1.13.13.12.2.77.8252.08131412000401011215150704040610,0.10907968133687973,0,128.0,267.0
1.2.643.5.1.13.13.12.2.77.8252.08131412000401011215150704040610,0.16962483525276184,0,224.0,267.0
1.2.643.5.1.13.13.12.2.77.8252.08131412000401011215150704040610,0.31814044713974,0,176.0,176.0
1.2.643.5.1.13.13.12.2.77.8252.08131412000401011215150704040610,0.3176293969154358,0,208.0,64.0
1.2.643.5.1.13.13.12.2.77.8252.08131412000401011215150704040610,0.07745806872844696,0,144.0,224.0
1.2.643.5.1.13.13.12.2.77.8252.08131412000401011215150704040610,0.052694521844387054,0,144.0,256.0
1.2.643.5.1.13.13.12.2.77.8252.08131412000401011215150704040610,0.3134753406047821,0,176.0,64.0
1.2.643.5.1.13.13.12.2.77.8252.08131412000401011215150704040610,0.22055207192897797,0,240.0,176.0
1.2.643.5.1.13.13.12.2.77.8252.08131412000401011215150704040610,0.21971367299556732,0,80.0,160.0
1.2.643.5.1.13.13.12.2.77.8252.08131412000401011215150704040610,0.44525179266929626,0,160.0,48.0
1.2.643.5.1.13.13.12.2.77.8252.08131412000401011215150704040610,0.23934806883335114,0,240.0,240.0
1.2.643.5.1.13.13.12.2.77.8252.08131412000401011215150704040610,0.049032680690288544,0,144.0,208.0
1.2.643.5.1.13.13.12.2.77.8252.08131412000401011215150704040610,0.2655429244041443,0,160.0,144.0
1.2.643.5.1.13.13.12.2.77.8252.05100110120015150515030506140402,0.2590344250202179,0,240.0,144.0
1.2.643.5.1.13.13.12.2.77.8252.05100110120015150515030506140402,0.21801581978797913,0,128.0,256.0
1.2.643.5.1.13.13.12.2.77.8252.05100110120015150515030506140402,0.03620261326432228,0,144.0,144.0
1.2.643.5.1.13.13.12.2.77.8252.05100110120015150515030506140402,0.16757366061210632,0,112.0,224.0
1.2.643.5.1.13.13.12.2.77.8252.05100110120015150515030506140402,0.11249620467424393,0,112.0,176.0
1.2.643.5.1.13.13.12.2.77.8252.05100110120015150515030506140402,0.28156912326812744,0,112.0,256.0
1.2.643.5.1.13.13.12.2.77.8252.05100110120015150515030506140402,0.42608845233917236,0,80.0,295.0
1.2.643.5.1.13.13.12.2.77.8252.05100110120015150515030506140402,0.18564669787883759,0,144.0,48.0
1.2.643.5.1.13.13.12.2.77.8252.05100110120015150515030506140402,0.3472006320953369,0,252.0,96.0
1.2.643.5.1.13.13.12.2.77.8252.05100110120015150515030506140402,0.26239120960235596,0,192.0,64.0
1.2.643.5.1.13.13.12.2.77.8252.05100110120015150515030506140402,0.30172550678253174,0,192.0,48.0
1.2.643.5.1.13.13.12.2.77.8252.05100110120015150515030506140402,0.18136082589626312,0,208.0,64.0
1.2.643.5.1.13.13.12.2.77.8252.05100110120015150515030506140402,0.040417324751615524,0,144.0,160.0
1.2.643.5.1.13.13.12.2.77.8252.05100110120015150515030506140402,0.23516662418842316,0,224.0,272.0
1.2.643.5.1.13.13.12.2.77.8252.05100110120015150515030506140402,0.32230010628700256,0,80.0,224.0
1.2.643.5.1.13.13.12.2.77.8252.05100110120015150515030506140402,0.1104985848069191,0,144.0,80.0
1.2.643.5.1.13.13.12.2.77.8252.05100110120015150515030506140402,0.24988745152950287,0,64.0,288.0
1.2.643.5.1.13.13.12.2.77.8252.05100110120015150515030506140402,0.17262931168079376,0,128.0,240.0
1.2.643.5.1.13.13.12.2.77.8252.05100110120015150515030506140402,0.24072429537773132,0,144.0,295.0
1.2.643.5.1.13.13.12.2.77.8252.05100110120015150515030506140402,0.06456611305475235,0,160.0,112.0
1.2.643.5.1.13.13.12.2.77.8252.05100110120015150515030506140402,0.3075605630874634,0,80.0,96.0
1.2.643.5.1.13.13.12.2.77.8252.05100110120015150515030506140402,0.1478293389081955,0,176.0,48.0
1.2.643.5.1.13.13.12.2.77.8252.05100110120015150515030506140402,0.17583881318569183,0,208.0,112.0
1.2.643.5.1.13.13.12.2.77.8252.05100110120015150515030506140402,0.25820162892341614,0,96.0,240.0
1.2.643.5.1.13.13.12.2.77.8252.05100110120015150515030506140402,0.39225533604621887,0,48.0,96.0
1.2.643.5.1.13.13.12.2.77.8252.05100110120015150515030506140402,0.1841651052236557,0,112.0,48.0
1.2.643.5.1.13.13.12.2.77.8252.05100110120015150515030506140402,0.16259706020355225,0,96.0,176.0
1.2.643.5.1.13.13.12.2.77.8252.05100110120015150515030506140402,0.2042950540781021,0,192.0,208.0
1.2.643.5.1.13.13.12.2.77.8252.05100110120015150515030506140402,0.18224285542964935,0,96.0,192.0
1.2.643.5.1.13.13.12.2.77.8252.05100110120015150515030506140402,0.19894614815711975,0,224.0,176.0
1.2.643.5.1.13.13.12.2.77.8252.05100110120015150515030506140402,0.36149096488952637,0,80.0,208.0
1.2.643.5.1.13.13.12.2.77.8252.05100110120015150515030506140402,0.07867133617401123,0,176.0,192.0
1.2.643.5.1.13.13.12.2.77.8252.05100110120015150515030506140402,0.38377901911735535,0,64.0,112.0
1.2.643.5.1.13.13.12.2.77.8252.05100110120015150515030506140402,0.2549440860748291,0,208.0,224.0
1.2.643.5.1.13.13.12.2.77.8252.05100110120015150515030506140402,0.1556789129972458,0,208.0,80.0
1.2.643.5.1.13.13.12.2.77.8252.05100110120015150515030506140402,0.3370712101459503,0,112.0,288.0
1.2.643.5.1.13.13.12.2.77.8252.05100110120015150515030506140402,0.06030862778425217,0,160.0,96.0
1.2.643.5.1.13.13.12.2.77.8252.05100110120015150515030506140402,0.24018925428390503,0,48.0,160.0
1.2.643.5.1.13.13.12.2.77.8252.05100110120015150515030506140402,0.3435260057449341,0,240.0,48.0
1.2.643.5.1.13.13.12.2.77.8252.05100110120015150515030506140402,0.20461203157901764,0,160.0,295.0
1.2.643.5.1.13.13.12.2.77.8252.13090607110001000310151006050113,0.4790654182434082,0,162.0,3.0
1.2.643.5.1.13.13.12.2.77.8252.13090607110001000310151006050113,0.4847016930580139,0,252.0,112.0
1.2.643.5.1.13.13.12.2.77.8252.13090607110001000310151006050113,0.16574671864509583,0,48.0,208.0
1.2.643.5.1.13.13.12.2.77.8252.13090607110001000310151006050113,0.1924409121274948,0,144.0,144.0
1.2.643.5.1.13.13.12.2.77.8252.13090607110001000310151006050113,0.30421003699302673,0,64.0,144.0
1.2.643.5.1.13.13.12.2.77.8252.13090607110001000310151006050113,0.7566414475440979,0,224.0,48.0
1.2.643.5.1.13.13.12.2.77.8252.13090607110001000310151006050113,0.590441107749939,0,192.0,208.0
1.2.643.5.1.13.13.12.2.77.8252.13090607110001000310151006050113,0.15449349582195282,0,252.0,208.0
1.2.643.5.1.13.13.12.2.77.8252.13090607110001000310151006050113,0.7228857278823853,0,252.0,48.0
1.2.643.5.1.13.13.12.2.77.8252.13090607110001000310151006050113,0.28199538588523865,0,48.0,144.0
1.2.643.5.1.13.13.12.2.77.8252.13090607110001000310151006050113,0.48098480701446533,0,112.0,192.0
1.2.643.5.1.13.13.12.2.77.8252.13090607110001000310151006050113,0.2409946471452713,0,80.0,176.0
1.2.643.5.1.13.13.12.2.77.8252.13090607110001000310151006050113,0.9569977521896362,0,144.0,256.0
1.2.643.5.1.13.13.12.2.77.8252.13090607110001000310151006050113,0.8240591883659363,0,176.0,256.0
1.2.643.5.1.13.13.12.2.77.8252.13090607110001000310151006050113,0.20761331915855408,0,112.0,112.0
1.2.643.5.1.13.13.12.2.77.8252.13090607110001000310151006050113,0.42516350746154785,0,80.0,96.0
1.2.643.5.1.13.13.12.2.77.8252.13090607110001000310151006050113,0.2562209665775299,0,208.0,160.0
1.2.643.5.1.13.13.12.2.77.8252.13090607110001000310151006050113,0.3593463897705078,0,112.0,160.0
1.2.643.5.1.13.13.12.2.77.8252.13090607110001000310151006050113,0.16974672675132751,0,208.0,128.0
1.2.643.5.1.13.13.12.2.77.8252.13090607110001000310151006050113,0.10209131240844727,0,176.0,112.0
1.2.643.5.1.13.13.12.2.77.8252.13090607110001000310151006050113,0.6936925053596497,0,80.0,267.0
1.2.643.5.1.13.13.12.2.77.8252.13090607110001000310151006050113,0.4706726372241974,0,240.0,80.0
1.2.643.5.1.13.13.12.2.77.8252.13090607110001000310151006050113,0.19163928925991058,0,208.0,112.0
1.2.643.5.1.13.13.12.2.77.8252.13090607110001000310151006050113,0.14530600607395172,0,252.0,256.0
1.2.643.5.1.13.13.12.2.77.8252.13090607110001000310151006050113,0.39264488220214844,0,96.0,192.0
1.2.643.5.1.13.13.12.2.77.8252.13090607110001000310151006050113,0.5045655965805054,0,240.0,112.0
1.2.643.5.1.13.13.12.2.77.8252.13090607110001000310151006050113,0.2133125513792038,0,48.0,256.0
1.2.643.5.1.13.13.12.2.77.8252.13090607110001000310151006050113,0.30347344279289246,0,224.0,160.0
1.2.643.5.1.13.13.12.2.77.8252.13090607110001000310151006050113,0.8242985606193542,0,128.0,208.0
1.2.643.5.1.13.13.12.2.77.8252.13090607110001000310151006050113,0.08678305149078369,0,176.0,80.0
1.2.643.5.1.13.13.12.2.77.8252.13090607110001000310151006050113,0.3067902624607086,0,128.0,160.0
1.2.643.5.1.13.13.12.2.77.8252.13090607110001000310151006050113,0.4005560874938965,0,224.0,80.0
1.2.643.5.1.13.13.12.2.77.8252.13090607110001000310151006050113,0.22027665376663208,0,240.0,192.0
1.2.643.5.1.13.13.12.2.77.8252.13090607110001000310151006050113,0.09848654270172119,0,160.0,128.0
1.2.643.5.1.13.13.12.2.77.8252.13090607110001000310151006050113,0.20818288624286652,0,208.0,96.0
1.2.643.5.1.13.13.12.2.77.8252.13090607110001000310151006050113,0.1295473873615265,0,192.0,96.0
1.2.643.5.1.13.13.12.2.77.8252.13090607110001000310151006050113,0.6253156065940857,0,64.0,48.0
1.2.643.5.1.13.13.12.2.77.8252.13090607110001000310151006050113,0.20118750631809235,0,64.0,224.0
1.2.643.5.1.13.13.12.2.77.8252.13090607110001000310151006050113,0.22776542603969574,0,176.0,144.0
1.2.643.5.1.13.13.12.2.77.8252.13090607110001000310151006050113,0.1711779087781906,0,160.0,64.0
1.2.643.5.1.13.13.12.2.77.8252.13090607110001000310151006050113,0.40779319405555725,0,80.0,112.0
1.2.643.5.1.13.13.12.2.77.8252.03150209000513130305020013101408,0.13440629839897156,0,252.0,240.0
1.2.643.5.1.13.13.12.2.77.8252.03150209000513130305020013101408,0.15356552600860596,0,240.0,224.0
1.2.643.5.1.13.13.12.2.77.8252.03150209000513130305020013101408,0.13079702854156494,0,224.0,144.0
1.2.643.5.1.13.13.12.2.77.8252.03150209000513130305020013101408,0.02377188764512539,0,176.0,144.0
1.2.643.5.1.13.13.12.2.77.8252.03150209000513130305020013101408,0.3103805482387543,0,80.0,64.0
1.2.643.5.1.13.13.12.2.77.8252.03150209000513130305020013101408,0.49508726596832275,0,144.0,272.0
1.2.643.5.1.13.13.12.2.77.8252.03150209000513130305020013101408,0.11929699778556824,0,64.0,64.0
1.2.643.5.1.13.13.12.2.77.8252.03150209000513130305020013101408,0.4136657118797302,0,96.0,272.0
1.2.643.5.1.13.13.12.2.77.8252.03150209000513130305020013101408,0.14633490145206451,0,64.0,274.0
1.2.643.5.1.13.13.12.2.77.8252.03150209000513130305020013101408,0.14758063852787018,0,128.0,64.0
1.2.643.5.1.13.13.12.2.77.8252.03150209000513130305020013101408,0.21636652946472168,0,96.0,112.0
1.2.643.5.1.13.13.12.2.77.8252.03150209000513130305020013101408,0.10923358798027039,0,112.0,144.0
1.2.643.5.1.13.13.12.2.77.8252.03150209000513130305020013101408,0.034632619470357895,0,192.0,224.0
1.2.643.5.1.13.13.12.2.77.8252.03150209000513130305020013101408,0.20631475746631622,0,80.0,160.0
1.2.643.5.1.13.13.12.2.77.8252.03150209000513130305020013101408,0.2163953185081482,0,64.0,128.0
1.2.643.5.1.13.13.12.2.77.8252.03150209000513130305020013101408,0.16089215874671936,0,208.0,96.0
1.2.643.5.1.13.13.12.2.77.8252.03150209000513130305020013101408,0.18212959170341492,0,48.0,208.0
1.2.643.5.1.13.13.12.2.77.8252.03150209000513130305020013101408,0.23673366010189056,0,192.0,274.0
1.2.643.5.1.13.13.12.2.77.8252.03150209000513130305020013101408,0.47299861907958984,0,144.0,274.0
1.2.643.5.1.13.13.12.2.77.8252.03150209000513130305020013101408,0.01658749021589756,0,176.0,208.0
1.2.643.5.1.13.13.12.2.77.8252.03150209000513130305020013101408,0.21537871658802032,0,96.0,96.0
1.2.643.5.1.13.13.12.2.77.8252.03150209000513130305020013101408,0.19641616940498352,0,224.0,96.0
1.2.643.5.1.13.13.12.2.77.8252.03150209000513130305020013101408,0.038094356656074524,0,176.0,128.0
1.2.643.5.1.13.13.12.2.77.8252.03150209000513130305020013101408,0.2896793484687805,0,160.0,64.0
1.2.643.5.1.13.13.12.2.77.8252.03150209000513130305020013101408,0.18464583158493042,0,80.0,176.0
1.2.643.5.1.13.13.12.2.77.8252.03150209000513130305020013101408,0.3499777615070343,0,80.0,256.0
1.2.643.5.1.13.13.12.2.77.8252.03150209000513130305020013101408,0.10965017974376678,0,192.0,96.0
1.2.643.5.1.13.13.12.2.77.8252.03150209000513130305020013101408,0.4045465290546417,0,80.0,144.0
1.2.643.5.1.13.13.12.2.77.8252.03150209000513130305020013101408,0.13693973422050476,0,240.0,160.0
1.2.643.5.1.13.13.12.2.77.8252.03150209000513130305020013101408,0.4425206780433655,0,80.0,112.0
1.2.643.5.1.13.13.12.2.77.8252.03150209000513130305020013101408,0.22054199874401093,0,48.0,192.0
1.2.643.5.1.13.13.12.2.77.8252.03150209000513130305020013101408,0.08192512392997742,0,192.0,112.0
1.2.643.5.1.13.13.12.2.77.8252.03150209000513130305020013101408,0.20640040934085846,0,96.0,144.0
1.2.643.5.1.13.13.12.2.77.8252.03150209000513130305020013101408,0.055661968886852264,0,208.0,208.0
1.2.643.5.1.13.13.12.2.77.8252.03150209000513130305020013101408,0.01099552121013403,0,144.0,160.0
1.2.643.5.1.13.13.12.2.77.8252.03150209000513130305020013101408,0.1105840653181076,0,128.0,128.0
1.2.643.5.1.13.13.12.2.77.8252.03150209000513130305020013101408,0.1409253627061844,0,80.0,224.0
1.2.643.5.1.13.13.12.2.77.8252.03150209000513130305020013101408,0.23965254426002502,0,252.0,48.0
1.2.643.5.1.13.13.12.2.77.8252.03150209000513130305020013101408,0.048527397215366364,0,176.0,112.0
1.2.643.5.1.13.13.12.2.77.8252.03150209000513130305020013101408,0.021863050758838654,0,128.0,208.0
1.2.643.5.1.13.13.12.2.77.8252.05001409080504151204111500000514,0.14841347932815552,0,192.0,96.0
1.2.643.5.1.13.13.12.2.77.8252.05001409080504151204111500000514,0.09895360469818115,0,224.0,243.0
1.2.643.5.1.13.13.12.2.77.8252.05001409080504151204111500000514,0.061694007366895676,0,96.0,192.0
1.2.643.5.1.13.13.12.2.77.8252.05001409080504151204111500000514,0.3147498369216919,0,252.0,64.0
1.2.643.5.1.13.13.12.2.77.8252.05001409080504151204111500000514,0.032349951565265656,0,128.0,208.0
1.2.643.5.1.13.13.12.2.77.8252.05001409080504151204111500000514,0.035545263439416885,0,160.0,224.0
1.2.643.5.1.13.13.12.2.77.8252.05001409080504151204111500000514,0.1506914347410202,0,192.0,128.0
1.2.643.5.1.13.13.12.2.77.8252.05001409080504151204111500000514,0.030343972146511078,0,128.0,128.0
1.2.643.5.1.13.13.12.2.77.8252.05001409080504151204111500000514,0.20243583619594574,0,48.0,128.0
1.2.643.5.1.13.13.12.2.77.8252.05001409080504151204111500000514,0.3328076899051666,0,64.0,48.0
1.2.643.5.1.13.13.12.2.77.8252.05001409080504151204111500000514,0.2143176794052124,0,208.0,112.0
1.2.643.5.1.13.13.12.2.77.8252.05001409080504151204111500000514,0.11192989349365234,0,64.0,112.0
1.2.643.5.1.13.13.12.2.77.8252.05001409080504151204111500000514,0.5849727988243103,0,48.0,48.0
1.2.643.5.1.13.13.12.2.77.8252.05001409080504151204111500000514,0.14241839945316315,0,192.0,243.0
1.2.643.5.1.13.13.12.2.77.8252.05001409080504151204111500000514,0.0809999629855156,0,192.0,224.0
1.2.643.5.1.13.13.12.2.77.8252.05001409080504151204111500000514,0.09675797820091248,0,80.0,80.0
1.2.643.5.1.13.13.12.2.77.8252.05001409080504151204111500000514,0.12784311175346375,0,192.0,160.0
1.2.643.5.1.13.13.12.2.77.8252.05001409080504151204111500000514,0.15876521170139313,0,64.0,80.0
1.2.643.5.1.13.13.12.2.77.8252.05001409080504151204111500000514,0.2315908521413803,0,252.0,112.0
1.2.643.5.1.13.13.12.2.77.8252.05001409080504151204111500000514,0.09657134115695953,0,192.0,176.0
1.2.643.5.1.13.13.12.2.77.8252.05001409080504151204111500000514,0.06252670288085938,0,144.0,48.0
1.2.643.5.1.13.13.12.2.77.8252.05001409080504151204111500000514,0.12150683254003525,0,80.0,160.0
1.2.643.5.1.13.13.12.2.77.8252.05001409080504151204111500000514,0.316597044467926,0,208.0,64.0
1.2.643.5.1.13.13.12.2.77.8252.05001409080504151204111500000514,0.15831519663333893,0,112.0,240.0
1.2.643.5.1.13.13.12.2.77.8252.05001409080504151204111500000514,0.042929891496896744,0,128.0,224.0
1.2.643.5.1.13.13.12.2.77.8252.05001409080504151204111500000514,0.12013232707977295,0,252.0,192.0
1.2.643.5.1.13.13.12.2.77.8252.05001409080504151204111500000514,0.06149008870124817,0,160.0,64.0
1.2.643.5.1.13.13.12.2.77.8252.05001409080504151204111500000514,0.03763281926512718,0,144.0,176.0
1.2.643.5.1.13.13.12.2.77.8252.05001409080504151204111500000514,0.10682741552591324,0,160.0,240.0
1.2.643.5.1.13.13.12.2.77.8252.05001409080504151204111500000514,0.15406472980976105,0,80.0,48.0
1.2.643.5.1.13.13.12.2.77.8252.05001409080504151204111500000514,0.4277381896972656,0,224.0,96.0
1.2.643.5.1.13.13.12.2.77.8252.05001409080504151204111500000514,0.22194285690784454,0,64.0,243.0
1.2.643.5.1.13.13.12.2.77.8252.05001409080504151204111500000514,0.03479393944144249,0,144.0,224.0
1.2.643.5.1.13.13.12.2.77.8252.05001409080504151204111500000514,0.06351189315319061,0,96.0,96.0
1.2.643.5.1.13.13.12.2.77.8252.05001409080504151204111500000514,0.02118942327797413,0,128.0,144.0
1.2.643.5.1.13.13.12.2.77.8252.05001409080504151204111500000514,0.19185134768486023,0,240.0,144.0
1.2.643.5.1.13.13.12.2.77.8252.05001409080504151204111500000514,0.17537009716033936,0,252.0,144.0
1.2.643.5.1.13.13.12.2.77.8252.05001409080504151204111500000514,0.032750390470027924,0,112.0,160.0
1.2.643.5.1.13.13.12.2.77.8252.05001409080504151204111500000514,0.1504388004541397,0,80.0,176.0
1.2.643.5.1.13.13.12.2.77.8252.05001409080504151204111500000514,0.30460265278816223,0,224.0,128.0
1.2.643.5.1.13.13.12.2.77.8252.02030508140000071310150302011113,0.3125108778476715,0,54.0,56.5
1.2.643.5.1.13.13.12.2.77.8252.02030508140000071310150302011113,0.32028132677078247,0,62.5,69.5
1.2.643.5.1.13.13.12.2.77.8252.02030508140000071310150302011113,0.4352595806121826,0,235.5,67.0
1.2.643.5.1.13.13.12.2.77.8252.02030508140000071310150302011113,0.48327699303627014,0,237.0,49.5
1.2.643.5.1.13.13.12.2.77.8252.02030508140000071310150302011113,0.3739994466304779,0,261.0,26.0
1.2.643.5.1.13.13.12.2.77.8252.02030508140000071310150302011113,0.37250131368637085,0,270.5,17.0
1.2.643.5.1.13.13.12.2.77.8252.02030508140000071310150302011113,0.265108585357666,0,46.5,25.5
1.2.643.5.1.13.13.12.2.77.8252.02030508140000071310150302011113,0.19908054172992706,0,35.5,16.0
1.2.643.5.1.13.13.12.2.77.8252.02030508140000071310150302011113,0.14774487912654877,0,208.0,224.0
1.2.643.5.1.13.13.12.2.77.8252.02030508140000071310150302011113,0.3726084232330322,0,64.0,269.0
1.2.643.5.1.13.13.12.2.77.8252.02030508140000071310150302011113,0.04518963024020195,0,160.0,160.0
1.2.643.5.1.13.13.12.2.77.8252.02030508140000071310150302011113,0.2065344899892807,0,96.0,48.0
1.2.643.5.1.13.13.12.2.77.8252.02030508140000071310150302011113,0.18612805008888245,0,96.0,192.0
1.2.643.5.1.13.13.12.2.77.8252.02030508140000071310150302011113,0.0955142006278038,0,144.0,208.0
1.2.643.5.1.13.13.12.2.77.8252.02030508140000071310150302011113,0.11135441809892654,0,128.0,240.0
1.2.643.5.1.13.13.12.2.77.8252.02030508140000071310150302011113,0.25158852338790894,0,224.0,192.0
1.2.643.5.1.13.13.12.2.77.8252.02030508140000071310150302011113,0.08363739401102066,0,96.0,269.0
1.2.643.5.1.13.13.12.2.77.8252.02030508140000071310150302011113,0.1840285360813141,0,112.0,64.0
1.2.643.5.1.13.13.12.2.77.8252.02030508140000071310150302011113,0.1470823436975479,0,48.0,176.0
1.2.643.5.1.13.13.12.2.77.8252.02030508140000071310150302011113,0.0471145436167717,0,176.0,192.0
1.2.643.5.1.13.13.12.2.77.8252.02030508140000071310150302011113,0.15842421352863312,0,144.0,48.0
1.2.643.5.1.13.13.12.2.77.8252.02030508140000071310150302011113,0.11329200863838196,0,176.0,224.0
1.2.643.5.1.13.13.12.2.77.8252.02030508140000071310150302011113,0.24918128550052643,0,176.0,48.0
1.2.643.5.1.13.13.12.2.77.8252.02030508140000071310150302011113,0.25625985860824585,0,64.0,48.0
1.2.643.5.1.13.13.12.2.77.8252.02030508140000071310150302011113,0.2793516516685486,0,48.0,48.0
1.2.643.5.1.13.13.12.2.77.8252.02030508140000071310150302011113,0.043594226241111755,0,144.0,160.0
1.2.643.5.1.13.13.12.2.77.8252.02030508140000071310150302011113,0.30081871151924133,0,64.0,256.0
1.2.643.5.1.13.13.12.2.77.8252.02030508140000071310150302011113,0.18933284282684326,0,160.0,48.0
1.2.643.5.1.13.13.12.2.77.8252.02030508140000071310150302011113,0.14852997660636902,0,192.0,269.0
1.2.643.5.1.13.13.12.2.77.8252.02030508140000071310150302011113,0.4667678475379944,0,252.0,64.0
1.2.643.5.1.13.13.12.2.77.8252.02030508140000071310150302011113,0.037392839789390564,0,144.0,112.0
1.2.643.5.1.13.13.12.2.77.8252.02030508140000071310150302011113,0.20732979476451874,0,240.0,256.0
1.2.643.5.1.13.13.12.2.77.8252.02030508140000071310150302011113,0.040211983025074005,0,160.0,112.0
1.2.643.5.1.13.13.12.2.77.8252.02030508140000071310150302011113,0.11210379004478455,0,192.0,224.0
1.2.643.5.1.13.13.12.2.77.8252.02030508140000071310150302011113,0.24711816012859344,0,80.0,269.0
1.2.643.5.1.13.13.12.2.77.8252.02030508140000071310150302011113,0.15529823303222656,0,112.0,80.0
1.2.643.5.1.13.13.12.2.77.8252.02030508140000071310150302011113,0.0844777524471283,0,144.0,80.0
1.2.643.5.1.13.13.12.2.77.8252.02030508140000071310150302011113,0.16887399554252625,0,192.0,96.0
1.2.643.5.1.13.13.12.2.77.8252.02030508140000071310150302011113,0.11388120800256729,0,128.0,269.0
1.2.643.5.1.13.13.12.2.77.8252.02030508140000071310150302011113,0.2553287148475647,0,224.0,112.0
1.2.643.5.1.13.13.12.2.77.8252.02030508140000071310150302011113,0.09354539960622787,0,128.0,96.0
1.2.643.5.1.13.13.12.2.77.8252.02030508140000071310150302011113,0.11942239105701447,0,160.0,224.0
1.2.643.5.1.13.13.12.2.77.8252.02030508140000071310150302011113,0.3970940113067627,0,252.0,96.0
1.2.643.5.1.13.13.12.2.77.8252.02030508140000071310150302011113,0.2620028853416443,0,48.0,112.0
1.2.643.5.1.13.13.12.2.77.8252.02030508140000071310150302011113,0.03959735482931137,0,144.0,128.0
1.2.643.5.1.13.13.12.2.77.8252.02030508140000071310150302011113,0.11346834897994995,0,176.0,269.0
1.2.643.5.1.13.13.12.2.77.8252.02030508140000071310150302011113,0.08477163314819336,0,192.0,240.0
1.2.643.5.1.13.13.12.2.77.8252.02030508140000071310150302011113,0.07500875741243362,0,128.0,192.0
1.2.643.5.1.13.13.12.2.77.8252.10151201011509101414030411060512,0.5479859113693237,0,280.5,55.5
1.2.643.5.1.13.13.12.2.77.8252.10151201011509101414030411060512,0.11199440062046051,0,31.0,61.0
1.2.643.5.1.13.13.12.2.77.8252.10151201011509101414030411060512,0.315060555934906,0,48.0,48.0
1.2.643.5.1.13.13.12.2.77.8252.10151201011509101414030411060512,0.26182621717453003,0,64.0,48.0
1.2.643.5.1.13.13.12.2.77.8252.10151201011509101414030411060512,0.26773306727409363,0,240.0,48.0
1.2.643.5.1.13.13.12.2.77.8252.10151201011509101414030411060512,0.35234585404396057,0,252.0,48.0
1.2.643.5.1.13.13.12.2.77.8252.10151201011509101414030411060512,0.13581106066703796,0,48.0,64.0
1.2.643.5.1.13.13.12.2.77.8252.10151201011509101414030411060512,0.09816265106201172,0,64.0,64.0
1.2.643.5.1.13.13.12.2.77.8252.10151201011509101414030411060512,0.29569360613822937,0,240.0,64.0
1.2.643.5.1.13.13.12.2.77.8252.10151201011509101414030411060512,0.3986806571483612,0,252.0,64.0
1.2.643.5.1.13.13.12.2.77.8252.10151201011509101414030411060512,0.1636526882648468,0,48.0,80.0
1.2.643.5.1.13.13.12.2.77.8252.10151201011509101414030411060512,0.11138193309307098,0,64.0,80.0
1.2.643.5.1.13.13.12.2.77.8252.10151201011509101414030411060512,0.30770814418792725,0,240.0,80.0
1.2.643.5.1.13.13.12.2.77.8252.10151201011509101414030411060512,0.4502905309200287,0,252.0,80.0
1.2.643.5.1.13.13.12.2.77.8252.10151201011509101414030411060512,0.218108132481575,0,48.0,96.0
1.2.643.5.1.13.13.12.2.77.8252.10151201011509101414030411060512,0.15701889991760254,0,64.0,96.0
1.2.643.5.1.13.13.12.2.77.8252.10151201011509101414030411060512,0.37035974860191345,0,240.0,96.0
1.2.643.5.1.13.13.12.2.77.8252.10151201011509101414030411060512,0.46463677287101746,0,252.0,96.0
1.2.643.5.1.13.13.12.2.77.8252.10151201011509101414030411060512,0.41749170422554016,0,176.0,208.0
1.2.643.5.1.13.13.12.2.77.8252.10151201011509101414030411060512,0.3294227123260498,0,96.0,270.0
1.2.643.5.1.13.13.12.2.77.8252.10151201011509101414030411060512,0.26612576842308044,0,192.0,160.0
1.2.643.5.1.13.13.12.2.77.8252.10151201011509101414030411060512,0.28735068440437317,0,252.0,224.0
1.2.643.5.1.13.13.12.2.77.8252.10151201011509101414030411060512,0.14816568791866302,0,128.0,112.0
1.2.643.5.1.13.13.12.2.77.8252.10151201011509101414030411060512,0.39901089668273926,0,240.0,208.0
1.2.643.5.1.13.13.12.2.77.8252.10151201011509101414030411060512,0.8355052471160889,0,208.0,240.0
1.2.643.5.1.13.13.12.2.77.8252.10151201011509101414030411060512,0.7364294528961182,0,192.0,256.0
1.2.643.5.1.13.13.12.2.77.8252.10151201011509101414030411060512,0.34330669045448303,0,176.0,128.0
1.2.643.5.1.13.13.12.2.77.8252.10151201011509101414030411060512,0.16102510690689087,0,192.0,128.0
1.2.643.5.1.13.13.12.2.77.8252.10151201011509101414030411060512,0.17974057793617249,0,80.0,224.0
1.2.643.5.1.13.13.12.2.77.8252.10151201011509101414030411060512,0.8157138824462891,0,208.0,256.0
1.2.643.5.1.13.13.12.2.77.8252.10151201011509101414030411060512,0.3982640504837036,0,192.0,224.0
1.2.643.5.1.13.13.12.2.77.8252.10151201011509101414030411060512,0.657620370388031,0,176.0,144.0
1.2.643.5.1.13.13.12.2.77.8252.10151201011509101414030411060512,0.2972916066646576,0,112.0,208.0
1.2.643.5.1.13.13.12.2.77.8252.10151201011509101414030411060512,0.38618558645248413,0,144.0,128.0
1.2.643.5.1.13.13.12.2.77.8252.10151201011509101414030411060512,0.4720885753631592,0,192.0,192.0
1.2.643.5.1.13.13.12.2.77.8252.10151201011509101414030411060512,0.2406262457370758,0,252.0,176.0
1.2.643.5.1.13.13.12.2.77.8252.10151201011509101414030411060512,0.36232513189315796,0,252.0,270.0
1.2.643.5.1.13.13.12.2.77.8252.10151201011509101414030411060512,0.4382440745830536,0,48.0,256.0
1.2.643.5.1.13.13.12.2.77.8252.10151201011509101414030411060512,0.10756447911262512,0,128.0,208.0
1.2.643.5.1.13.13.12.2.77.8252.10151201011509101414030411060512,0.14992183446884155,0,96.0,208.0
1.2.643.5.1.13.13.12.2.77.8252.10151201011509101414030411060512,0.45144739747047424,0,240.0,224.0
1.2.643.5.1.13.13.12.2.77.8252.10151201011509101414030411060512,0.22077617049217224,0,128.0,224.0
1.2.643.5.1.13.13.12.2.77.8252.10151201011509101414030411060512,0.05310041457414627,0,128.0,48.0
1.2.643.5.1.13.13.12.2.77.8252.10151201011509101414030411060512,0.3994441628456116,0,112.0,192.0
1.2.643.5.1.13.13.12.2.77.8252.10151201011509101414030411060512,0.3641160726547241,0,192.0,208.0
1.2.643.5.1.13.13.12.2.77.8252.10151201011509101414030411060512,0.41611751914024353,0,64.0,160.0
1.2.643.5.1.13.13.12.2.77.8252.10151201011509101414030411060512,0.18202413618564606,0,80.0,192.0
1.2.643.5.1.13.13.12.2.77.8252.10151201011509101414030411060512,0.294843852519989,0,64.0,208.0
1.2.643.5.1.13.13.12.2.77.8252.10151201011509101414030411060512,0.8237409591674805,0,192.0,270.0
1.2.643.5.1.13.13.12.2.77.8252.10151201011509101414030411060512,0.44828087091445923,0,48.0,270.0
1.2.643.5.1.13.13.12.2.77.8252.10151201011509101414030411060512,0.34831729531288147,0,64.0,176.0
1.2.643.5.1.13.13.12.2.77.8252.10151201011509101414030411060512,0.1679440587759018,0,112.0,240.0
1.2.643.5.1.13.13.12.2.77.8252.10151201011509101414030411060512,0.528343677520752,0,64.0,256.0
1.2.643.5.1.13.13.12.2.77.8252.10151201011509101414030411060512,0.08171259611845016,0,128.0,80.0
1.2.643.5.1.13.13.12.2.77.8252.10151201011509101414030411060512,0.08977599442005157,0,192.0,96.0
1.2.643.5.1.13.13.12.2.77.8252.10151201011509101414030411060512,0.37796252965927124,0,80.0,270.0
1.2.643.5.1.13.13.12.2.77.8252.10151201011509101414030411060512,0.28624752163887024,0,64.0,192.0
1.2.643.5.1.13.13.12.2.77.8252.10151201011509101414030411060512,0.30399826169013977,0,252.0,160.0
1.2.643.5.1.13.13.12.2.77.8252.07020101080211090714060800071015,0.1387302130460739,0,94.0,81.5
1.2.643.5.1.13.13.12.2.77.8252.07020101080211090714060800071015,0.13902591168880463,0,93.0,63.0
1.2.643.5.1.13.13.12.2.77.8252.07020101080211090714060800071015,0.2960219383239746,0,95.0,38.0
1.2.643.5.1.13.13.12.2.77.8252.07020101080211090714060800071015,0.378310889005661,0,89.5,21.0
1.2.643.5.1.13.13.12.2.77.8252.07020101080211090714060800071015,0.18573592603206635,0,124.5,89.0
1.2.643.5.1.13.13.12.2.77.8252.07020101080211090714060800071015,0.16691675782203674,0,132.0,100.5
1.2.643.5.1.13.13.12.2.77.8252.07020101080211090714060800071015,0.23050375282764435,0,254.5,137.5
1.2.643.5.1.13.13.12.2.77.8252.07020101080211090714060800071015,0.2554810047149658,0,260.5,121.0
1.2.643.5.1.13.13.12.2.77.8252.07020101080211090714060800071015,0.22984594106674194,0,263.5,83.5
1.2.643.5.1.13.13.12.2.77.8252.07020101080211090714060800071015,0.24767638742923737,0,268.0,68.5
1.2.643.5.1.13.13.12.2.77.8252.07020101080211090714060800071015,0.33536064624786377,0,268.5,37.5
1.2.643.5.1.13.13.12.2.77.8252.07020101080211090714060800071015,0.3226205110549927,0,273.0,23.5
1.2.643.5.1.13.13.12.2.77.8252.07020101080211090714060800071015,0.024459512904286385,0,144.0,192.0
1.2.643.5.1.13.13.12.2.77.8252.07020101080211090714060800071015,0.12348388135433197,0,144.0,80.0
1.2.643.5.1.13.13.12.2.77.8252.07020101080211090714060800071015,0.07997296005487442,0,208.0,96.0
1.2.643.5.1.13.13.12.2.77.8252.07020101080211090714060800071015,0.0698578879237175,0,176.0,240.0
1.2.643.5.1.13.13.12.2.77.8252.07020101080211090714060800071015,0.1822126805782318,0,96.0,192.0
1.2.643.5.1.13.13.12.2.77.8252.07020101080211090714060800071015,0.1421414166688919,0,128.0,112.0
1.2.643.5.1.13.13.12.2.77.8252.07020101080211090714060800071015,0.2434646636247635,0,80.0,144.0
1.2.643.5.1.13.13.12.2.77.8252.07020101080211090714060800071015,0.11639618873596191,0,112.0,224.0
1.2.643.5.1.13.13.12.2.77.8252.07020101080211090714060800071015,0.09030649811029434,0,192.0,240.0
1.2.643.5.1.13.13.12.2.77.8252.07020101080211090714060800071015,0.17219124734401703,0,240.0,128.0
1.2.643.5.1.13.13.12.2.77.8252.07020101080211090714060800071015,0.20520129799842834,0,252.0,256.0
1.2.643.5.1.13.13.12.2.77.8252.07020101080211090714060800071015,0.21941989660263062,0,240.0,160.0
1.2.643.5.1.13.13.12.2.77.8252.07020101080211090714060800071015,0.12180192768573761,0,128.0,256.0
1.2.643.5.1.13.13.12.2.77.8252.07020101080211090714060800071015,0.2810094356536865,0,240.0,224.0
1.2.643.5.1.13.13.12.2.77.8252.07020101080211090714060800071015,0.20331569015979767,0,240.0,176.0
1.2.643.5.1.13.13.12.2.77.8252.07020101080211090714060800071015,0.1597229242324829,0,128.0,64.0
1.2.643.5.1.13.13.12.2.77.8252.07020101080211090714060800071015,0.11471179127693176,0,112.0,272.0
1.2.643.5.1.13.13.12.2.77.8252.07020101080211090714060800071015,0.20625139772891998,0,240.0,192.0
1.2.643.5.1.13.13.12.2.77.8252.07020101080211090714060800071015,0.055931396782398224,0,192.0,208.0
1.2.643.5.1.13.13.12.2.77.8252.07020101080211090714060800071015,0.13659678399562836,0,240.0,48.0
1.2.643.5.1.13.13.12.2.77.8252.07020101080211090714060800071015,0.2028951197862625,0,96.0,128.0
1.2.643.5.1.13.13.12.2.77.8252.07020101080211090714060800071015,0.08297973871231079,0,176.0,128.0
1.2.643.5.1.13.13.12.2.77.8252.07020101080211090714060800071015,0.05185578390955925,0,176.0,48.0
1.2.643.5.1.13.13.12.2.77.8252.07020101080211090714060800071015,0.17528663575649261,0,48.0,128.0
1.2.643.5.1.13.13.12.2.77.8252.07020101080211090714060800071015,0.04307803884148598,0,160.0,208.0
1.2.643.5.1.13.13.12.2.77.8252.07020101080211090714060800071015,0.07443547993898392,0,208.0,80.0
1.2.643.5.1.13.13.12.2.77.8252.07020101080211090714060800071015,0.24885575473308563,0,64.0,160.0
1.2.643.5.1.13.13.12.2.77.8252.07020101080211090714060800071015,0.04771644249558449,0,208.0,48.0
1.2.643.5.1.13.13.12.2.77.8252.07020101080211090714060800071015,0.14349457621574402,0,128.0,128.0
1.2.643.5.1.13.13.12.2.77.8252.07020101080211090714060800071015,0.10088173300027847,0,160.0,112.0
1.2.643.5.1.13.13.12.2.77.8252.07020101080211090714060800071015,0.033912885934114456,0,144.0,208.0
1.2.643.5.1.13.13.12.2.77.8252.07020101080211090714060800071015,0.13777810335159302,0,96.0,240.0
1.2.643.5.1.13.13.12.2.77.8252.07020101080211090714060800071015,0.045519135892391205,0,176.0,208.0
1.2.643.5.1.13.13.12.2.77.8252.07020101080211090714060800071015,0.16102629899978638,0,240.0,96.0
1.2.643.5.1.13.13.12.2.77.8252.07020101080211090714060800071015,0.14469824731349945,0,144.0,64.0
1.2.643.5.1.13.13.12.2.77.8252.07020101080211090714060800071015,0.14697615802288055,0,48.0,48.0
1.2.643.5.1.13.13.12.2.77.8252.07020101080211090714060800071015,0.3248792290687561,0,208.0,274.0
1.2.643.5.1.13.13.12.2.77.8252.07020101080211090714060800071015,0.19074012339115143,0,144.0,272.0
1.2.643.5.1.13.13.12.2.77.8252.07020101080211090714060800071015,0.14707745611667633,0,64.0,112.0
1.2.643.5.1.13.13.12.2.77.8252.07020101080211090714060800071015,0.16205087304115295,0,112.0,64.0
1.2.643.5.1.13.13.12.2.77.8252.00121200081108110912041503010000,0.141330748796463,0,176.0,96.0
1.2.643.5.1.13.13.12.2.77.8252.00121200081108110912041503010000,0.1842685341835022,0,224.0,160.0
1.2.643.5.1.13.13.12.2.77.8252.00121200081108110912041503010000,0.19367502629756927,0,224.0,112.0
1.2.643.5.1.13.13.12.2.77.8252.00121200081108110912041503010000,0.3552764356136322,0,80.0,80.0
1.2.643.5.1.13.13.12.2.77.8252.00121200081108110912041503010000,0.05754825100302696,0,160.0,128.0
1.2.643.5.1.13.13.12.2.77.8252.00121200081108110912041503010000,0.33607208728790283,0,224.0,48.0
1.2.643.5.1.13.13.12.2.77.8252.00121200081108110912041503010000,0.3346138894557953,0,240.0,256.0
1.2.643.5.1.13.13.12.2.77.8252.00121200081108110912041503010000,0.35095223784446716,0,64.0,96.0
1.2.643.5.1.13.13.12.2.77.8252.00121200081108110912041503010000,0.3235708177089691,0,48.0,80.0
1.2.643.5.1.13.13.12.2.77.8252.00121200081108110912041503010000,0.34365636110305786,0,252.0,64.0
1.2.643.5.1.13.13.12.2.77.8252.00121200081108110912041503010000,0.5353552103042603,0,80.0,64.0
1.2.643.5.1.13.13.12.2.77.8252.00121200081108110912041503010000,0.6778925061225891,0,224.0,270.0
1.2.643.5.1.13.13.12.2.77.8252.00121200081108110912041503010000,0.09730667620897293,0,192.0,192.0
1.2.643.5.1.13.13.12.2.77.8252.00121200081108110912041503010000,0.38748282194137573,0,176.0,270.0
1.2.643.5.1.13.13.12.2.77.8252.00121200081108110912041503010000,0.34281519055366516,0,240.0,240.0
1.2.643.5.1.13.13.12.2.77.8252.00121200081108110912041503010000,0.29103925824165344,0,112.0,96.0
1.2.643.5.1.13.13.12.2.77.8252.00121200081108110912041503010000,0.18170791864395142,0,112.0,112.0
1.2.643.5.1.13.13.12.2.77.8252.00121200081108110912041503010000,0.14607420563697815,0,224.0,128.0
1.2.643.5.1.13.13.12.2.77.8252.00121200081108110912041503010000,0.23302796483039856,0,64.0,144.0
1.2.643.5.1.13.13.12.2.77.8252.00121200081108110912041503010000,0.16472600400447845,0,48.0,144.0
1.2.643.5.1.13.13.12.2.77.8252.00121200081108110912041503010000,0.1141219288110733,0,192.0,112.0
1.2.643.5.1.13.13.12.2.77.8252.00121200081108110912041503010000,0.14400748908519745,0,128.0,112.0
1.2.643.5.1.13.13.12.2.77.8252.00121200081108110912041503010000,0.6105502247810364,0,80.0,48.0
1.2.643.5.1.13.13.12.2.77.8252.00121200081108110912041503010000,0.4181666672229767,0,48.0,270.0
1.2.643.5.1.13.13.12.2.77.8252.00121200081108110912041503010000,0.09314949810504913,0,176.0,192.0
1.2.643.5.1.13.13.12.2.77.8252.00121200081108110912041503010000,0.7425535321235657,0,112.0,270.0
1.2.643.5.1.13.13.12.2.77.8252.00121200081108110912041503010000,0.357018381357193,0,80.0,96.0
1.2.643.5.1.13.13.12.2.77.8252.00121200081108110912041503010000,0.25419291853904724,0,192.0,256.0
1.2.643.5.1.13.13.12.2.77.8252.00121200081108110912041503010000,0.26826775074005127,0,64.0,224.0
1.2.643.5.1.13.13.12.2.77.8252.00121200081108110912041503010000,0.3139708638191223,0,96.0,192.0
1.2.643.5.1.13.13.12.2.77.8252.00121200081108110912041503010000,0.07913100719451904,0,144.0,128.0
1.2.643.5.1.13.13.12.2.77.8252.00121200081108110912041503010000,0.23585331439971924,0,128.0,96.0
1.2.643.5.1.13.13.12.2.77.8252.00121200081108110912041503010000,0.23710478842258453,0,96.0,112.0
1.2.643.5.1.13.13.12.2.77.8252.00121200081108110912041503010000,0.32871636748313904,0,80.0,256.0
1.2.643.5.1.13.13.12.2.77.8252.00121200081108110912041503010000,0.24114209413528442,0,64.0,240.0
1.2.643.5.1.13.13.12.2.77.8252.00121200081108110912041503010000,0.4188016951084137,0,96.0,160.0
1.2.643.5.1.13.13.12.2.77.8252.00121200081108110912041503010000,0.18309298157691956,0,128.0,144.0
1.2.643.5.1.13.13.12.2.77.8252.00121200081108110912041503010000,0.5659912824630737,0,128.0,270.0
1.2.643.5.1.13.13.12.2.77.8252.00121200081108110912041503010000,0.22580184042453766,0,252.0,128.0
1.2.643.5.1.13.13.12.2.77.8252.00121200081108110912041503010000,0.4776207506656647,0,224.0,224.0
1.2.643.5.1.13.13.12.2.77.8252.03120113151010021310000801051000,0.15978211164474487,0,208.0,144.0
1.2.643.5.1.13.13.12.2.77.8252.03120113151010021310000801051000,0.6417683362960815,0,160.0,241.0
1.2.643.5.1.13.13.12.2.77.8252.03120113151010021310000801051000,0.5862482190132141,0,160.0,192.0
1.2.643.5.1.13.13.12.2.77.8252.03120113151010021310000801051000,0.1377338171005249,0,128.0,96.0
1.2.643.5.1.13.13.12.2.77.8252.03120113151010021310000801051000,0.8699778318405151,0,144.0,176.0
1.2.643.5.1.13.13.12.2.77.8252.03120113151010021310000801051000,0.6344521045684814,0,160.0,144.0
1.2.643.5.1.13.13.12.2.77.8252.03120113151010021310000801051000,0.27268505096435547,0,224.0,240.0
1.2.643.5.1.13.13.12.2.77.8252.03120113151010021310000801051000,0.30989640951156616,0,192.0,112.0
1.2.643.5.1.13.13.12.2.77.8252.03120113151010021310000801051000,0.22653819620609283,0,160.0,48.0
1.2.643.5.1.13.13.12.2.77.8252.03120113151010021310000801051000,0.1254936158657074,0,96.0,96.0
1.2.643.5.1.13.13.12.2.77.8252.03120113151010021310000801051000,0.13878612220287323,0,208.0,192.0
1.2.643.5.1.13.13.12.2.77.8252.03120113151010021310000801051000,0.2558872699737549,0,48.0,64.0
1.2.643.5.1.13.13.12.2.77.8252.03120113151010021310000801051000,0.13060811161994934,0,240.0,128.0
1.2.643.5.1.13.13.12.2.77.8252.03120113151010021310000801051000,0.5581944584846497,0,112.0,160.0
1.2.643.5.1.13.13.12.2.77.8252.03120113151010021310000801051000,0.6697947382926941,0,144.0,144.0
1.2.643.5.1.13.13.12.2.77.8252.03120113151010021310000801051000,0.13395340740680695,0,112.0,96.0
1.2.643.5.1.13.13.12.2.77.8252.03120113151010021310000801051000,0.21528305113315582,0,224.0,208.0
1.2.643.5.1.13.13.12.2.77.8252.03120113151010021310000801051000,0.45599669218063354,0,192.0,224.0
1.2.643.5.1.13.13.12.2.77.8252.03120113151010021310000801051000,0.2370578497648239,0,144.0,96.0
1.2.643.5.1.13.13.12.2.77.8252.03120113151010021310000801051000,0.748837947845459,0,112.0,176.0
1.2.643.5.1.13.13.12.2.77.8252.03120113151010021310000801051000,0.3321731388568878,0,144.0,112.0
1.2.643.5.1.13.13.12.2.77.8252.03120113151010021310000801051000,0.14214801788330078,0,252.0,112.0
1.2.643.5.1.13.13.12.2.77.8252.03120113151010021310000801051000,0.11237076669931412,0,252.0,144.0
1.2.643.5.1.13.13.12.2.77.8252.03120113151010021310000801051000,0.21181920170783997,0,224.0,176.0
1.2.643.5.1.13.13.12.2.77.8252.03120113151010021310000801051000,0.1124899685382843,0,80.0,176.0
1.2.643.5.1.13.13.12.2.77.8252.03120113151010021310000801051000,0.7957276105880737,0,160.0,240.0
1.2.643.5.1.13.13.12.2.77.8252.03120113151010021310000801051000,0.8319579362869263,0,160.0,176.0
1.2.643.5.1.13.13.12.2.77.8252.03120113151010021310000801051000,0.24041937291622162,0,144.0,48.0
1.2.643.5.1.13.13.12.2.77.8252.03120113151010021310000801051000,0.6722487807273865,0,128.0,128.0
1.2.643.5.1.13.13.12.2.77.8252.03120113151010021310000801051000,0.12100401520729065,0,240.0,160.0
1.2.643.5.1.13.13.12.2.77.8252.03120113151010021310000801051000,0.17261113226413727,0,64.0,160.0
1.2.643.5.1.13.13.12.2.77.8252.03120113151010021310000801051000,0.35995355248451233,0,240.0,48.0
1.2.643.5.1.13.13.12.2.77.8252.03120113151010021310000801051000,0.12198243290185928,0,80.0,128.0
1.2.643.5.1.13.13.12.2.77.8252.03120113151010021310000801051000,0.1727466881275177,0,64.0,176.0
1.2.643.5.1.13.13.12.2.77.8252.03120113151010021310000801051000,0.5999152064323425,0,96.0,240.0
1.2.643.5.1.13.13.12.2.77.8252.03120113151010021310000801051000,0.22474223375320435,0,192.0,192.0
1.2.643.5.1.13.13.12.2.77.8252.03120113151010021310000801051000,0.751343309879303,0,128.0,241.0
1.2.643.5.1.13.13.12.2.77.8252.03120113151010021310000801051000,0.24422986805438995,0,96.0,192.0
1.2.643.5.1.13.13.12.2.77.8252.03120113151010021310000801051000,0.173334002494812,0,240.0,96.0
1.2.643.5.1.13.13.12.2.77.8252.03120113151010021310000801051000,0.2492547333240509,0,224.0,224.0
1.2.643.5.1.13.13.12.2.77.8252.14110604050810020100071004090404,0.36611735820770264,1,199.5,52.5
1.2.643.5.1.13.13.12.2.77.8252.14110604050810020100071004090404,0.1818540245294571,1,42.0,63.5
1.2.643.5.1.13.13.12.2.77.8252.14110604050810020100071004090404,0.3163192570209503,1,25.0,32.0
1.2.643.5.1.13.13.12.2.77.8252.14110604050810020100071004090404,0.04736603423953056,1,64.0,208.0
1.2.643.5.1.13.13.12.2.77.8252.14110604050810020100071004090404,0.04082885757088661,1,240.0,160.0
1.2.643.5.1.13.13.12.2.77.8252.14110604050810020100071004090404,0.06367208063602448,1,208.0,208.0
1.2.643.5.1.13.13.12.2.77.8252.14110604050810020100071004090404,0.04703985154628754,1,144.0,192.0
1.2.643.5.1.13.13.12.2.77.8252.14110604050810020100071004090404,0.01750536449253559,1,128.0,269.0
1.2.643.5.1.13.13.12.2.77.8252.14110604050810020100071004090404,0.047440189868211746,1,160.0,224.0
1.2.643.5.1.13.13.12.2.77.8252.14110604050810020100071004090404,0.024642691016197205,1,64.0,269.0
1.2.643.5.1.13.13.12.2.77.8252.14110604050810020100071004090404,0.27804791927337646,1,208.0,80.0
1.2.643.5.1.13.13.12.2.77.8252.14110604050810020100071004090404,0.5763719081878662,1,240.0,64.0
1.2.643.5.1.13.13.12.2.77.8252.14110604050810020100071004090404,0.044253040105104446,1,160.0,208.0
1.2.643.5.1.13.13.12.2.77.8252.14110604050810020100071004090404,0.03693544864654541,1,240.0,192.0
1.2.643.5.1.13.13.12.2.77.8252.14110604050810020100071004090404,0.03435831516981125,1,64.0,224.0
1.2.643.5.1.13.13.12.2.77.8252.14110604050810020100071004090404,0.04320584610104561,1,128.0,224.0
1.2.643.5.1.13.13.12.2.77.8252.14110604050810020100071004090404,0.16689768433570862,1,192.0,128.0
1.2.643.5.1.13.13.12.2.77.8252.14110604050810020100071004090404,0.1345408707857132,1,160.0,48.0
1.2.643.5.1.13.13.12.2.77.8252.14110604050810020100071004090404,0.041260894387960434,1,224.0,176.0
1.2.643.5.1.13.13.12.2.77.8252.14110604050810020100071004090404,0.22793544828891754,1,192.0,96.0
1.2.643.5.1.13.13.12.2.77.8252.14110604050810020100071004090404,0.4941486418247223,1,252.0,64.0
1.2.643.5.1.13.13.12.2.77.8252.14110604050810020100071004090404,0.05539067089557648,1,80.0,192.0
1.2.643.5.1.13.13.12.2.77.8252.14110604050810020100071004090404,0.11879319697618484,1,252.0,96.0
1.2.643.5.1.13.13.12.2.77.8252.14110604050810020100071004090404,0.04393669217824936,1,80.0,224.0
1.2.643.5.1.13.13.12.2.77.8252.14110604050810020100071004090404,0.05761445313692093,1,80.0,176.0
1.2.643.5.1.13.13.12.2.77.8252.14110604050810020100071004090404,0.04627474397420883,1,48.0,224.0
1.2.643.5.1.13.13.12.2.77.8252.14110604050810020100071004090404,0.027369990944862366,1,96.0,64.0
1.2.643.5.1.13.13.12.2.77.8252.14110604050810020100071004090404,0.034934092313051224,1,176.0,269.0
1.2.643.5.1.13.13.12.2.77.8252.14110604050810020100071004090404,0.06501242518424988,1,64.0,128.0
1.2.643.5.1.13.13.12.2.77.8252.14110604050810020100071004090404,0.039319947361946106,1,112.0,224.0
1.2.643.5.1.13.13.12.2.77.8252.14110604050810020100071004090404,0.04896637424826622,1,252.0,224.0
1.2.643.5.1.13.13.12.2.77.8252.14110604050810020100071004090404,0.09774236381053925,1,144.0,160.0
1.2.643.5.1.13.13.12.2.77.8252.14110604050810020100071004090404,0.05205916613340378,1,64.0,176.0
1.2.643.5.1.13.13.12.2.77.8252.14110604050810020100071004090404,0.08176489919424057,1,64.0,80.0
1.2.643.5.1.13.13.12.2.77.8252.14110604050810020100071004090404,0.06762918084859848,1,128.0,176.0
1.2.643.5.1.13.13.12.2.77.8252.14110604050810020100071004090404,0.06206413358449936,1,128.0,128.0
1.2.643.5.1.13.13.12.2.77.8252.14110604050810020100071004090404,0.11494892090559006,1,176.0,176.0
1.2.643.5.1.13.13.12.2.77.8252.14110604050810020100071004090404,0.14994487166404724,1,208.0,144.0
1.2.643.5.1.13.13.12.2.77.8252.14110604050810020100071004090404,0.19151996076107025,1,224.0,96.0
1.2.643.5.1.13.13.12.2.77.8252.14110604050810020100071004090404,0.1221747174859047,1,64.0,48.0
1.2.643.5.1.13.13.12.2.77.8252.14110604050810020100071004090404,0.10198216885328293,1,252.0,256.0
1.2.643.5.1.13.13.12.2.77.8252.14110604050810020100071004090404,0.05467335879802704,1,96.0,96.0
1.2.643.5.1.13.13.12.2.77.8252.14110604050810020100071004090404,0.06898923218250275,1,128.0,208.0
1.2.643.5.1.13.13.12.2.77.8252.06030210110500061108030910090908,1.0,1,269.5,23.5
1.2.643.5.1.13.13.12.2.77.8252.06030210110500061108030910090908,1.0,1,213.5,13.5
1.2.643.5.1.13.13.12.2.77.8252.06030210110500061108030910090908,1.0,1,70.0,11.5
1.2.643.5.1.13.13.12.2.77.8252.06030210110500061108030910090908,1.0,1,27.0,20.0
1.2.643.5.1.13.13.12.2.77.8252.06030210110500061108030910090908,0.9999998807907104,1,48.0,48.0
1.2.643.5.1.13.13.12.2.77.8252.06030210110500061108030910090908,0.9999986886978149,1,64.0,48.0
1.2.643.5.1.13.13.12.2.77.8252.06030210110500061108030910090908,0.9999904632568359,1,80.0,48.0
1.2.643.5.1.13.13.12.2.77.8252.06030210110500061108030910090908,0.9999246597290039,1,96.0,48.0
1.2.643.5.1.13.13.12.2.77.8252.06030210110500061108030910090908,0.9996411800384521,1,112.0,48.0
1.2.643.5.1.13.13.12.2.77.8252.06030210110500061108030910090908,0.9997193217277527,1,176.0,48.0
1.2.643.5.1.13.13.12.2.77.8252.06030210110500061108030910090908,0.9999542236328125,1,192.0,48.0
1.2.643.5.1.13.13.12.2.77.8252.06030210110500061108030910090908,0.9999972581863403,1,208.0,48.0
1.2.643.5.1.13.13.12.2.77.8252.06030210110500061108030910090908,0.9999988079071045,1,224.0,48.0
1.2.643.5.1.13.13.12.2.77.8252.06030210110500061108030910090908,0.9999997615814209,1,240.0,48.0
1.2.643.5.1.13.13.12.2.77.8252.06030210110500061108030910090908,0.9999995231628418,1,252.0,48.0
1.2.643.5.1.13.13.12.2.77.8252.06030210110500061108030910090908,0.9995591044425964,1,48.0,64.0
1.2.643.5.1.13.13.12.2.77.8252.06030210110500061108030910090908,0.9919636249542236,1,64.0,64.0
1.2.643.5.1.13.13.12.2.77.8252.06030210110500061108030910090908,0.9829993844032288,1,224.0,64.0
1.2.643.5.1.13.13.12.2.77.8252.06030210110500061108030910090908,0.9992800354957581,1,240.0,64.0
1.2.643.5.1.13.13.12.2.77.8252.06030210110500061108030910090908,0.999940037727356,1,252.0,64.0
1.2.643.5.1.13.13.12.2.77.8252.06030210110500061108030910090908,0.3411649465560913,1,160.0,160.0
1.2.643.5.1.13.13.12.2.77.8252.06030210110500061108030910090908,0.19769805669784546,1,96.0,160.0
1.2.643.5.1.13.13.12.2.77.8252.06030210110500061108030910090908,0.045937057584524155,1,192.0,208.0
1.2.643.5.1.13.13.12.2.77.8252.06030210110500061108030910090908,0.03270437568426132,1,224.0,176.0
1.2.643.5.1.13.13.12.2.77.8252.06030210110500061108030910090908,0.01516698207706213,1,112.0,256.0
1.2.643.5.1.13.13.12.2.77.8252.06030210110500061108030910090908,0.039265990257263184,1,252.0,160.0
1.2.643.5.1.13.13.12.2.77.8252.06030210110500061108030910090908,0.020098043605685234,1,112.0,267.0
1.2.643.5.1.13.13.12.2.77.8252.06030210110500061108030910090908,0.10794930905103683,1,192.0,112.0
1.2.643.5.1.13.13.12.2.77.8252.06030210110500061108030910090908,0.045078884810209274,1,192.0,176.0
1.2.643.5.1.13.13.12.2.77.8252.06030210110500061108030910090908,0.04860207810997963,1,160.0,240.0
1.2.643.5.1.13.13.12.2.77.8252.06030210110500061108030910090908,0.2723867893218994,1,128.0,128.0
1.2.643.5.1.13.13.12.2.77.8252.06030210110500061108030910090908,0.1606166660785675,1,80.0,128.0
1.2.643.5.1.13.13.12.2.77.8252.06030210110500061108030910090908,0.011638768017292023,1,80.0,256.0
1.2.643.5.1.13.13.12.2.77.8252.06030210110500061108030910090908,0.0522947683930397,1,208.0,144.0
1.2.643.5.1.13.13.12.2.77.8252.06030210110500061108030910090908,0.18850575387477875,1,144.0,192.0
1.2.643.5.1.13.13.12.2.77.8252.06030210110500061108030910090908,0.046420224010944366,1,240.0,144.0
1.2.643.5.1.13.13.12.2.77.8252.06030210110500061108030910090908,0.21765980124473572,1,112.0,176.0
1.2.643.5.1.13.13.12.2.77.8252.06030210110500061108030910090908,0.0270187146961689,1,224.0,208.0
1.2.643.5.1.13.13.12.2.77.8252.06030210110500061108030910090908,0.03194766119122505,1,224.0,256.0
1.2.643.5.1.13.13.12.2.77.8252.06030210110500061108030910090908,0.0680452287197113,1,144.0,267.0
1.2.643.5.1.13.13.12.2.77.8252.06030210110500061108030910090908,0.012722144834697247,1,112.0,240.0
1.2.643.5.1.13.13.12.2.77.8252.06030210110500061108030910090908,0.07474273443222046,1,128.0,208.0
1.2.643.5.1.13.13.12.2.77.8252.06030210110500061108030910090908,0.36561304330825806,1,128.0,160.0
1.2.643.5.1.13.13.12.2.77.8252.06030210110500061108030910090908,0.14287354052066803,1,192.0,267.0
1.2.643.5.1.13.13.12.2.77.8252.06030210110500061108030910090908,0.2902644872665405,1,80.0,96.0
1.2.643.5.1.13.13.12.2.77.8252.06030210110500061108030910090908,0.06355401128530502,1,192.0,240.0
1.2.643.5.1.13.13.12.2.77.8252.06030210110500061108030910090908,0.20310911536216736,1,96.0,128.0
1.2.643.5.1.13.13.12.2.77.8252.06030210110500061108030910090908,0.05509462580084801,1,192.0,160.0
1.2.643.5.1.13.13.12.2.77.8252.06030210110500061108030910090908,0.10217621177434921,1,208.0,256.0
1.2.643.5.1.13.13.12.2.77.8252.06030210110500061108030910090908,0.02125176042318344,1,48.0,224.0
1.2.643.5.1.13.13.12.2.77.8252.06030210110500061108030910090908,0.1081082671880722,1,80.0,144.0
1.2.643.5.1.13.13.12.2.77.8252.06030210110500061108030910090908,0.056802697479724884,1,112.0,208.0
1.2.643.5.1.13.13.12.2.77.8252.06030210110500061108030910090908,0.14619670808315277,1,176.0,144.0
1.2.643.5.1.13.13.12.2.77.8252.06030210110500061108030910090908,0.07744277268648148,1,176.0,208.0
1.2.643.5.1.13.13.12.2.77.8252.06030210110500061108030910090908,0.031645532697439194,1,208.0,176.0
1.2.643.5.1.13.13.12.2.77.8252.06030210110500061108030910090908,0.08176741003990173,1,80.0,176.0
1.2.643.5.1.13.13.12.2.77.8252.06030210110500061108030910090908,0.09038291126489639,1,160.0,208.0
1.2.643.5.1.13.13.12.2.77.8252.06030210110500061108030910090908,0.06857969611883163,1,252.0,112.0
1.2.643.5.1.13.13.12.2.77.8252.06030210110500061108030910090908,0.1881750524044037,1,176.0,112.0
1.2.643.5.1.13.13.12.2.77.8252.06030210110500061108030910090908,0.30525755882263184,1,144.0,112.0
1.2.643.5.1.13.13.12.2.77.8252.02001209000515050108060411111311,1.0,1,69.5,10.0
1.2.643.5.1.13.13.12.2.77.8252.02001209000515050108060411111311,1.0,1,26.0,18.0
1.2.643.5.1.13.13.12.2.77.8252.02001209000515050108060411111311,0.9999940395355225,1,48.0,48.0
1.2.643.5.1.13.13.12.2.77.8252.02001209000515050108060411111311,0.999883770942688,1,64.0,48.0
1.2.643.5.1.13.13.12.2.77.8252.02001209000515050108060411111311,0.9981726408004761,1,80.0,48.0
1.2.643.5.1.13.13.12.2.77.8252.02001209000515050108060411111311,0.984379768371582,1,96.0,48.0
1.2.643.5.1.13.13.12.2.77.8252.02001209000515050108060411111311,0.8765038251876831,1,112.0,48.0
1.2.643.5.1.13.13.12.2.77.8252.02001209000515050108060411111311,0.9566910862922668,1,48.0,64.0
1.2.643.5.1.13.13.12.2.77.8252.02001209000515050108060411111311,0.6612445712089539,1,64.0,64.0
1.2.643.5.1.13.13.12.2.77.8252.02001209000515050108060411111311,0.01906588114798069,1,112.0,224.0
1.2.643.5.1.13.13.12.2.77.8252.02001209000515050108060411111311,0.014760867692530155,1,80.0,128.0
1.2.643.5.1.13.13.12.2.77.8252.02001209000515050108060411111311,0.05466565862298012,1,208.0,240.0
1.2.643.5.1.13.13.12.2.77.8252.02001209000515050108060411111311,0.01597726158797741,1,224.0,192.0
1.2.643.5.1.13.13.12.2.77.8252.02001209000515050108060411111311,0.004358568694442511,1,112.0,112.0
1.2.643.5.1.13.13.12.2.77.8252.02001209000515050108060411111311,0.020679062232375145,1,208.0,192.0
1.2.643.5.1.13.13.12.2.77.8252.02001209000515050108060411111311,0.011268623173236847,1,144.0,160.0
1.2.643.5.1.13.13.12.2.77.8252.02001209000515050108060411111311,0.02010614424943924,1,144.0,192.0
1.2.643.5.1.13.13.12.2.77.8252.02001209000515050108060411111311,0.014988691546022892,1,128.0,144.0
1.2.643.5.1.13.13.12.2.77.8252.02001209000515050108060411111311,0.03092317096889019,1,252.0,224.0
1.2.643.5.1.13.13.12.2.77.8252.02001209000515050108060411111311,0.05381545051932335,1,252.0,240.0
1.2.643.5.1.13.13.12.2.77.8252.02001209000515050108060411111311,0.020833460614085197,1,80.0,240.0
1.2.643.5.1.13.13.12.2.77.8252.02001209000515050108060411111311,0.026760829612612724,1,48.0,224.0
1.2.643.5.1.13.13.12.2.77.8252.02001209000515050108060411111311,0.03217468410730362,1,128.0,192.0
1.2.643.5.1.13.13.12.2.77.8252.02001209000515050108060411111311,0.025136753916740417,1,64.0,160.0
1.2.643.5.1.13.13.12.2.77.8252.02001209000515050108060411111311,0.021365616470575333,1,240.0,192.0
1.2.643.5.1.13.13.12.2.77.8252.02001209000515050108060411111311,0.065360426902771,1,48.0,96.0
1.2.643.5.1.13.13.12.2.77.8252.02001209000515050108060411111311,0.04084547981619835,1,64.0,96.0
1.2.643.5.1.13.13.12.2.77.8252.02001209000515050108060411111311,0.03770076483488083,1,80.0,160.0
1.2.643.5.1.13.13.12.2.77.8252.02001209000515050108060411111311,0.03338989242911339,1,160.0,256.0
1.2.643.5.1.13.13.12.2.77.8252.02001209000515050108060411111311,0.03943146392703056,1,160.0,269.0
1.2.643.5.1.13.13.12.2.77.8252.02001209000515050108060411111311,0.027973180636763573,1,112.0,176.0
1.2.643.5.1.13.13.12.2.77.8252.02001209000515050108060411111311,0.035258859395980835,1,224.0,96.0
1.2.643.5.1.13.13.12.2.77.8252.02001209000515050108060411111311,0.02650115080177784,1,96.0,224.0
1.2.643.5.1.13.13.12.2.77.8252.02001209000515050108060411111311,0.15680477023124695,1,224.0,269.0
1.2.643.5.1.13.13.12.2.77.8252.02001209000515050108060411111311,0.16364851593971252,1,208.0,269.0
1.2.643.5.1.13.13.12.2.77.8252.02001209000515050108060411111311,0.01690663769841194,1,96.0,96.0
1.2.643.5.1.13.13.12.2.77.8252.02001209000515050108060411111311,0.02150818519294262,1,224.0,128.0
1.2.643.5.1.13.13.12.2.77.8252.02001209000515050108060411111311,0.021978577598929405,1,240.0,208.0
1.2.643.5.1.13.13.12.2.77.8252.02001209000515050108060411111311,0.027920102700591087,1,208.0,80.0
1.2.643.5.1.13.13.12.2.77.8252.02001209000515050108060411111311,0.0462733693420887,1,144.0,269.0
1.2.643.5.1.13.13.12.2.77.8252.02001209000515050108060411111311,0.011364875361323357,1,96.0,112.0
1.2.643.5.1.13.13.12.2.77.8252.02001209000515050108060411111311,0.02341468632221222,1,112.0,208.0
1.2.643.5.1.13.13.12.2.77.8252.02001209000515050108060411111311,0.015037952922284603,1,192.0,208.0
1.2.643.5.1.13.13.12.2.77.8252.02001209000515050108060411111311,0.08970845490694046,1,252.0,256.0
1.2.643.5.1.13.13.12.2.77.8252.02001209000515050108060411111311,0.027927706018090248,1,48.0,208.0
1.2.643.5.1.13.13.12.2.77.8252.02001209000515050108060411111311,0.009796773083508015,1,192.0,144.0
1.2.643.5.1.13.13.12.2.77.8252.02001209000515050108060411111311,0.018251176923513412,1,176.0,176.0
1.2.643.5.1.13.13.12.2.77.8252.02001209000515050108060411111311,0.012679751962423325,1,176.0,224.0
1.2.643.5.1.13.13.12.2.77.8252.02001209000515050108060411111311,0.018002832308411598,1,112.0,160.0
1.2.643.5.1.13.13.12.2.77.8252.10031005061115110908060312000307,0.8389684557914734,1,48.0,64.0
1.2.643.5.1.13.13.12.2.77.8252.10031005061115110908060312000307,0.610963761806488,1,240.0,269.0
1.2.643.5.1.13.13.12.2.77.8252.10031005061115110908060312000307,0.15354099869728088,1,48.0,160.0
1.2.643.5.1.13.13.12.2.77.8252.10031005061115110908060312000307,0.37834495306015015,1,80.0,160.0
1.2.643.5.1.13.13.12.2.77.8252.10031005061115110908060312000307,0.00026813443400897086,1,144.0,48.0
1.2.643.5.1.13.13.12.2.77.8252.10031005061115110908060312000307,0.0008582865120843053,1,176.0,48.0
1.2.643.5.1.13.13.12.2.77.8252.10031005061115110908060312000307,0.39395928382873535,1,252.0,240.0
1.2.643.5.1.13.13.12.2.77.8252.10031005061115110908060312000307,0.10122215747833252,1,208.0,48.0
1.2.643.5.1.13.13.12.2.77.8252.10031005061115110908060312000307,0.5744192004203796,1,48.0,80.0
1.2.643.5.1.13.13.12.2.77.8252.10031005061115110908060312000307,0.38934749364852905,1,80.0,96.0
1.2.643.5.1.13.13.12.2.77.8252.10031005061115110908060312000307,0.08290308713912964,1,208.0,176.0
1.2.643.5.1.13.13.12.2.77.8252.10031005061115110908060312000307,0.0006630237330682576,1,176.0,128.0
1.2.643.5.1.13.13.12.2.77.8252.10031005061115110908060312000307,0.0003162677166983485,1,144.0,80.0
1.2.643.5.1.13.13.12.2.77.8252.10031005061115110908060312000307,0.1946186125278473,1,208.0,269.0
1.2.643.5.1.13.13.12.2.77.8252.10031005061115110908060312000307,0.02225654199719429,1,192.0,256.0
1.2.643.5.1.13.13.12.2.77.8252.10031005061115110908060312000307,0.0011908874148502946,1,176.0,80.0
1.2.643.5.1.13.13.12.2.77.8252.10031005061115110908060312000307,0.0006920475279912353,1,160.0,64.0
1.2.643.5.1.13.13.12.2.77.8252.10031005061115110908060312000307,0.04998111352324486,1,96.0,160.0
1.2.643.5.1.13.13.12.2.77.8252.10031005061115110908060312000307,0.4538674056529999,1,80.0,176.0
1.2.643.5.1.13.13.12.2.77.8252.10031005061115110908060312000307,0.326466828584671,1,64.0,64.0
1.2.643.5.1.13.13.12.2.77.8252.10031005061115110908060312000307,0.002469434170052409,1,160.0,192.0
1.2.643.5.1.13.13.12.2.77.8252.10031005061115110908060312000307,0.48329123854637146,1,240.0,256.0
1.2.643.5.1.13.13.12.2.77.8252.10031005061115110908060312000307,0.0023439873475581408,1,176.0,176.0
1.2.643.5.1.13.13.12.2.77.8252.10031005061115110908060312000307,0.20287355780601501,1,208.0,256.0
1.2.643.5.1.13.13.12.2.77.8252.10031005061115110908060312000307,0.3192407488822937,1,64.0,144.0
1.2.643.5.1.13.13.12.2.77.8252.10031005061115110908060312000307,0.00031575042521581054,1,160.0,128.0
1.2.643.5.1.13.13.12.2.77.8252.10031005061115110908060312000307,0.44958823919296265,1,64.0,224.0
1.2.643.5.1.13.13.12.2.77.8252.10031005061115110908060312000307,0.5294185876846313,1,224.0,192.0
1.2.643.5.1.13.13.12.2.77.8252.10031005061115110908060312000307,0.9828386902809143,1,48.0,48.0
1.2.643.5.1.13.13.12.2.77.8252.10031005061115110908060312000307,0.5073760151863098,1,80.0,48.0
1.2.643.5.1.13.13.12.2.77.8252.10031005061115110908060312000307,0.4028671085834503,1,240.0,144.0
1.2.643.5.1.13.13.12.2.77.8252.10031005061115110908060312000307,0.0009221985819749534,1,144.0,208.0
1.2.643.5.1.13.13.12.2.77.8252.10031005061115110908060312000307,0.012096601538360119,1,192.0,48.0
1.2.643.5.1.13.13.12.2.77.8252.10031005061115110908060312000307,0.4522448182106018,1,224.0,208.0
1.2.643.5.1.13.13.12.2.77.8252.10031005061115110908060312000307,0.014795023947954178,1,192.0,96.0
1.2.643.5.1.13.13.12.2.77.8252.10031005061115110908060312000307,0.07811201363801956,1,208.0,144.0
1.2.643.5.1.13.13.12.2.77.8252.10031005061115110908060312000307,0.3536226451396942,1,240.0,128.0
1.2.643.5.1.13.13.12.2.77.8252.10031005061115110908060312000307,0.0007668177131563425,1,128.0,144.0
1.2.643.5.1.13.13.12.2.77.8252.10031005061115110908060312000307,0.44448938965797424,1,224.0,176.0
1.2.643.5.1.13.13.12.2.77.8252.10031005061115110908060312000307,0.0007835201104171574,1,128.0,64.0
1.2.643.5.1.13.13.12.2.77.8252.15080409060108110106110204020115,0.06405530124902725,1,176.0,224.0
1.2.643.5.1.13.13.12.2.77.8252.15080409060108110106110204020115,0.004363809246569872,1,176.0,128.0
1.2.643.5.1.13.13.12.2.77.8252.15080409060108110106110204020115,0.08024878799915314,1,224.0,208.0
1.2.643.5.1.13.13.12.2.77.8252.15080409060108110106110204020115,0.007582460064440966,1,176.0,96.0
1.2.643.5.1.13.13.12.2.77.8252.15080409060108110106110204020115,0.028426123782992363,1,208.0,176.0
1.2.643.5.1.13.13.12.2.77.8252.15080409060108110106110204020115,0.12111112475395203,1,240.0,240.0
1.2.643.5.1.13.13.12.2.77.8252.15080409060108110106110204020115,0.027118077501654625,1,252.0,144.0
1.2.643.5.1.13.13.12.2.77.8252.15080409060108110106110204020115,0.1163710206747055,1,64.0,48.0
1.2.643.5.1.13.13.12.2.77.8252.15080409060108110106110204020115,0.025902077555656433,1,224.0,128.0
1.2.643.5.1.13.13.12.2.77.8252.15080409060108110106110204020115,0.12925323843955994,1,48.0,96.0
1.2.643.5.1.13.13.12.2.77.8252.15080409060108110106110204020115,0.031078439205884933,1,160.0,48.0
1.2.643.5.1.13.13.12.2.77.8252.15080409060108110106110204020115,0.06723500043153763,1,112.0,80.0
1.2.643.5.1.13.13.12.2.77.8252.15080409060108110106110204020115,0.018051840364933014,1,160.0,208.0
1.2.643.5.1.13.13.12.2.77.8252.15080409060108110106110204020115,0.004305652808398008,1,176.0,144.0
1.2.643.5.1.13.13.12.2.77.8252.15080409060108110106110204020115,0.07314831018447876,1,112.0,256.0
1.2.643.5.1.13.13.12.2.77.8252.15080409060108110106110204020115,0.01862017624080181,1,144.0,208.0
1.2.643.5.1.13.13.12.2.77.8252.15080409060108110106110204020115,0.34662649035453796,1,80.0,144.0
1.2.643.5.1.13.13.12.2.77.8252.15080409060108110106110204020115,0.11354944854974747,1,224.0,224.0
1.2.643.5.1.13.13.12.2.77.8252.15080409060108110106110204020115,0.09937112033367157,1,80.0,192.0
1.2.643.5.1.13.13.12.2.77.8252.15080409060108110106110204020115,0.2675800919532776,1,64.0,112.0
1.2.643.5.1.13.13.12.2.77.8252.15080409060108110106110204020115,0.06627333164215088,1,144.0,240.0
1.2.643.5.1.13.13.12.2.77.8252.15080409060108110106110204020115,0.2768438756465912,1,208.0,240.0
1.2.643.5.1.13.13.12.2.77.8252.15080409060108110106110204020115,0.26652801036834717,1,144.0,272.0
1.2.643.5.1.13.13.12.2.77.8252.15080409060108110106110204020115,0.027142927050590515,1,252.0,112.0
1.2.643.5.1.13.13.12.2.77.8252.15080409060108110106110204020115,0.019173514097929,1,128.0,80.0
1.2.643.5.1.13.13.12.2.77.8252.15080409060108110106110204020115,0.26237449049949646,1,80.0,176.0
1.2.643.5.1.13.13.12.2.77.8252.15080409060108110106110204020115,0.007547202054411173,1,144.0,128.0
1.2.643.5.1.13.13.12.2.77.8252.15080409060108110106110204020115,0.017601914703845978,1,208.0,48.0
1.2.643.5.1.13.13.12.2.77.8252.15080409060108110106110204020115,0.1456971913576126,1,48.0,176.0
1.2.643.5.1.13.13.12.2.77.8252.15080409060108110106110204020115,0.013098074123263359,1,208.0,64.0
1.2.643.5.1.13.13.12.2.77.8252.15080409060108110106110204020115,0.056080564856529236,1,252.0,224.0
1.2.643.5.1.13.13.12.2.77.8252.15080409060108110106110204020115,0.02769497036933899,1,128.0,176.0
1.2.643.5.1.13.13.12.2.77.8252.15080409060108110106110204020115,0.07609175145626068,1,176.0,240.0
1.2.643.5.1.13.13.12.2.77.8252.15080409060108110106110204020115,0.0208479892462492,1,128.0,48.0
1.2.643.5.1.13.13.12.2.77.8252.15080409060108110106110204020115,0.07534150034189224,1,64.0,256.0
1.2.643.5.1.13.13.12.2.77.8252.15080409060108110106110204020115,0.2559105455875397,1,80.0,128.0
1.2.643.5.1.13.13.12.2.77.8252.15080409060108110106110204020115,0.00682312436401844,1,160.0,176.0
1.2.643.5.1.13.13.12.2.77.8252.15080409060108110106110204020115,0.11369302868843079,1,80.0,240.0
1.2.643.5.1.13.13.12.2.77.8252.15080409060108110106110204020115,0.14847446978092194,1,64.0,208.0
1.2.643.5.1.13.13.12.2.77.8252.15080409060108110106110204020115,0.0077798026613891125,1,176.0,80.0
1.2.643.5.1.13.13.12.2.77.8252.06151311061015011100110511080701,0.046599093824625015,1,112.0,144.0
1.2.643.5.1.13.13.12.2.77.8252.06151311061015011100110511080701,0.04141399264335632,1,160.0,270.0
1.2.643.5.1.13.13.12.2.77.8252.06151311061015011100110511080701,0.04891546443104744,1,192.0,160.0
1.2.643.5.1.13.13.12.2.77.8252.06151311061015011100110511080701,0.03118847869336605,1,48.0,112.0
1.2.643.5.1.13.13.12.2.77.8252.06151311061015011100110511080701,0.037909675389528275,1,176.0,192.0
1.2.643.5.1.13.13.12.2.77.8252.06151311061015011100110511080701,0.06911518424749374,1,64.0,80.0
1.2.643.5.1.13.13.12.2.77.8252.06151311061015011100110511080701,0.04196958988904953,1,176.0,128.0
1.2.643.5.1.13.13.12.2.77.8252.06151311061015011100110511080701,0.35742855072021484,1,252.0,224.0
1.2.643.5.1.13.13.12.2.77.8252.06151311061015011100110511080701,0.050105705857276917,1,96.0,176.0
1.2.643.5.1.13.13.12.2.77.8252.06151311061015011100110511080701,0.04073891043663025,1,160.0,160.0
1.2.643.5.1.13.13.12.2.77.8252.06151311061015011100110511080701,0.059697285294532776,1,176.0,270.0
1.2.643.5.1.13.13.12.2.77.8252.06151311061015011100110511080701,0.10619974136352539,1,252.0,144.0
1.2.643.5.1.13.13.12.2.77.8252.06151311061015011100110511080701,0.033046118915081024,1,160.0,192.0
1.2.643.5.1.13.13.12.2.77.8252.06151311061015011100110511080701,0.10080097615718842,1,112.0,80.0
1.2.643.5.1.13.13.12.2.77.8252.06151311061015011100110511080701,0.06254074722528458,1,96.0,144.0
1.2.643.5.1.13.13.12.2.77.8252.06151311061015011100110511080701,0.03790060803294182,1,112.0,208.0
1.2.643.5.1.13.13.12.2.77.8252.06151311061015011100110511080701,0.1799759566783905,1,252.0,80.0
1.2.643.5.1.13.13.12.2.77.8252.06151311061015011100110511080701,0.03413384035229683,1,64.0,160.0
1.2.643.5.1.13.13.12.2.77.8252.06151311061015011100110511080701,0.044978611171245575,1,112.0,160.0
1.2.643.5.1.13.13.12.2.77.8252.06151311061015011100110511080701,0.06382738798856735,1,128.0,270.0
1.2.643.5.1.13.13.12.2.77.8252.06151311061015011100110511080701,0.11777925491333008,1,192.0,256.0
1.2.643.5.1.13.13.12.2.77.8252.06151311061015011100110511080701,0.14755134284496307,1,252.0,96.0
1.2.643.5.1.13.13.12.2.77.8252.06151311061015011100110511080701,0.07696083933115005,1,112.0,256.0
1.2.643.5.1.13.13.12.2.77.8252.06151311061015011100110511080701,0.01838099956512451,1,160.0,208.0
1.2.643.5.1.13.13.12.2.77.8252.06151311061015011100110511080701,0.09780586510896683,1,192.0,240.0
1.2.643.5.1.13.13.12.2.77.8252.06151311061015011100110511080701,0.05162937566637993,1,80.0,176.0
1.2.643.5.1.13.13.12.2.77.8252.06151311061015011100110511080701,0.03000515140593052,1,144.0,48.0
1.2.643.5.1.13.13.12.2.77.8252.06151311061015011100110511080701,0.04030480608344078,1,64.0,208.0
1.2.643.5.1.13.13.12.2.77.8252.06151311061015011100110511080701,0.026362359523773193,1,176.0,144.0
1.2.643.5.1.13.13.12.2.77.8252.06151311061015011100110511080701,0.07401853054761887,1,128.0,256.0
1.2.643.5.1.13.13.12.2.77.8252.06151311061015011100110511080701,0.03509475663304329,1,144.0,256.0
1.2.643.5.1.13.13.12.2.77.8252.06151311061015011100110511080701,0.06863176077604294,1,80.0,128.0
1.2.643.5.1.13.13.12.2.77.8252.06151311061015011100110511080701,0.034201376140117645,1,160.0,80.0
1.2.643.5.1.13.13.12.2.77.8252.06151311061015011100110511080701,0.053855739533901215,1,96.0,224.0
1.2.643.5.1.13.13.12.2.77.8252.06151311061015011100110511080701,0.02355330064892769,1,144.0,160.0
1.2.643.5.1.13.13.12.2.77.8252.06151311061015011100110511080701,0.024160796776413918,1,48.0,160.0
1.2.643.5.1.13.13.12.2.77.8252.06151311061015011100110511080701,0.031905025243759155,1,176.0,176.0
1.2.643.5.1.13.13.12.2.77.8252.06151311061015011100110511080701,0.023620938882231712,1,144.0,64.0
1.2.643.5.1.13.13.12.2.77.8252.06151311061015011100110511080701,0.044066332280635834,1,96.0,160.0
1.2.643.5.1.13.13.12.2.77.8252.06151311061015011100110511080701,0.12501132488250732,1,96.0,80.0
1.2.643.5.1.13.13.12.2.77.8252.11100109131006120600020910050910,0.11527679860591888,1,144.0,80.0
1.2.643.5.1.13.13.12.2.77.8252.11100109131006120600020910050910,0.15950070321559906,1,112.0,80.0
1.2.643.5.1.13.13.12.2.77.8252.11100109131006120600020910050910,0.08730174601078033,1,240.0,256.0
1.2.643.5.1.13.13.12.2.77.8252.11100109131006120600020910050910,0.1685350388288498,1,160.0,112.0
1.2.643.5.1.13.13.12.2.77.8252.11100109131006120600020910050910,0.33360162377357483,1,96.0,112.0
1.2.643.5.1.13.13.12.2.77.8252.11100109131006120600020910050910,0.3792906105518341,1,96.0,80.0
1.2.643.5.1.13.13.12.2.77.8252.11100109131006120600020910050910,0.3147951662540436,1,224.0,48.0
1.2.643.5.1.13.13.12.2.77.8252.11100109131006120600020910050910,0.3444405794143677,1,176.0,240.0
1.2.643.5.1.13.13.12.2.77.8252.11100109131006120600020910050910,0.07453420013189316,1,112.0,160.0
1.2.643.5.1.13.13.12.2.77.8252.11100109131006120600020910050910,0.11326741427183151,1,208.0,240.0
1.2.643.5.1.13.13.12.2.77.8252.11100109131006120600020910050910,0.13047738373279572,1,192.0,240.0
1.2.643.5.1.13.13.12.2.77.8252.11100109131006120600020910050910,0.07879471033811569,1,128.0,96.0
1.2.643.5.1.13.13.12.2.77.8252.11100109131006120600020910050910,0.07708323746919632,1,96.0,192.0
1.2.643.5.1.13.13.12.2.77.8252.11100109131006120600020910050910,0.5678672790527344,1,112.0,48.0
1.2.643.5.1.13.13.12.2.77.8252.11100109131006120600020910050910,0.11795500665903091,1,128.0,112.0
1.2.643.5.1.13.13.12.2.77.8252.11100109131006120600020910050910,0.01328663993626833,1,252.0,240.0
1.2.643.5.1.13.13.12.2.77.8252.11100109131006120600020910050910,0.13405446708202362,1,80.0,96.0
1.2.643.5.1.13.13.12.2.77.8252.11100109131006120600020910050910,0.24526050686836243,1,224.0,64.0
1.2.643.5.1.13.13.12.2.77.8252.11100109131006120600020910050910,0.06713760644197464,1,80.0,128.0
1.2.643.5.1.13.13.12.2.77.8252.11100109131006120600020910050910,0.06153446063399315,1,252.0,128.0
1.2.643.5.1.13.13.12.2.77.8252.11100109131006120600020910050910,0.7048307657241821,1,80.0,48.0
1.2.643.5.1.13.13.12.2.77.8252.11100109131006120600020910050910,0.13373935222625732,1,112.0,96.0
1.2.643.5.1.13.13.12.2.77.8252.11100109131006120600020910050910,0.042148150503635406,1,48.0,128.0
1.2.643.5.1.13.13.12.2.77.8252.11100109131006120600020910050910,0.1762150228023529,1,112.0,128.0
1.2.643.5.1.13.13.12.2.77.8252.11100109131006120600020910050910,0.01717643439769745,1,252.0,192.0
1.2.643.5.1.13.13.12.2.77.8252.11100109131006120600020910050910,0.02212267369031906,1,48.0,208.0
1.2.643.5.1.13.13.12.2.77.8252.11100109131006120600020910050910,0.07317844778299332,1,252.0,112.0
1.2.643.5.1.13.13.12.2.77.8252.11100109131006120600020910050910,0.08886315673589706,1,252.0,80.0
1.2.643.5.1.13.13.12.2.77.8252.11100109131006120600020910050910,0.029466334730386734,1,48.0,144.0
1.2.643.5.1.13.13.12.2.77.8252.11100109131006120600020910050910,0.011049221269786358,1,252.0,224.0
1.2.643.5.1.13.13.12.2.77.8252.11100109131006120600020910050910,0.0866219699382782,1,112.0,192.0
1.2.643.5.1.13.13.12.2.77.8252.11100109131006120600020910050910,0.021669212728738785,1,48.0,240.0
1.2.643.5.1.13.13.12.2.77.8252.11100109131006120600020910050910,0.13581232726573944,1,160.0,192.0
1.2.643.5.1.13.13.12.2.77.8252.11100109131006120600020910050910,0.013057411648333073,1,252.0,208.0
1.2.643.5.1.13.13.12.2.77.8252.11100109131006120600020910050910,0.045680932700634,1,192.0,160.0
1.2.643.5.1.13.13.12.2.77.8252.11100109131006120600020910050910,0.2929306924343109,1,144.0,256.0
1.2.643.5.1.13.13.12.2.77.8252.11100109131006120600020910050910,0.102009117603302,1,80.0,112.0
1.2.643.5.1.13.13.12.2.77.8252.11100109131006120600020910050910,0.0271832887083292,1,192.0,192.0
1.2.643.5.1.13.13.12.2.77.8252.11100109131006120600020910050910,0.08203098177909851,1,192.0,96.0
1.2.643.5.1.13.13.12.2.77.8252.11100109131006120600020910050910,0.05949849262833595,1,252.0,270.0
1.2.643.5.1.13.13.12.2.77.8252.06020510071406141308051102110806,0.047082219272851944,1,240.0,128.0
1.2.643.5.1.13.13.12.2.77.8252.06020510071406141308051102110806,0.09548966586589813,1,224.0,144.0
1.2.643.5.1.13.13.12.2.77.8252.06020510071406141308051102110806,0.5083411931991577,1,112.0,244.0
1.2.643.5.1.13.13.12.2.77.8252.06020510071406141308051102110806,0.18498115241527557,1,80.0,112.0
1.2.643.5.1.13.13.12.2.77.8252.06020510071406141308051102110806,0.6321325898170471,1,128.0,244.0
1.2.643.5.1.13.13.12.2.77.8252.06020510071406141308051102110806,0.03217261657118797,1,48.0,176.0
1.2.643.5.1.13.13.12.2.77.8252.06020510071406141308051102110806,0.051094260066747665,1,252.0,244.0
1.2.643.5.1.13.13.12.2.77.8252.06020510071406141308051102110806,0.06800388544797897,1,240.0,80.0
1.2.643.5.1.13.13.12.2.77.8252.06020510071406141308051102110806,0.051174622029066086,1,240.0,208.0
1.2.643.5.1.13.13.12.2.77.8252.06020510071406141308051102110806,0.0786566510796547,1,64.0,112.0
1.2.643.5.1.13.13.12.2.77.8252.06020510071406141308051102110806,0.08307507634162903,1,64.0,224.0
1.2.643.5.1.13.13.12.2.77.8252.06020510071406141308051102110806,0.13940304517745972,1,192.0,176.0
1.2.643.5.1.13.13.12.2.77.8252.06020510071406141308051102110806,0.2383086085319519,1,160.0,80.0
1.2.643.5.1.13.13.12.2.77.8252.06020510071406141308051102110806,0.08882418274879456,1,48.0,96.0
1.2.643.5.1.13.13.12.2.77.8252.06020510071406141308051102110806,0.14214947819709778,1,144.0,144.0
1.2.643.5.1.13.13.12.2.77.8252.06020510071406141308051102110806,0.311116486787796,1,112.0,64.0
1.2.643.5.1.13.13.12.2.77.8252.06020510071406141308051102110806,0.138544961810112,1,176.0,80.0
1.2.643.5.1.13.13.12.2.77.8252.06020510071406141308051102110806,0.032542601227760315,1,252.0,96.0
1.2.643.5.1.13.13.12.2.77.8252.06020510071406141308051102110806,0.25449851155281067,1,208.0,244.0
1.2.643.5.1.13.13.12.2.77.8252.06020510071406141308051102110806,0.7329362034797668,1,144.0,244.0
1.2.643.5.1.13.13.12.2.77.8252.06020510071406141308051102110806,0.041556429117918015,1,252.0,80.0
1.2.643.5.1.13.13.12.2.77.8252.06020510071406141308051102110806,0.23355838656425476,1,144.0,160.0
1.2.643.5.1.13.13.12.2.77.8252.06020510071406141308051102110806,0.048616696149110794,1,240.0,176.0
1.2.643.5.1.13.13.12.2.77.8252.06020510071406141308051102110806,0.050998348742723465,1,240.0,144.0
1.2.643.5.1.13.13.12.2.77.8252.06020510071406141308051102110806,0.3350405693054199,1,176.0,240.0
1.2.643.5.1.13.13.12.2.77.8252.06020510071406141308051102110806,0.705215573310852,1,144.0,240.0
1.2.643.5.1.13.13.12.2.77.8252.06020510071406141308051102110806,0.111773282289505,1,208.0,208.0
1.2.643.5.1.13.13.12.2.77.8252.06020510071406141308051102110806,0.05785147845745087,1,48.0,112.0
1.2.643.5.1.13.13.12.2.77.8252.06020510071406141308051102110806,0.35903632640838623,1,64.0,48.0
1.2.643.5.1.13.13.12.2.77.8252.06020510071406141308051102110806,0.03816087171435356,1,64.0,144.0
1.2.643.5.1.13.13.12.2.77.8252.06020510071406141308051102110806,0.03229432925581932,1,252.0,176.0
1.2.643.5.1.13.13.12.2.77.8252.06020510071406141308051102110806,0.5300538539886475,1,112.0,240.0
1.2.643.5.1.13.13.12.2.77.8252.06020510071406141308051102110806,0.05330084264278412,1,240.0,160.0
1.2.643.5.1.13.13.12.2.77.8252.06020510071406141308051102110806,0.373393714427948,1,192.0,244.0
1.2.643.5.1.13.13.12.2.77.8252.06020510071406141308051102110806,0.26645439863204956,1,96.0,96.0
1.2.643.5.1.13.13.12.2.77.8252.06020510071406141308051102110806,0.0398818701505661,1,48.0,128.0
1.2.643.5.1.13.13.12.2.77.8252.06020510071406141308051102110806,0.047195713967084885,1,240.0,112.0
1.2.643.5.1.13.13.12.2.77.8252.06020510071406141308051102110806,0.039258163422346115,1,252.0,224.0
1.2.643.5.1.13.13.12.2.77.8252.06020510071406141308051102110806,0.10700061172246933,1,80.0,176.0
1.2.643.5.1.13.13.12.2.77.8252.06020510071406141308051102110806,0.09245457500219345,1,224.0,224.0
1.2.643.5.1.13.13.12.2.77.8252.07080813110202150000000512100700,0.18807284533977509,1,86.0,18.5
1.2.643.5.1.13.13.12.2.77.8252.07080813110202150000000512100700,0.6674185991287231,1,55.5,10.0
1.2.643.5.1.13.13.12.2.77.8252.07080813110202150000000512100700,0.35165441036224365,1,48.0,48.0
1.2.643.5.1.13.13.12.2.77.8252.07080813110202150000000512100700,0.32667475938796997,1,64.0,48.0
1.2.643.5.1.13.13.12.2.77.8252.07080813110202150000000512100700,0.3271533250808716,1,80.0,48.0
1.2.643.5.1.13.13.12.2.77.8252.07080813110202150000000512100700,0.34549131989479065,1,96.0,48.0
1.2.643.5.1.13.13.12.2.77.8252.07080813110202150000000512100700,0.41539040207862854,1,112.0,48.0
1.2.643.5.1.13.13.12.2.77.8252.07080813110202150000000512100700,0.5186428427696228,1,128.0,48.0
1.2.643.5.1.13.13.12.2.77.8252.07080813110202150000000512100700,0.3407500386238098,1,48.0,64.0
1.2.643.5.1.13.13.12.2.77.8252.07080813110202150000000512100700,0.37093809247016907,1,64.0,64.0
1.2.643.5.1.13.13.12.2.77.8252.07080813110202150000000512100700,0.35959428548812866,1,80.0,64.0
1.2.643.5.1.13.13.12.2.77.8252.07080813110202150000000512100700,0.44850265979766846,1,96.0,64.0
1.2.643.5.1.13.13.12.2.77.8252.07080813110202150000000512100700,0.6388295888900757,1,112.0,64.0
1.2.643.5.1.13.13.12.2.77.8252.07080813110202150000000512100700,0.02874048799276352,1,80.0,240.0
1.2.643.5.1.13.13.12.2.77.8252.07080813110202150000000512100700,0.09738440066576004,1,128.0,112.0
1.2.643.5.1.13.13.12.2.77.8252.07080813110202150000000512100700,0.025260712951421738,1,252.0,208.0
1.2.643.5.1.13.13.12.2.77.8252.07080813110202150000000512100700,0.024033518508076668,1,240.0,160.0
1.2.643.5.1.13.13.12.2.77.8252.07080813110202150000000512100700,0.10783057659864426,1,160.0,128.0
1.2.643.5.1.13.13.12.2.77.8252.07080813110202150000000512100700,0.015800058841705322,1,224.0,160.0
1.2.643.5.1.13.13.12.2.77.8252.07080813110202150000000512100700,0.5888711214065552,1,176.0,80.0
1.2.643.5.1.13.13.12.2.77.8252.07080813110202150000000512100700,0.10940439254045486,1,144.0,112.0
1.2.643.5.1.13.13.12.2.77.8252.07080813110202150000000512100700,0.19003960490226746,1,252.0,48.0
1.2.643.5.1.13.13.12.2.77.8252.07080813110202150000000512100700,0.016350653022527695,1,224.0,144.0
1.2.643.5.1.13.13.12.2.77.8252.07080813110202150000000512100700,0.01661589741706848,1,208.0,176.0
1.2.643.5.1.13.13.12.2.77.8252.07080813110202150000000512100700,0.24646984040737152,1,112.0,112.0
1.2.643.5.1.13.13.12.2.77.8252.07080813110202150000000512100700,0.06306057423353195,1,160.0,208.0
1.2.643.5.1.13.13.12.2.77.8252.07080813110202150000000512100700,0.12785786390304565,1,160.0,112.0
1.2.643.5.1.13.13.12.2.77.8252.07080813110202150000000512100700,0.03759210184216499,1,252.0,112.0
1.2.643.5.1.13.13.12.2.77.8252.07080813110202150000000512100700,0.4329882562160492,1,208.0,48.0
1.2.643.5.1.13.13.12.2.77.8252.07080813110202150000000512100700,0.013805878348648548,1,192.0,176.0
1.2.643.5.1.13.13.12.2.77.8252.07080813110202150000000512100700,0.0659378245472908,1,224.0,240.0
1.2.643.5.1.13.13.12.2.77.8252.07080813110202150000000512100700,0.025966400280594826,1,64.0,240.0
1.2.643.5.1.13.13.12.2.77.8252.07080813110202150000000512100700,0.5419668555259705,1,192.0,48.0
1.2.643.5.1.13.13.12.2.77.8252.07080813110202150000000512100700,0.07441253960132599,1,252.0,240.0
1.2.643.5.1.13.13.12.2.77.8252.07080813110202150000000512100700,0.12159793823957443,1,48.0,112.0
1.2.643.5.1.13.13.12.2.77.8252.07080813110202150000000512100700,0.08118018507957458,1,252.0,64.0
1.2.643.5.1.13.13.12.2.77.8252.07080813110202150000000512100700,0.021422401070594788,1,252.0,160.0
1.2.643.5.1.13.13.12.2.77.8252.07080813110202150000000512100700,0.03709161654114723,1,192.0,144.0
1.2.643.5.1.13.13.12.2.77.8252.07080813110202150000000512100700,0.10398101806640625,1,112.0,144.0
1.2.643.5.1.13.13.12.2.77.8252.07080813110202150000000512100700,0.3939666748046875,1,176.0,96.0
1.2.643.5.1.13.13.12.2.77.8252.07080813110202150000000512100700,0.038509998470544815,1,252.0,224.0
1.2.643.5.1.13.13.12.2.77.8252.07080813110202150000000512100700,0.0860293060541153,1,224.0,96.0
1.2.643.5.1.13.13.12.2.77.8252.07080813110202150000000512100700,0.02902432717382908,1,192.0,208.0
1.2.643.5.1.13.13.12.2.77.8252.07080813110202150000000512100700,0.13452571630477905,1,144.0,241.0
1.2.643.5.1.13.13.12.2.77.8252.07080813110202150000000512100700,0.029354102909564972,1,64.0,176.0
1.2.643.5.1.13.13.12.2.77.8252.07080813110202150000000512100700,0.025812450796365738,1,48.0,208.0
1.2.643.5.1.13.13.12.2.77.8252.07080813110202150000000512100700,0.07416797429323196,1,128.0,240.0
1.2.643.5.1.13.13.12.2.77.8252.07080813110202150000000512100700,0.032916538417339325,1,144.0,208.0
1.2.643.5.1.13.13.12.2.77.8252.07080813110202150000000512100700,0.08499475568532944,1,160.0,144.0
1.2.643.5.1.13.13.12.2.77.8252.07080813110202150000000512100700,0.061992257833480835,1,96.0,241.0
1.2.643.5.1.13.13.12.2.77.8252.07080813110202150000000512100700,0.03585981950163841,1,240.0,224.0
1.2.643.5.1.13.13.12.2.77.8252.07080813110202150000000512100700,0.060916468501091,1,240.0,96.0
1.2.643.5.1.13.13.12.2.77.8252.07080813110202150000000512100700,0.0509553886950016,1,240.0,241.0
1.2.643.5.1.13.13.12.2.77.8252.11011500050713141305050211140308,0.017103120684623718,1,144.0,144.0
1.2.643.5.1.13.13.12.2.77.8252.11011500050713141305050211140308,0.04171034321188927,1,252.0,96.0
1.2.643.5.1.13.13.12.2.77.8252.11011500050713141305050211140308,0.038196831941604614,1,48.0,224.0
1.2.643.5.1.13.13.12.2.77.8252.11011500050713141305050211140308,0.06495792418718338,1,112.0,224.0
1.2.643.5.1.13.13.12.2.77.8252.11011500050713141305050211140308,0.04418160766363144,1,112.0,128.0
1.2.643.5.1.13.13.12.2.77.8252.11011500050713141305050211140308,0.05245887488126755,1,224.0,112.0
1.2.643.5.1.13.13.12.2.77.8252.11011500050713141305050211140308,0.5071326494216919,1,176.0,270.0
1.2.643.5.1.13.13.12.2.77.8252.11011500050713141305050211140308,0.03195354714989662,1,252.0,192.0
1.2.643.5.1.13.13.12.2.77.8252.11011500050713141305050211140308,0.03001035563647747,1,64.0,144.0
1.2.643.5.1.13.13.12.2.77.8252.11011500050713141305050211140308,0.027778154239058495,1,112.0,144.0
1.2.643.5.1.13.13.12.2.77.8252.11011500050713141305050211140308,0.04188196361064911,1,224.0,160.0
1.2.643.5.1.13.13.12.2.77.8252.11011500050713141305050211140308,0.017078137025237083,1,192.0,144.0
1.2.643.5.1.13.13.12.2.77.8252.11011500050713141305050211140308,0.05899311229586601,1,80.0,48.0
1.2.643.5.1.13.13.12.2.77.8252.11011500050713141305050211140308,0.049636226147413254,1,176.0,208.0
1.2.643.5.1.13.13.12.2.77.8252.11011500050713141305050211140308,0.3326049745082855,1,144.0,256.0
1.2.643.5.1.13.13.12.2.77.8252.11011500050713141305050211140308,0.06371867656707764,1,252.0,224.0
1.2.643.5.1.13.13.12.2.77.8252.11011500050713141305050211140308,0.07307213544845581,1,192.0,240.0
1.2.643.5.1.13.13.12.2.77.8252.11011500050713141305050211140308,0.04688519984483719,1,64.0,224.0
1.2.643.5.1.13.13.12.2.77.8252.11011500050713141305050211140308,0.09151537716388702,1,144.0,64.0
1.2.643.5.1.13.13.12.2.77.8252.11011500050713141305050211140308,0.02913195639848709,1,64.0,80.0
1.2.643.5.1.13.13.12.2.77.8252.11011500050713141305050211140308,0.07151957601308823,1,144.0,112.0
1.2.643.5.1.13.13.12.2.77.8252.11011500050713141305050211140308,0.07425136119127274,1,64.0,48.0
1.2.643.5.1.13.13.12.2.77.8252.11011500050713141305050211140308,0.09188006818294525,1,128.0,48.0
1.2.643.5.1.13.13.12.2.77.8252.11011500050713141305050211140308,0.026968780905008316,1,144.0,128.0
1.2.643.5.1.13.13.12.2.77.8252.11011500050713141305050211140308,0.053146835416555405,1,160.0,176.0
1.2.643.5.1.13.13.12.2.77.8252.11011500050713141305050211140308,0.02741285227239132,1,160.0,160.0
1.2.643.5.1.13.13.12.2.77.8252.11011500050713141305050211140308,0.03863490745425224,1,96.0,144.0
1.2.643.5.1.13.13.12.2.77.8252.11011500050713141305050211140308,0.029100187122821808,1,64.0,128.0
1.2.643.5.1.13.13.12.2.77.8252.11011500050713141305050211140308,0.3346249461174011,1,48.0,270.0
1.2.643.5.1.13.13.12.2.77.8252.11011500050713141305050211140308,0.24440041184425354,1,208.0,256.0
1.2.643.5.1.13.13.12.2.77.8252.11011500050713141305050211140308,0.029282471165060997,1,208.0,176.0
1.2.643.5.1.13.13.12.2.77.8252.11011500050713141305050211140308,0.12363983690738678,1,160.0,112.0
1.2.643.5.1.13.13.12.2.77.8252.11011500050713141305050211140308,0.07900875806808472,1,112.0,48.0
1.2.643.5.1.13.13.12.2.77.8252.11011500050713141305050211140308,0.023916559293866158,1,48.0,128.0
1.2.643.5.1.13.13.12.2.77.8252.11011500050713141305050211140308,0.05457594245672226,1,96.0,112.0
1.2.643.5.1.13.13.12.2.77.8252.11011500050713141305050211140308,0.03302899748086929,1,96.0,192.0
1.2.643.5.1.13.13.12.2.77.8252.11011500050713141305050211140308,0.5990307331085205,1,112.0,270.0
1.2.643.5.1.13.13.12.2.77.8252.11011500050713141305050211140308,0.05019013583660126,1,252.0,80.0
1.2.643.5.1.13.13.12.2.77.8252.11011500050713141305050211140308,0.054246075451374054,1,112.0,96.0
1.2.643.5.1.13.13.12.2.77.8252.11011500050713141305050211140308,0.04191938415169716,1,144.0,96.0
1.2.643.5.1.13.13.12.2.77.8252.02031401091510001200041308031003,0.9809027910232544,1,58.0,24.0
1.2.643.5.1.13.13.12.2.77.8252.02031401091510001200041308031003,0.9948803186416626,1,251.0,15.0
1.2.643.5.1.13.13.12.2.77.8252.02031401091510001200041308031003,0.9514958262443542,1,48.0,48.0
1.2.643.5.1.13.13.12.2.77.8252.02031401091510001200041308031003,0.9500963687896729,1,64.0,48.0
1.2.643.5.1.13.13.12.2.77.8252.02031401091510001200041308031003,0.9171105027198792,1,80.0,48.0
1.2.643.5.1.13.13.12.2.77.8252.02031401091510001200041308031003,0.7312249541282654,1,96.0,48.0
1.2.643.5.1.13.13.12.2.77.8252.02031401091510001200041308031003,0.9757526516914368,1,208.0,48.0
1.2.643.5.1.13.13.12.2.77.8252.02031401091510001200041308031003,0.9657201170921326,1,224.0,48.0
1.2.643.5.1.13.13.12.2.77.8252.02031401091510001200041308031003,0.9778384566307068,1,240.0,48.0
1.2.643.5.1.13.13.12.2.77.8252.02031401091510001200041308031003,0.984143853187561,1,252.0,48.0
1.2.643.5.1.13.13.12.2.77.8252.02031401091510001200041308031003,0.9312625527381897,1,48.0,64.0
1.2.643.5.1.13.13.12.2.77.8252.02031401091510001200041308031003,0.9098809957504272,1,64.0,64.0
1.2.643.5.1.13.13.12.2.77.8252.02031401091510001200041308031003,0.16082452237606049,1,80.0,256.0
1.2.643.5.1.13.13.12.2.77.8252.02031401091510001200041308031003,0.09908729791641235,1,240.0,256.0
1.2.643.5.1.13.13.12.2.77.8252.02031401091510001200041308031003,0.3120129704475403,1,64.0,160.0
1.2.643.5.1.13.13.12.2.77.8252.02031401091510001200041308031003,0.28571876883506775,1,252.0,128.0
1.2.643.5.1.13.13.12.2.77.8252.02031401091510001200041308031003,0.5150587558746338,1,128.0,270.0
1.2.643.5.1.13.13.12.2.77.8252.02031401091510001200041308031003,0.18423640727996826,1,80.0,270.0
1.2.643.5.1.13.13.12.2.77.8252.02031401091510001200041308031003,0.621740996837616,1,192.0,112.0
1.2.643.5.1.13.13.12.2.77.8252.02031401091510001200041308031003,0.2033606469631195,1,192.0,240.0
1.2.643.5.1.13.13.12.2.77.8252.02031401091510001200041308031003,0.3315843939781189,1,112.0,270.0
1.2.643.5.1.13.13.12.2.77.8252.02031401091510001200041308031003,0.41271331906318665,1,48.0,128.0
1.2.643.5.1.13.13.12.2.77.8252.02031401091510001200041308031003,0.6803707480430603,1,160.0,270.0
1.2.643.5.1.13.13.12.2.77.8252.02031401091510001200041308031003,0.2456456422805786,1,176.0,192.0
1.2.643.5.1.13.13.12.2.77.8252.02031401091510001200041308031003,0.23572733998298645,1,160.0,224.0
1.2.643.5.1.13.13.12.2.77.8252.02031401091510001200041308031003,0.33922138810157776,1,112.0,192.0
1.2.643.5.1.13.13.12.2.77.8252.02031401091510001200041308031003,0.19823867082595825,1,128.0,224.0
1.2.643.5.1.13.13.12.2.77.8252.02031401091510001200041308031003,0.527721107006073,1,224.0,112.0
1.2.643.5.1.13.13.12.2.77.8252.02031401091510001200041308031003,0.43252915143966675,1,224.0,128.0
1.2.643.5.1.13.13.12.2.77.8252.02031401091510001200041308031003,0.29355043172836304,1,80.0,192.0
1.2.643.5.1.13.13.12.2.77.8252.02031401091510001200041308031003,0.327163964509964,1,144.0,160.0
1.2.643.5.1.13.13.12.2.77.8252.02031401091510001200041308031003,0.3778435289859772,1,192.0,256.0
1.2.643.5.1.13.13.12.2.77.8252.02031401091510001200041308031003,0.16523528099060059,1,128.0,176.0
1.2.643.5.1.13.13.12.2.77.8252.02031401091510001200041308031003,0.10795855522155762,1,252.0,256.0
1.2.643.5.1.13.13.12.2.77.8252.02031401091510001200041308031003,0.1847512274980545,1,240.0,176.0
1.2.643.5.1.13.13.12.2.77.8252.02031401091510001200041308031003,0.15702490508556366,1,48.0,192.0
1.2.643.5.1.13.13.12.2.77.8252.02031401091510001200041308031003,0.1216258779168129,1,96.0,270.0
1.2.643.5.1.13.13.12.2.77.8252.02031401091510001200041308031003,0.12157343327999115,1,64.0,256.0
1.2.643.5.1.13.13.12.2.77.8252.02031401091510001200041308031003,0.3778604567050934,1,128.0,144.0
1.2.643.5.1.13.13.12.2.77.8252.02031401091510001200041308031003,0.41002628207206726,1,64.0,128.0
1.2.643.5.1.13.13.12.2.77.8252.02031401091510001200041308031003,0.2357015311717987,1,160.0,176.0
1.2.643.5.1.13.13.12.2.77.8252.02031401091510001200041308031003,0.380143940448761,1,128.0,240.0
1.2.643.5.1.13.13.12.2.77.8252.02031401091510001200041308031003,0.5191060304641724,1,208.0,128.0
1.2.643.5.1.13.13.12.2.77.8252.02031401091510001200041308031003,0.7126244306564331,1,208.0,112.0
1.2.643.5.1.13.13.12.2.77.8252.02031401091510001200041308031003,0.21343937516212463,1,252.0,144.0
1.2.643.5.1.13.13.12.2.77.8252.02031401091510001200041308031003,0.18767619132995605,1,144.0,176.0
1.2.643.5.1.13.13.12.2.77.8252.02031401091510001200041308031003,0.5134949088096619,1,160.0,256.0
1.2.643.5.1.13.13.12.2.77.8252.02031401091510001200041308031003,0.07938589155673981,1,224.0,224.0
1.2.643.5.1.13.13.12.2.77.8252.02031401091510001200041308031003,0.47820809483528137,1,144.0,128.0
1.2.643.5.1.13.13.12.2.77.8252.02031401091510001200041308031003,0.22428801655769348,1,208.0,208.0
1.2.643.5.1.13.13.12.2.77.8252.02031401091510001200041308031003,0.10462729632854462,1,96.0,256.0
1.2.643.5.1.13.13.12.2.77.8252.02031401091510001200041308031003,0.5756365656852722,1,96.0,144.0
1.2.643.5.1.13.13.12.2.77.8252.04000404020304020301120408100801,0.9999803304672241,1,62.0,56.5
1.2.643.5.1.13.13.12.2.77.8252.04000404020304020301120408100801,0.9999624490737915,1,246.0,80.5
1.2.643.5.1.13.13.12.2.77.8252.04000404020304020301120408100801,0.9978457689285278,1,167.5,36.5
1.2.643.5.1.13.13.12.2.77.8252.04000404020304020301120408100801,0.9998756647109985,1,48.0,48.0
1.2.643.5.1.13.13.12.2.77.8252.04000404020304020301120408100801,0.9999136924743652,1,64.0,48.0
1.2.643.5.1.13.13.12.2.77.8252.04000404020304020301120408100801,0.9995545744895935,1,80.0,48.0
1.2.643.5.1.13.13.12.2.77.8252.04000404020304020301120408100801,0.9985560774803162,1,96.0,48.0
1.2.643.5.1.13.13.12.2.77.8252.04000404020304020301120408100801,0.9409648776054382,1,128.0,48.0
1.2.643.5.1.13.13.12.2.77.8252.04000404020304020301120408100801,0.924055814743042,1,144.0,48.0
1.2.643.5.1.13.13.12.2.77.8252.04000404020304020301120408100801,0.9916860461235046,1,160.0,48.0
1.2.643.5.1.13.13.12.2.77.8252.04000404020304020301120408100801,0.9983662962913513,1,176.0,48.0
1.2.643.5.1.13.13.12.2.77.8252.04000404020304020301120408100801,0.9997852444648743,1,192.0,48.0
1.2.643.5.1.13.13.12.2.77.8252.04000404020304020301120408100801,0.9997320771217346,1,208.0,48.0
1.2.643.5.1.13.13.12.2.77.8252.04000404020304020301120408100801,0.999835729598999,1,224.0,48.0
1.2.643.5.1.13.13.12.2.77.8252.04000404020304020301120408100801,0.9999370574951172,1,240.0,48.0
1.2.643.5.1.13.13.12.2.77.8252.04000404020304020301120408100801,0.9999181032180786,1,252.0,48.0
1.2.643.5.1.13.13.12.2.77.8252.04000404020304020301120408100801,0.9999949932098389,1,48.0,64.0
1.2.643.5.1.13.13.12.2.77.8252.04000404020304020301120408100801,0.9999970197677612,1,64.0,64.0
1.2.643.5.1.13.13.12.2.77.8252.04000404020304020301120408100801,0.9998874664306641,1,80.0,64.0
1.2.643.5.1.13.13.12.2.77.8252.04000404020304020301120408100801,0.998508870601654,1,96.0,64.0
1.2.643.5.1.13.13.12.2.77.8252.04000404020304020301120408100801,0.8540590405464172,1,144.0,64.0
1.2.643.5.1.13.13.12.2.77.8252.04000404020304020301120408100801,0.983590304851532,1,160.0,64.0
1.2.643.5.1.13.13.12.2.77.8252.04000404020304020301120408100801,0.9963514804840088,1,176.0,64.0
1.2.643.5.1.13.13.12.2.77.8252.04000404020304020301120408100801,0.9997672438621521,1,192.0,64.0
1.2.643.5.1.13.13.12.2.77.8252.04000404020304020301120408100801,0.9997168183326721,1,208.0,64.0
1.2.643.5.1.13.13.12.2.77.8252.04000404020304020301120408100801,0.9998570680618286,1,224.0,64.0
1.2.643.5.1.13.13.12.2.77.8252.04000404020304020301120408100801,0.999948263168335,1,240.0,64.0
1.2.643.5.1.13.13.12.2.77.8252.04000404020304020301120408100801,0.9999761581420898,1,252.0,64.0
1.2.643.5.1.13.13.12.2.77.8252.04000404020304020301120408100801,0.999998927116394,1,48.0,80.0
1.2.643.5.1.13.13.12.2.77.8252.04000404020304020301120408100801,0.9999988079071045,1,64.0,80.0
1.2.643.5.1.13.13.12.2.77.8252.04000404020304020301120408100801,0.9997711777687073,1,80.0,80.0
1.2.643.5.1.13.13.12.2.77.8252.04000404020304020301120408100801,0.9612265825271606,1,160.0,80.0
1.2.643.5.1.13.13.12.2.77.8252.04000404020304020301120408100801,0.9903726577758789,1,176.0,80.0
1.2.643.5.1.13.13.12.2.77.8252.04000404020304020301120408100801,0.9992421865463257,1,192.0,80.0
1.2.643.5.1.13.13.12.2.77.8252.04000404020304020301120408100801,0.9997639060020447,1,208.0,80.0
1.2.643.5.1.13.13.12.2.77.8252.04000404020304020301120408100801,0.9998563528060913,1,224.0,80.0
1.2.643.5.1.13.13.12.2.77.8252.04000404020304020301120408100801,0.9999426603317261,1,240.0,80.0
1.2.643.5.1.13.13.12.2.77.8252.04000404020304020301120408100801,0.9999719858169556,1,252.0,80.0
1.2.643.5.1.13.13.12.2.77.8252.04000404020304020301120408100801,0.999997615814209,1,48.0,96.0
1.2.643.5.1.13.13.12.2.77.8252.04000404020304020301120408100801,0.9999972581863403,1,64.0,96.0
1.2.643.5.1.13.13.12.2.77.8252.04000404020304020301120408100801,0.9987515211105347,1,208.0,96.0
1.2.643.5.1.13.13.12.2.77.8252.04000404020304020301120408100801,0.9997673630714417,1,224.0,96.0
1.2.643.5.1.13.13.12.2.77.8252.04000404020304020301120408100801,0.9998633861541748,1,240.0,96.0
1.2.643.5.1.13.13.12.2.77.8252.04000404020304020301120408100801,0.999937891960144,1,252.0,96.0
1.2.643.5.1.13.13.12.2.77.8252.04000404020304020301120408100801,0.9892336130142212,1,208.0,112.0
1.2.643.5.1.13.13.12.2.77.8252.04000404020304020301120408100801,0.9976003766059875,1,224.0,112.0
1.2.643.5.1.13.13.12.2.77.8252.04000404020304020301120408100801,0.9996393918991089,1,240.0,112.0
1.2.643.5.1.13.13.12.2.77.8252.04000404020304020301120408100801,0.9998799562454224,1,252.0,112.0
1.2.643.5.1.13.13.12.2.77.8252.04000404020304020301120408100801,0.8829125761985779,1,240.0,128.0
1.2.643.5.1.13.13.12.2.77.8252.04000404020304020301120408100801,0.9842993021011353,1,252.0,128.0
1.2.643.5.1.13.13.12.2.77.8252.04000404020304020301120408100801,0.1288001835346222,1,208.0,269.0
1.2.643.5.1.13.13.12.2.77.8252.04000404020304020301120408100801,0.06039576977491379,1,240.0,176.0
1.2.643.5.1.13.13.12.2.77.8252.04000404020304020301120408100801,0.05216241255402565,1,240.0,224.0
1.2.643.5.1.13.13.12.2.77.8252.04000404020304020301120408100801,0.10662145167589188,1,96.0,224.0
1.2.643.5.1.13.13.12.2.77.8252.04000404020304020301120408100801,0.0367257259786129,1,176.0,240.0
1.2.643.5.1.13.13.12.2.77.8252.04000404020304020301120408100801,0.03210350498557091,1,160.0,256.0
1.2.643.5.1.13.13.12.2.77.8252.04000404020304020301120408100801,0.09277882426977158,1,224.0,176.0
1.2.643.5.1.13.13.12.2.77.8252.04000404020304020301120408100801,0.032344311475753784,1,192.0,208.0
1.2.643.5.1.13.13.12.2.77.8252.04000404020304020301120408100801,0.06412237882614136,1,224.0,240.0
1.2.643.5.1.13.13.12.2.77.8252.04000404020304020301120408100801,0.05027935653924942,1,240.0,192.0
1.2.643.5.1.13.13.12.2.77.8252.04000404020304020301120408100801,0.04514987766742706,1,128.0,192.0
1.2.643.5.1.13.13.12.2.77.8252.04000404020304020301120408100801,0.03743559494614601,1,144.0,240.0
1.2.643.5.1.13.13.12.2.77.8252.04000404020304020301120408100801,0.06839045882225037,1,64.0,192.0
1.2.643.5.1.13.13.12.2.77.8252.04000404020304020301120408100801,0.07114283740520477,1,224.0,256.0
1.2.643.5.1.13.13.12.2.77.8252.04000404020304020301120408100801,0.03968743234872818,1,192.0,224.0
1.2.643.5.1.13.13.12.2.77.8252.04000404020304020301120408100801,0.12288739532232285,1,208.0,176.0
1.2.643.5.1.13.13.12.2.77.8252.04000404020304020301120408100801,0.08118540793657303,1,224.0,208.0
1.2.643.5.1.13.13.12.2.77.8252.04000404020304020301120408100801,0.07476375997066498,1,224.0,192.0
1.2.643.5.1.13.13.12.2.77.8252.04000404020304020301120408100801,0.06508582085371017,1,80.0,240.0
1.2.643.5.1.13.13.12.2.77.8252.04000404020304020301120408100801,0.02218853309750557,1,176.0,256.0
1.2.643.5.1.13.13.12.2.77.8252.04000404020304020301120408100801,0.1420685350894928,1,224.0,269.0
1.2.643.5.1.13.13.12.2.77.8252.04000404020304020301120408100801,0.05820633843541145,1,208.0,240.0
1.2.643.5.1.13.13.12.2.77.8252.04000404020304020301120408100801,0.03878835216164589,1,128.0,240.0
1.2.643.5.1.13.13.12.2.77.8252.04000404020304020301120408100801,0.07326161861419678,1,240.0,269.0
1.2.643.5.1.13.13.12.2.77.8252.04000404020304020301120408100801,0.06145443394780159,1,160.0,269.0
1.2.643.5.1.13.13.12.2.77.8252.04000404020304020301120408100801,0.021695729345083237,1,128.0,256.0
1.2.643.5.1.13.13.12.2.77.8252.04000404020304020301120408100801,0.02831411175429821,1,48.0,240.0
1.2.643.5.1.13.13.12.2.77.8252.04000404020304020301120408100801,0.10577885061502457,1,80.0,208.0
1.2.643.5.1.13.13.12.2.77.8252.04000404020304020301120408100801,0.031902313232421875,1,48.0,256.0
1.2.643.5.1.13.13.12.2.77.8252.04000404020304020301120408100801,0.1253281831741333,1,96.0,208.0
1.2.643.5.1.13.13.12.2.77.8252.04000404020304020301120408100801,0.0979933887720108,1,192.0,176.0
1.2.643.5.1.13.13.12.2.77.8252.04000404020304020301120408100801,0.03833337500691414,1,252.0,176.0
1.2.643.5.1.13.13.12.2.77.8252.04000404020304020301120408100801,0.028353149071335793,1,160.0,208.0
1.2.643.5.1.13.13.12.2.77.8252.04000404020304020301120408100801,0.03804592788219452,1,252.0,224.0
1.2.643.5.1.13.13.12.2.77.8252.04000404020304020301120408100801,0.05980059877038002,1,252.0,269.0
1.2.643.5.1.13.13.12.2.77.8252.04000404020304020301120408100801,0.14467374980449677,1,80.0,192.0
1.2.643.5.1.13.13.12.2.77.8252.04000404020304020301120408100801,0.05234736204147339,1,160.0,240.0
1.2.643.5.1.13.13.12.2.77.8252.04000404020304020301120408100801,0.07774355262517929,1,80.0,224.0
1.2.643.5.1.13.13.12.2.77.8252.04000404020304020301120408100801,0.0396612286567688,1,64.0,256.0
1.2.643.5.1.13.13.12.2.77.8252.04000404020304020301120408100801,0.10590673238039017,1,96.0,269.0
1.2.643.5.1.13.13.12.2.77.8252.02060605151213121009151302130207,0.3684910833835602,1,96.0,48.0
1.2.643.5.1.13.13.12.2.77.8252.02060605151213121009151302130207,0.131499245762825,1,128.0,240.0
1.2.643.5.1.13.13.12.2.77.8252.02060605151213121009151302130207,0.058233149349689484,1,80.0,256.0
1.2.643.5.1.13.13.12.2.77.8252.02060605151213121009151302130207,0.32216399908065796,1,208.0,256.0
1.2.643.5.1.13.13.12.2.77.8252.02060605151213121009151302130207,0.8713226914405823,1,192.0,128.0
1.2.643.5.1.13.13.12.2.77.8252.02060605151213121009151302130207,0.02951042540371418,1,48.0,192.0
1.2.643.5.1.13.13.12.2.77.8252.02060605151213121009151302130207,0.42560648918151855,1,80.0,96.0
1.2.643.5.1.13.13.12.2.77.8252.02060605151213121009151302130207,0.6137494444847107,1,160.0,256.0
1.2.643.5.1.13.13.12.2.77.8252.02060605151213121009151302130207,0.23729628324508667,1,160.0,192.0
1.2.643.5.1.13.13.12.2.77.8252.02060605151213121009151302130207,0.0722605288028717,1,96.0,192.0
1.2.643.5.1.13.13.12.2.77.8252.02060605151213121009151302130207,0.541143000125885,1,112.0,48.0
1.2.643.5.1.13.13.12.2.77.8252.02060605151213121009151302130207,0.41101953387260437,1,96.0,112.0
1.2.643.5.1.13.13.12.2.77.8252.02060605151213121009151302130207,0.8610738515853882,1,192.0,112.0
1.2.643.5.1.13.13.12.2.77.8252.02060605151213121009151302130207,0.21906644105911255,1,112.0,269.0
1.2.643.5.1.13.13.12.2.77.8252.02060605151213121009151302130207,0.1755039095878601,1,96.0,160.0
1.2.643.5.1.13.13.12.2.77.8252.02060605151213121009151302130207,0.03764981031417847,1,48.0,176.0
1.2.643.5.1.13.13.12.2.77.8252.02060605151213121009151302130207,0.9114186763763428,1,192.0,96.0
1.2.643.5.1.13.13.12.2.77.8252.02060605151213121009151302130207,0.866901159286499,1,128.0,80.0
1.2.643.5.1.13.13.12.2.77.8252.02060605151213121009151302130207,0.8106374740600586,1,128.0,64.0
1.2.643.5.1.13.13.12.2.77.8252.02060605151213121009151302130207,0.6021263599395752,1,144.0,256.0
1.2.643.5.1.13.13.12.2.77.8252.02060605151213121009151302130207,0.14806777238845825,1,144.0,176.0
1.2.643.5.1.13.13.12.2.77.8252.02060605151213121009151302130207,0.0373818576335907,1,240.0,256.0
1.2.643.5.1.13.13.12.2.77.8252.02060605151213121009151302130207,0.1776381880044937,1,208.0,160.0
1.2.643.5.1.13.13.12.2.77.8252.02060605151213121009151302130207,0.08763217180967331,1,224.0,176.0
1.2.643.5.1.13.13.12.2.77.8252.02060605151213121009151302130207,0.07797814905643463,1,80.0,176.0
1.2.643.5.1.13.13.12.2.77.8252.02060605151213121009151302130207,0.22345805168151855,1,160.0,224.0
1.2.643.5.1.13.13.12.2.77.8252.02060605151213121009151302130207,0.05424167215824127,1,192.0,208.0
1.2.643.5.1.13.13.12.2.77.8252.02060605151213121009151302130207,0.03886363282799721,1,80.0,208.0
1.2.643.5.1.13.13.12.2.77.8252.02060605151213121009151302130207,0.04879715293645859,1,112.0,208.0
1.2.643.5.1.13.13.12.2.77.8252.02060605151213121009151302130207,0.1538287252187729,1,192.0,240.0
1.2.643.5.1.13.13.12.2.77.8252.02060605151213121009151302130207,0.8400733470916748,1,176.0,128.0
1.2.643.5.1.13.13.12.2.77.8252.02060605151213121009151302130207,0.061019375920295715,1,240.0,176.0
1.2.643.5.1.13.13.12.2.77.8252.02060605151213121009151302130207,0.025082673877477646,1,64.0,240.0
1.2.643.5.1.13.13.12.2.77.8252.02060605151213121009151302130207,0.16112269461154938,1,80.0,160.0
1.2.643.5.1.13.13.12.2.77.8252.02060605151213121009151302130207,0.033731959760189056,1,80.0,240.0
1.2.643.5.1.13.13.12.2.77.8252.02060605151213121009151302130207,0.949142336845398,1,176.0,80.0
1.2.643.5.1.13.13.12.2.77.8252.02060605151213121009151302130207,0.055924948304891586,1,128.0,208.0
1.2.643.5.1.13.13.12.2.77.8252.02060605151213121009151302130207,0.44851258397102356,1,96.0,64.0
1.2.643.5.1.13.13.12.2.77.8252.02060605151213121009151302130207,0.06325165927410126,1,48.0,160.0
1.2.643.5.1.13.13.12.2.77.8252.02060605151213121009151302130207,0.04764195531606674,1,64.0,176.0
1.2.643.5.1.13.13.12.2.77.8252.15090515141309140806011408041204,0.4589924216270447,1,48.5,88.5
1.2.643.5.1.13.13.12.2.77.8252.15090515141309140806011408041204,0.529837965965271,1,48.0,48.0
1.2.643.5.1.13.13.12.2.77.8252.15090515141309140806011408041204,0.345132052898407,1,64.0,48.0
1.2.643.5.1.13.13.12.2.77.8252.15090515141309140806011408041204,0.32854700088500977,1,80.0,48.0
1.2.643.5.1.13.13.12.2.77.8252.15090515141309140806011408041204,0.5752682089805603,1,48.0,64.0
1.2.643.5.1.13.13.12.2.77.8252.15090515141309140806011408041204,0.34931132197380066,1,64.0,64.0
1.2.643.5.1.13.13.12.2.77.8252.15090515141309140806011408041204,0.36066845059394836,1,80.0,64.0
1.2.643.5.1.13.13.12.2.77.8252.15090515141309140806011408041204,0.5848463773727417,1,96.0,64.0
1.2.643.5.1.13.13.12.2.77.8252.15090515141309140806011408041204,0.48601359128952026,1,48.0,80.0
1.2.643.5.1.13.13.12.2.77.8252.15090515141309140806011408041204,0.38628438115119934,1,64.0,80.0
1.2.643.5.1.13.13.12.2.77.8252.15090515141309140806011408041204,0.38884595036506653,1,80.0,80.0
1.2.643.5.1.13.13.12.2.77.8252.15090515141309140806011408041204,0.648663341999054,1,96.0,80.0
1.2.643.5.1.13.13.12.2.77.8252.15090515141309140806011408041204,0.4513430595397949,1,48.0,96.0
1.2.643.5.1.13.13.12.2.77.8252.15090515141309140806011408041204,0.35277625918388367,1,64.0,96.0
1.2.643.5.1.13.13.12.2.77.8252.15090515141309140806011408041204,0.24299676716327667,1,80.0,96.0
1.2.643.5.1.13.13.12.2.77.8252.15090515141309140806011408041204,0.440361887216568,1,96.0,96.0
1.2.643.5.1.13.13.12.2.77.8252.15090515141309140806011408041204,0.3300274908542633,1,48.0,112.0
1.2.643.5.1.13.13.12.2.77.8252.15090515141309140806011408041204,0.32392269372940063,1,64.0,112.0
1.2.643.5.1.13.13.12.2.77.8252.15090515141309140806011408041204,0.22332626581192017,1,80.0,112.0
1.2.643.5.1.13.13.12.2.77.8252.15090515141309140806011408041204,0.3063802719116211,1,96.0,112.0
1.2.643.5.1.13.13.12.2.77.8252.15090515141309140806011408041204,0.27436402440071106,1,48.0,128.0
1.2.643.5.1.13.13.12.2.77.8252.15090515141309140806011408041204,0.27988171577453613,1,64.0,128.0
1.2.643.5.1.13.13.12.2.77.8252.15090515141309140806011408041204,0.18970414996147156,1,80.0,128.0
1.2.643.5.1.13.13.12.2.77.8252.15090515141309140806011408041204,0.1199188306927681,1,64.0,224.0
1.2.643.5.1.13.13.12.2.77.8252.15090515141309140806011408041204,0.46762415766716003,1,208.0,208.0
1.2.643.5.1.13.13.12.2.77.8252.15090515141309140806011408041204,0.0790955051779747,1,48.0,240.0
1.2.643.5.1.13.13.12.2.77.8252.15090515141309140806011408041204,0.5392383933067322,1,144.0,208.0
1.2.643.5.1.13.13.12.2.77.8252.15090515141309140806011408041204,0.5348849296569824,1,144.0,224.0
1.2.643.5.1.13.13.12.2.77.8252.15090515141309140806011408041204,0.129271999001503,1,240.0,160.0
1.2.643.5.1.13.13.12.2.77.8252.15090515141309140806011408041204,0.5993738770484924,1,128.0,192.0
1.2.643.5.1.13.13.12.2.77.8252.15090515141309140806011408041204,0.24609053134918213,1,96.0,192.0
1.2.643.5.1.13.13.12.2.77.8252.15090515141309140806011408041204,0.21410465240478516,1,80.0,240.0
1.2.643.5.1.13.13.12.2.77.8252.15090515141309140806011408041204,0.12881846725940704,1,64.0,243.0
1.2.643.5.1.13.13.12.2.77.8252.15090515141309140806011408041204,0.22009062767028809,1,80.0,208.0
1.2.643.5.1.13.13.12.2.77.8252.15090515141309140806011408041204,0.8024961948394775,1,176.0,192.0
1.2.643.5.1.13.13.12.2.77.8252.15090515141309140806011408041204,0.19263717532157898,1,80.0,243.0
1.2.643.5.1.13.13.12.2.77.8252.15090515141309140806011408041204,0.5038886070251465,1,112.0,243.0
1.2.643.5.1.13.13.12.2.77.8252.15090515141309140806011408041204,0.49149104952812195,1,208.0,192.0
1.2.643.5.1.13.13.12.2.77.8252.15090515141309140806011408041204,0.26601076126098633,1,96.0,243.0
1.2.643.5.1.13.13.12.2.77.8252.15090515141309140806011408041204,0.34994176030158997,1,208.0,80.0
1.2.643.5.1.13.13.12.2.77.8252.15090515141309140806011408041204,0.1769309788942337,1,252.0,48.0
1.2.643.5.1.13.13.12.2.77.8252.15090515141309140806011408041204,0.9128605723381042,1,160.0,96.0
1.2.643.5.1.13.13.12.2.77.8252.15090515141309140806011408041204,0.39200904965400696,1,112.0,224.0
1.2.643.5.1.13.13.12.2.77.8252.15090515141309140806011408041204,0.38648107647895813,1,128.0,208.0
1.2.643.5.1.13.13.12.2.77.8252.15090515141309140806011408041204,0.22461950778961182,1,80.0,224.0
1.2.643.5.1.13.13.12.2.77.8252.15090515141309140806011408041204,0.585175096988678,1,192.0,64.0
1.2.643.5.1.13.13.12.2.77.8252.15090515141309140806011408041204,0.5624086260795593,1,128.0,243.0
1.2.643.5.1.13.13.12.2.77.8252.15090515141309140806011408041204,0.6120222210884094,1,176.0,224.0
1.2.643.5.1.13.13.12.2.77.8252.15090515141309140806011408041204,0.19846971333026886,1,252.0,243.0
1.2.643.5.1.13.13.12.2.77.8252.15090515141309140806011408041204,0.2901027500629425,1,224.0,48.0
1.2.643.5.1.13.13.12.2.77.8252.15090515141309140806011408041204,0.7166064381599426,1,192.0,128.0
1.2.643.5.1.13.13.12.2.77.8252.15090515141309140806011408041204,0.07183468341827393,1,48.0,224.0
1.2.643.5.1.13.13.12.2.77.8252.15090515141309140806011408041204,0.08744434267282486,1,252.0,160.0
1.2.643.5.1.13.13.12.2.77.8252.15090515141309140806011408041204,0.1640966385602951,1,224.0,80.0
1.2.643.5.1.13.13.12.2.77.8252.15090515141309140806011408041204,0.669859766960144,1,192.0,208.0
1.2.643.5.1.13.13.12.2.77.8252.15090515141309140806011408041204,0.6726686954498291,1,208.0,240.0
1.2.643.5.1.13.13.12.2.77.8252.15090515141309140806011408041204,0.2381988763809204,1,224.0,160.0
1.2.643.5.1.13.13.12.2.77.8252.15090515141309140806011408041204,0.9172914028167725,1,144.0,96.0
1.2.643.5.1.13.13.12.2.77.8252.15090515141309140806011408041204,0.6412311792373657,1,160.0,176.0
1.2.643.5.1.13.13.12.2.77.8252.15090515141309140806011408041204,0.1727633774280548,1,224.0,112.0
1.2.643.5.1.13.13.12.2.77.8252.15090515141309140806011408041204,0.4027585983276367,1,208.0,48.0
1.2.643.5.1.13.13.12.2.77.8252.15090515141309140806011408041204,0.41735199093818665,1,208.0,224.0
1.2.643.5.1.13.13.12.2.77.8252.15090515141309140806011408041204,0.1072375625371933,1,240.0,192.0
1.2.643.5.1.13.13.12.2.77.8252.01120104060301100213100004141203,0.031891245394945145,1,48.0,208.0
1.2.643.5.1.13.13.12.2.77.8252.01120104060301100213100004141203,0.014842703938484192,1,208.0,144.0
1.2.643.5.1.13.13.12.2.77.8252.01120104060301100213100004141203,0.14545507729053497,1,176.0,64.0
1.2.643.5.1.13.13.12.2.77.8252.01120104060301100213100004141203,0.06869293749332428,1,252.0,48.0
1.2.643.5.1.13.13.12.2.77.8252.01120104060301100213100004141203,0.04595613852143288,1,80.0,192.0
1.2.643.5.1.13.13.12.2.77.8252.01120104060301100213100004141203,0.07100008428096771,1,48.0,64.0
1.2.643.5.1.13.13.12.2.77.8252.01120104060301100213100004141203,0.17731225490570068,1,144.0,96.0
1.2.643.5.1.13.13.12.2.77.8252.01120104060301100213100004141203,0.12032397091388702,1,144.0,112.0
1.2.643.5.1.13.13.12.2.77.8252.01120104060301100213100004141203,0.014291711151599884,1,192.0,160.0
1.2.643.5.1.13.13.12.2.77.8252.01120104060301100213100004141203,0.06990820914506912,1,144.0,208.0
1.2.643.5.1.13.13.12.2.77.8252.01120104060301100213100004141203,0.038772113621234894,1,64.0,112.0
1.2.643.5.1.13.13.12.2.77.8252.01120104060301100213100004141203,0.05736011266708374,1,48.0,48.0
1.2.643.5.1.13.13.12.2.77.8252.01120104060301100213100004141203,0.051736295223236084,1,80.0,176.0
1.2.643.5.1.13.13.12.2.77.8252.01120104060301100213100004141203,0.024880146607756615,1,252.0,96.0
1.2.643.5.1.13.13.12.2.77.8252.01120104060301100213100004141203,0.05145755037665367,1,192.0,80.0
1.2.643.5.1.13.13.12.2.77.8252.01120104060301100213100004141203,0.07541654258966446,1,224.0,64.0
1.2.643.5.1.13.13.12.2.77.8252.01120104060301100213100004141203,0.02190629579126835,1,252.0,144.0
1.2.643.5.1.13.13.12.2.77.8252.01120104060301100213100004141203,0.29963985085487366,1,112.0,224.0
1.2.643.5.1.13.13.12.2.77.8252.01120104060301100213100004141203,0.14643947780132294,1,80.0,224.0
1.2.643.5.1.13.13.12.2.77.8252.01120104060301100213100004141203,0.02202817052602768,1,48.0,144.0
1.2.643.5.1.13.13.12.2.77.8252.01120104060301100213100004141203,0.021725406870245934,1,252.0,176.0
1.2.643.5.1.13.13.12.2.77.8252.01120104060301100213100004141203,0.029245620593428612,1,208.0,112.0
1.2.643.5.1.13.13.12.2.77.8252.01120104060301100213100004141203,0.09958741068840027,1,96.0,128.0
1.2.643.5.1.13.13.12.2.77.8252.01120104060301100213100004141203,0.15489941835403442,1,144.0,80.0
1.2.643.5.1.13.13.12.2.77.8252.01120104060301100213100004141203,0.027081310749053955,1,48.0,176.0
1.2.643.5.1.13.13.12.2.77.8252.01120104060301100213100004141203,0.10308467596769333,1,112.0,112.0
1.2.643.5.1.13.13.12.2.77.8252.01120104060301100213100004141203,0.17122918367385864,1,144.0,64.0
1.2.643.5.1.13.13.12.2.77.8252.01120104060301100213100004141203,0.008898976258933544,1,192.0,128.0
1.2.643.5.1.13.13.12.2.77.8252.01120104060301100213100004141203,0.05661510303616524,1,160.0,112.0
1.2.643.5.1.13.13.12.2.77.8252.01120104060301100213100004141203,0.09640446305274963,1,96.0,192.0
1.2.643.5.1.13.13.12.2.77.8252.01120104060301100213100004141203,0.03806855529546738,1,48.0,224.0
1.2.643.5.1.13.13.12.2.77.8252.01120104060301100213100004141203,0.08723630011081696,1,80.0,208.0
1.2.643.5.1.13.13.12.2.77.8252.01120104060301100213100004141203,0.025617757812142372,1,240.0,208.0
1.2.643.5.1.13.13.12.2.77.8252.01120104060301100213100004141203,0.08080048114061356,1,112.0,48.0
1.2.643.5.1.13.13.12.2.77.8252.01120104060301100213100004141203,0.19925843179225922,1,128.0,112.0
1.2.643.5.1.13.13.12.2.77.8252.01120104060301100213100004141203,0.033132877200841904,1,64.0,144.0
1.2.643.5.1.13.13.12.2.77.8252.01120104060301100213100004141203,0.15666863322257996,1,224.0,48.0
1.2.643.5.1.13.13.12.2.77.8252.01120104060301100213100004141203,0.033683743327856064,1,252.0,80.0
1.2.643.5.1.13.13.12.2.77.8252.01120104060301100213100004141203,0.021399328485131264,1,48.0,160.0
1.2.643.5.1.13.13.12.2.77.8252.01120104060301100213100004141203,0.10902978479862213,1,80.0,48.0
1.2.643.5.1.13.13.12.2.77.8252.05111111030105140803060510040613,0.02735918201506138,1,80.0,256.0
1.2.643.5.1.13.13.12.2.77.8252.05111111030105140803060510040613,0.09595200419425964,1,48.0,128.0
1.2.643.5.1.13.13.12.2.77.8252.05111111030105140803060510040613,0.4808175265789032,1,64.0,96.0
1.2.643.5.1.13.13.12.2.77.8252.05111111030105140803060510040613,0.39613616466522217,1,252.0,80.0
1.2.643.5.1.13.13.12.2.77.8252.05111111030105140803060510040613,0.06921166926622391,1,160.0,208.0
1.2.643.5.1.13.13.12.2.77.8252.05111111030105140803060510040613,0.03726678341627121,1,48.0,160.0
1.2.643.5.1.13.13.12.2.77.8252.05111111030105140803060510040613,0.025286009535193443,1,112.0,240.0
1.2.643.5.1.13.13.12.2.77.8252.05111111030105140803060510040613,0.10051878541707993,1,224.0,192.0
1.2.643.5.1.13.13.12.2.77.8252.05111111030105140803060510040613,0.036216333508491516,1,252.0,224.0
1.2.643.5.1.13.13.12.2.77.8252.05111111030105140803060510040613,0.08827812224626541,1,208.0,224.0
1.2.643.5.1.13.13.12.2.77.8252.05111111030105140803060510040613,0.03416367247700691,1,160.0,224.0
1.2.643.5.1.13.13.12.2.77.8252.05111111030105140803060510040613,0.031644582748413086,1,64.0,256.0
1.2.643.5.1.13.13.12.2.77.8252.05111111030105140803060510040613,0.023115118965506554,1,64.0,240.0
1.2.643.5.1.13.13.12.2.77.8252.05111111030105140803060510040613,0.4842887222766876,1,112.0,48.0
1.2.643.5.1.13.13.12.2.77.8252.05111111030105140803060510040613,0.4284541606903076,1,144.0,48.0
1.2.643.5.1.13.13.12.2.77.8252.05111111030105140803060510040613,0.18330475687980652,1,144.0,160.0
1.2.643.5.1.13.13.12.2.77.8252.05111111030105140803060510040613,0.44877389073371887,1,176.0,144.0
1.2.643.5.1.13.13.12.2.77.8252.05111111030105140803060510040613,0.4133915901184082,1,192.0,128.0
1.2.643.5.1.13.13.12.2.77.8252.05111111030105140803060510040613,0.03880158066749573,1,80.0,240.0
1.2.643.5.1.13.13.12.2.77.8252.05111111030105140803060510040613,0.023884166032075882,1,48.0,270.0
1.2.643.5.1.13.13.12.2.77.8252.05111111030105140803060510040613,0.5326414704322815,1,64.0,80.0
1.2.643.5.1.13.13.12.2.77.8252.05111111030105140803060510040613,0.3285408914089203,1,192.0,160.0
1.2.643.5.1.13.13.12.2.77.8252.05111111030105140803060510040613,0.2748807370662689,1,96.0,80.0
1.2.643.5.1.13.13.12.2.77.8252.05111111030105140803060510040613,0.34347012639045715,1,128.0,112.0
1.2.643.5.1.13.13.12.2.77.8252.05111111030105140803060510040613,0.04876291751861572,1,112.0,176.0
1.2.643.5.1.13.13.12.2.77.8252.05111111030105140803060510040613,0.5476805567741394,1,128.0,48.0
1.2.643.5.1.13.13.12.2.77.8252.05111111030105140803060510040613,0.07666018605232239,1,80.0,144.0
1.2.643.5.1.13.13.12.2.77.8252.05111111030105140803060510040613,0.052008092403411865,1,96.0,176.0
1.2.643.5.1.13.13.12.2.77.8252.05111111030105140803060510040613,0.3276241719722748,1,144.0,144.0
1.2.643.5.1.13.13.12.2.77.8252.05111111030105140803060510040613,0.02252458594739437,1,80.0,192.0
1.2.643.5.1.13.13.12.2.77.8252.05111111030105140803060510040613,0.26061540842056274,1,192.0,192.0
1.2.643.5.1.13.13.12.2.77.8252.05111111030105140803060510040613,0.3276558220386505,1,160.0,128.0
1.2.643.5.1.13.13.12.2.77.8252.05111111030105140803060510040613,0.0449996292591095,1,96.0,224.0
1.2.643.5.1.13.13.12.2.77.8252.05111111030105140803060510040613,0.3763056993484497,1,128.0,80.0
1.2.643.5.1.13.13.12.2.77.8252.05111111030105140803060510040613,0.3063182234764099,1,80.0,96.0
1.2.643.5.1.13.13.12.2.77.8252.05111111030105140803060510040613,0.2433149516582489,1,224.0,48.0
1.2.643.5.1.13.13.12.2.77.8252.05111111030105140803060510040613,0.03452174365520477,1,208.0,240.0
1.2.643.5.1.13.13.12.2.77.8252.05111111030105140803060510040613,0.18698254227638245,1,252.0,112.0
1.2.643.5.1.13.13.12.2.77.8252.05111111030105140803060510040613,0.11800402402877808,1,192.0,208.0
1.2.643.5.1.13.13.12.2.77.8252.05111111030105140803060510040613,0.04959398880600929,1,252.0,208.0
1.2.643.5.1.13.13.12.2.77.8252.12021011000615031102060001101203,0.10126346349716187,1,224.0,96.0
1.2.643.5.1.13.13.12.2.77.8252.12021011000615031102060001101203,0.0180532056838274,1,208.0,160.0
1.2.643.5.1.13.13.12.2.77.8252.12021011000615031102060001101203,0.13721279799938202,1,48.0,80.0
1.2.643.5.1.13.13.12.2.77.8252.12021011000615031102060001101203,0.323371559381485,1,224.0,48.0
1.2.643.5.1.13.13.12.2.77.8252.12021011000615031102060001101203,0.024170327931642532,1,240.0,256.0
1.2.643.5.1.13.13.12.2.77.8252.12021011000615031102060001101203,0.04485628753900528,1,48.0,192.0
1.2.643.5.1.13.13.12.2.77.8252.12021011000615031102060001101203,0.10157205909490585,1,48.0,48.0
1.2.643.5.1.13.13.12.2.77.8252.12021011000615031102060001101203,0.08916423469781876,1,240.0,96.0
1.2.643.5.1.13.13.12.2.77.8252.12021011000615031102060001101203,0.020858431234955788,1,160.0,80.0
1.2.643.5.1.13.13.12.2.77.8252.12021011000615031102060001101203,0.02136126346886158,1,192.0,96.0
1.2.643.5.1.13.13.12.2.77.8252.12021011000615031102060001101203,0.016364464536309242,1,192.0,64.0
1.2.643.5.1.13.13.12.2.77.8252.12021011000615031102060001101203,0.055411506444215775,1,112.0,267.0
1.2.643.5.1.13.13.12.2.77.8252.12021011000615031102060001101203,0.005090958904474974,1,176.0,267.0
1.2.643.5.1.13.13.12.2.77.8252.12021011000615031102060001101203,0.011084337718784809,1,160.0,224.0
1.2.643.5.1.13.13.12.2.77.8252.12021011000615031102060001101203,0.026459865272045135,1,224.0,240.0
1.2.643.5.1.13.13.12.2.77.8252.12021011000615031102060001101203,0.06986075639724731,1,80.0,192.0
1.2.643.5.1.13.13.12.2.77.8252.12021011000615031102060001101203,0.04022166505455971,1,112.0,64.0
1.2.643.5.1.13.13.12.2.77.8252.12021011000615031102060001101203,0.01712740957736969,1,176.0,96.0
1.2.643.5.1.13.13.12.2.77.8252.12021011000615031102060001101203,0.019542021676898003,1,128.0,160.0
1.2.643.5.1.13.13.12.2.77.8252.12021011000615031102060001101203,0.00942690297961235,1,144.0,48.0
1.2.643.5.1.13.13.12.2.77.8252.12021011000615031102060001101203,0.014110468327999115,1,128.0,224.0
1.2.643.5.1.13.13.12.2.77.8252.12021011000615031102060001101203,0.07556486874818802,1,48.0,176.0
1.2.643.5.1.13.13.12.2.77.8252.12021011000615031102060001101203,0.022788945585489273,1,176.0,80.0
1.2.643.5.1.13.13.12.2.77.8252.12021011000615031102060001101203,0.024247674271464348,1,112.0,224.0
1.2.643.5.1.13.13.12.2.77.8252.12021011000615031102060001101203,0.010737239383161068,1,192.0,192.0
1.2.643.5.1.13.13.12.2.77.8252.12021011000615031102060001101203,0.023283790796995163,1,252.0,208.0
1.2.643.5.1.13.13.12.2.77.8252.12021011000615031102060001101203,0.02560443803668022,1,112.0,160.0
1.2.643.5.1.13.13.12.2.77.8252.12021011000615031102060001101203,0.12637224793434143,1,96.0,144.0
1.2.643.5.1.13.13.12.2.77.8252.12021011000615031102060001101203,0.11415649205446243,1,64.0,160.0
1.2.643.5.1.13.13.12.2.77.8252.12021011000615031102060001101203,0.394791841506958,1,64.0,96.0
1.2.643.5.1.13.13.12.2.77.8252.12021011000615031102060001101203,0.015919124707579613,1,64.0,267.0
1.2.643.5.1.13.13.12.2.77.8252.12021011000615031102060001101203,0.07115601003170013,1,112.0,208.0
1.2.643.5.1.13.13.12.2.77.8252.12021011000615031102060001101203,0.10198884457349777,1,96.0,240.0
1.2.643.5.1.13.13.12.2.77.8252.12021011000615031102060001101203,0.02381688915193081,1,144.0,112.0
1.2.643.5.1.13.13.12.2.77.8252.12021011000615031102060001101203,0.02321513183414936,1,252.0,192.0
1.2.643.5.1.13.13.12.2.77.8252.12021011000615031102060001101203,0.04985729604959488,1,128.0,128.0
1.2.643.5.1.13.13.12.2.77.8252.12021011000615031102060001101203,0.06205910071730614,1,80.0,176.0
1.2.643.5.1.13.13.12.2.77.8252.12021011000615031102060001101203,0.032795410603284836,1,176.0,144.0
1.2.643.5.1.13.13.12.2.77.8252.12021011000615031102060001101203,0.05882646143436432,1,252.0,112.0
1.2.643.5.1.13.13.12.2.77.8252.12021011000615031102060001101203,0.06663571298122406,1,112.0,112.0
1.2.643.5.1.13.13.12.2.77.8252.12071204070300150506091512141413,0.07546358555555344,1,176.0,96.0
1.2.643.5.1.13.13.12.2.77.8252.12071204070300150506091512141413,0.6817878484725952,1,128.0,240.0
1.2.643.5.1.13.13.12.2.77.8252.12071204070300150506091512141413,0.08444127440452576,1,112.0,96.0
1.2.643.5.1.13.13.12.2.77.8252.12071204070300150506091512141413,0.0845925584435463,1,80.0,96.0
1.2.643.5.1.13.13.12.2.77.8252.12071204070300150506091512141413,0.14407005906105042,1,224.0,176.0
1.2.643.5.1.13.13.12.2.77.8252.12071204070300150506091512141413,0.17467917501926422,1,176.0,128.0
1.2.643.5.1.13.13.12.2.77.8252.12071204070300150506091512141413,0.7363277673721313,1,144.0,224.0
1.2.643.5.1.13.13.12.2.77.8252.12071204070300150506091512141413,0.26119059324264526,1,96.0,240.0
1.2.643.5.1.13.13.12.2.77.8252.12071204070300150506091512141413,0.17539845407009125,1,96.0,160.0
1.2.643.5.1.13.13.12.2.77.8252.12071204070300150506091512141413,0.5537426471710205,1,192.0,192.0
1.2.643.5.1.13.13.12.2.77.8252.12071204070300150506091512141413,0.11463465541601181,1,192.0,64.0
1.2.643.5.1.13.13.12.2.77.8252.12071204070300150506091512141413,0.07069051265716553,1,80.0,176.0
1.2.643.5.1.13.13.12.2.77.8252.12071204070300150506091512141413,0.33251261711120605,1,112.0,176.0
1.2.643.5.1.13.13.12.2.77.8252.12071204070300150506091512141413,0.18228067457675934,1,96.0,176.0
1.2.643.5.1.13.13.12.2.77.8252.12071204070300150506091512141413,0.1266099512577057,1,240.0,208.0
1.2.643.5.1.13.13.12.2.77.8252.12071204070300150506091512141413,0.10078258812427521,1,80.0,192.0
1.2.643.5.1.13.13.12.2.77.8252.12071204070300150506091512141413,0.8706750869750977,1,160.0,240.0
1.2.643.5.1.13.13.12.2.77.8252.12071204070300150506091512141413,0.09667427092790604,1,240.0,240.0
1.2.643.5.1.13.13.12.2.77.8252.12071204070300150506091512141413,0.22476020455360413,1,128.0,64.0
1.2.643.5.1.13.13.12.2.77.8252.12071204070300150506091512141413,0.12940703332424164,1,96.0,208.0
1.2.643.5.1.13.13.12.2.77.8252.12071204070300150506091512141413,0.1204642504453659,1,224.0,48.0
1.2.643.5.1.13.13.12.2.77.8252.12071204070300150506091512141413,0.850716233253479,1,144.0,240.0
1.2.643.5.1.13.13.12.2.77.8252.12071204070300150506091512141413,0.31183290481567383,1,224.0,267.0
1.2.643.5.1.13.13.12.2.77.8252.12071204070300150506091512141413,0.06376130133867264,1,240.0,96.0
1.2.643.5.1.13.13.12.2.77.8252.12071204070300150506091512141413,0.05631980672478676,1,252.0,192.0
1.2.643.5.1.13.13.12.2.77.8252.12071204070300150506091512141413,0.5586367845535278,1,208.0,240.0
1.2.643.5.1.13.13.12.2.77.8252.12071204070300150506091512141413,0.1873490810394287,1,96.0,224.0
1.2.643.5.1.13.13.12.2.77.8252.12071204070300150506091512141413,0.07662900537252426,1,224.0,128.0
1.2.643.5.1.13.13.12.2.77.8252.12071204070300150506091512141413,0.0998479425907135,1,252.0,64.0
1.2.643.5.1.13.13.12.2.77.8252.12071204070300150506091512141413,0.8757200241088867,1,160.0,256.0
1.2.643.5.1.13.13.12.2.77.8252.12071204070300150506091512141413,0.2592436671257019,1,96.0,48.0
1.2.643.5.1.13.13.12.2.77.8252.12071204070300150506091512141413,0.21866576373577118,1,176.0,48.0
1.2.643.5.1.13.13.12.2.77.8252.12071204070300150506091512141413,0.06518470495939255,1,144.0,80.0
1.2.643.5.1.13.13.12.2.77.8252.12071204070300150506091512141413,0.6552757024765015,1,176.0,267.0
1.2.643.5.1.13.13.12.2.77.8252.12071204070300150506091512141413,0.11015799641609192,1,64.0,112.0
1.2.643.5.1.13.13.12.2.77.8252.12071204070300150506091512141413,0.13684144616127014,1,48.0,64.0
1.2.643.5.1.13.13.12.2.77.8252.12071204070300150506091512141413,0.12751665711402893,1,224.0,192.0
1.2.643.5.1.13.13.12.2.77.8252.12071204070300150506091512141413,0.13643896579742432,1,208.0,128.0
1.2.643.5.1.13.13.12.2.77.8252.12071204070300150506091512141413,0.35642021894454956,1,144.0,160.0
1.2.643.5.1.13.13.12.2.77.8252.12071204070300150506091512141413,0.07209634780883789,1,64.0,160.0
1.2.643.5.1.13.13.12.2.77.8252.12060607091105150404131215110908,0.19578368961811066,1,240.0,288.0
1.2.643.5.1.13.13.12.2.77.8252.12060607091105150404131215110908,0.08742902427911758,1,176.0,128.0
1.2.643.5.1.13.13.12.2.77.8252.12060607091105150404131215110908,0.021587735041975975,1,192.0,256.0
1.2.643.5.1.13.13.12.2.77.8252.12060607091105150404131215110908,0.017313865944743156,1,176.0,176.0
1.2.643.5.1.13.13.12.2.77.8252.12060607091105150404131215110908,0.0426887683570385,1,112.0,176.0
1.2.643.5.1.13.13.12.2.77.8252.12060607091105150404131215110908,0.01669858768582344,1,144.0,64.0
1.2.643.5.1.13.13.12.2.77.8252.12060607091105150404131215110908,0.1849762499332428,1,48.0,64.0
1.2.643.5.1.13.13.12.2.77.8252.12060607091105150404131215110908,0.020857704803347588,1,128.0,208.0
1.2.643.5.1.13.13.12.2.77.8252.12060607091105150404131215110908,0.16202230751514435,1,240.0,80.0
1.2.643.5.1.13.13.12.2.77.8252.12060607091105150404131215110908,0.42785531282424927,1,96.0,240.0
1.2.643.5.1.13.13.12.2.77.8252.12060607091105150404131215110908,0.010809997096657753,1,160.0,208.0
1.2.643.5.1.13.13.12.2.77.8252.12060607091105150404131215110908,0.07161714136600494,1,128.0,272.0
1.2.643.5.1.13.13.12.2.77.8252.12060607091105150404131215110908,0.02770516835153103,1,176.0,48.0
1.2.643.5.1.13.13.12.2.77.8252.12060607091105150404131215110908,0.042698126286268234,1,192.0,112.0
1.2.643.5.1.13.13.12.2.77.8252.12060607091105150404131215110908,0.07887019217014313,1,80.0,64.0
1.2.643.5.1.13.13.12.2.77.8252.12060607091105150404131215110908,0.18203526735305786,1,144.0,240.0
1.2.643.5.1.13.13.12.2.77.8252.12060607091105150404131215110908,0.03771242871880531,1,192.0,48.0
1.2.643.5.1.13.13.12.2.77.8252.12060607091105150404131215110908,0.3751371204853058,1,252.0,48.0
1.2.643.5.1.13.13.12.2.77.8252.12060607091105150404131215110908,0.13818217813968658,1,208.0,288.0
1.2.643.5.1.13.13.12.2.77.8252.12060607091105150404131215110908,0.22723527252674103,1,144.0,298.0
1.2.643.5.1.13.13.12.2.77.8252.12060607091105150404131215110908,0.2041897177696228,1,224.0,48.0
1.2.643.5.1.13.13.12.2.77.8252.12060607091105150404131215110908,0.04392843320965767,1,144.0,96.0
1.2.643.5.1.13.13.12.2.77.8252.12060607091105150404131215110908,0.054147880524396896,1,192.0,208.0
1.2.643.5.1.13.13.12.2.77.8252.12060607091105150404131215110908,0.09511968493461609,1,128.0,224.0
1.2.643.5.1.13.13.12.2.77.8252.12060607091105150404131215110908,0.07012557983398438,1,160.0,288.0
1.2.643.5.1.13.13.12.2.77.8252.12060607091105150404131215110908,0.055173952132463455,1,240.0,256.0
1.2.643.5.1.13.13.12.2.77.8252.12060607091105150404131215110908,0.02835875190794468,1,128.0,192.0
1.2.643.5.1.13.13.12.2.77.8252.12060607091105150404131215110908,0.05043161287903786,1,252.0,176.0
1.2.643.5.1.13.13.12.2.77.8252.12060607091105150404131215110908,0.10021866858005524,1,208.0,64.0
1.2.643.5.1.13.13.12.2.77.8252.12060607091105150404131215110908,0.09310644865036011,1,64.0,144.0
1.2.643.5.1.13.13.12.2.77.8252.12060607091105150404131215110908,0.06264784932136536,1,48.0,272.0
1.2.643.5.1.13.13.12.2.77.8252.12060607091105150404131215110908,0.05474218726158142,1,48.0,224.0
1.2.643.5.1.13.13.12.2.77.8252.12060607091105150404131215110908,0.23554083704948425,1,64.0,80.0
1.2.643.5.1.13.13.12.2.77.8252.12060607091105150404131215110908,0.21881775557994843,1,64.0,48.0
1.2.643.5.1.13.13.12.2.77.8252.12060607091105150404131215110908,0.12185896188020706,1,128.0,288.0
1.2.643.5.1.13.13.12.2.77.8252.12060607091105150404131215110908,0.5306893587112427,1,96.0,298.0
1.2.643.5.1.13.13.12.2.77.8252.12060607091105150404131215110908,0.037344470620155334,1,240.0,176.0
1.2.643.5.1.13.13.12.2.77.8252.12060607091105150404131215110908,0.09124252200126648,1,208.0,160.0
1.2.643.5.1.13.13.12.2.77.8252.12060607091105150404131215110908,0.08328969776630402,1,192.0,224.0
1.2.643.5.1.13.13.12.2.77.8252.12060607091105150404131215110908,0.19182227551937103,1,208.0,80.0
1.2.643.5.1.13.13.12.2.77.8252.03020907090204060013031106111312,0.47014787793159485,1,208.0,128.0
1.2.643.5.1.13.13.12.2.77.8252.03020907090204060013031106111312,0.9183696508407593,1,176.0,192.0
1.2.643.5.1.13.13.12.2.77.8252.03020907090204060013031106111312,0.5784293413162231,1,176.0,237.0
1.2.643.5.1.13.13.12.2.77.8252.03020907090204060013031106111312,0.9227298498153687,1,144.0,224.0
1.2.643.5.1.13.13.12.2.77.8252.03020907090204060013031106111312,0.7366405725479126,1,208.0,160.0
1.2.643.5.1.13.13.12.2.77.8252.03020907090204060013031106111312,0.15819913148880005,1,252.0,128.0
1.2.643.5.1.13.13.12.2.77.8252.03020907090204060013031106111312,0.2051517218351364,1,48.0,128.0
1.2.643.5.1.13.13.12.2.77.8252.03020907090204060013031106111312,0.37168776988983154,1,224.0,64.0
1.2.643.5.1.13.13.12.2.77.8252.03020907090204060013031106111312,0.41273823380470276,1,240.0,224.0
1.2.643.5.1.13.13.12.2.77.8252.03020907090204060013031106111312,0.12770846486091614,1,64.0,192.0
1.2.643.5.1.13.13.12.2.77.8252.03020907090204060013031106111312,0.9539356827735901,1,160.0,112.0
1.2.643.5.1.13.13.12.2.77.8252.03020907090204060013031106111312,0.525844395160675,1,176.0,48.0
1.2.643.5.1.13.13.12.2.77.8252.03020907090204060013031106111312,0.8563887476921082,1,208.0,224.0
1.2.643.5.1.13.13.12.2.77.8252.03020907090204060013031106111312,0.8162214159965515,1,128.0,192.0
1.2.643.5.1.13.13.12.2.77.8252.03020907090204060013031106111312,0.9513176679611206,1,112.0,144.0
1.2.643.5.1.13.13.12.2.77.8252.03020907090204060013031106111312,0.27429190278053284,1,64.0,237.0
1.2.643.5.1.13.13.12.2.77.8252.03020907090204060013031106111312,0.8954280614852905,1,112.0,112.0
1.2.643.5.1.13.13.12.2.77.8252.03020907090204060013031106111312,0.2886595129966736,1,224.0,128.0
1.2.643.5.1.13.13.12.2.77.8252.03020907090204060013031106111312,0.11299201101064682,1,48.0,176.0
1.2.643.5.1.13.13.12.2.77.8252.03020907090204060013031106111312,0.3405746817588806,1,240.0,96.0
1.2.643.5.1.13.13.12.2.77.8252.03020907090204060013031106111312,0.1831049770116806,1,64.0,224.0
1.2.643.5.1.13.13.12.2.77.8252.03020907090204060013031106111312,0.8851304650306702,1,80.0,48.0
1.2.643.5.1.13.13.12.2.77.8252.03020907090204060013031106111312,0.5447722673416138,1,224.0,176.0
1.2.643.5.1.13.13.12.2.77.8252.03020907090204060013031106111312,0.6419596672058105,1,112.0,48.0
1.2.643.5.1.13.13.12.2.77.8252.03020907090204060013031106111312,0.9481369853019714,1,192.0,144.0
1.2.643.5.1.13.13.12.2.77.8252.03020907090204060013031106111312,0.4171704947948456,1,240.0,237.0
1.2.643.5.1.13.13.12.2.77.8252.03020907090204060013031106111312,0.8266376256942749,1,96.0,64.0
1.2.643.5.1.13.13.12.2.77.8252.03020907090204060013031106111312,0.6058549284934998,1,208.0,144.0
1.2.643.5.1.13.13.12.2.77.8252.03020907090204060013031106111312,0.8497851490974426,1,48.0,48.0
1.2.643.5.1.13.13.12.2.77.8252.03020907090204060013031106111312,0.9184053540229797,1,64.0,80.0
1.2.643.5.1.13.13.12.2.77.8252.03020907090204060013031106111312,0.7326555848121643,1,192.0,128.0
1.2.643.5.1.13.13.12.2.77.8252.03020907090204060013031106111312,0.6572279930114746,1,224.0,208.0
1.2.643.5.1.13.13.12.2.77.8252.03020907090204060013031106111312,0.9036478996276855,1,192.0,176.0
1.2.643.5.1.13.13.12.2.77.8252.03020907090204060013031106111312,0.6108313202857971,1,208.0,48.0
1.2.643.5.1.13.13.12.2.77.8252.03020907090204060013031106111312,0.2707729637622833,1,240.0,128.0
1.2.643.5.1.13.13.12.2.77.8252.03020907090204060013031106111312,0.13766027987003326,1,252.0,160.0
1.2.643.5.1.13.13.12.2.77.8252.03020907090204060013031106111312,0.11853764951229095,1,64.0,208.0
1.2.643.5.1.13.13.12.2.77.8252.03020907090204060013031106111312,0.4760575294494629,1,96.0,176.0
1.2.643.5.1.13.13.12.2.77.8252.03020907090204060013031106111312,0.09737534821033478,1,48.0,224.0
1.2.643.5.1.13.13.12.2.77.8252.03020907090204060013031106111312,0.39824360609054565,1,80.0,237.0
1.2.643.5.1.13.13.12.2.77.8252.04131001000110131311121304090609,0.6455081105232239,2,55.5,33.0
1.2.643.5.1.13.13.12.2.77.8252.04131001000110131311121304090609,0.16447436809539795,2,64.0,128.0
1.2.643.5.1.13.13.12.2.77.8252.04131001000110131311121304090609,0.7095475792884827,2,80.0,64.0
1.2.643.5.1.13.13.12.2.77.8252.04131001000110131311121304090609,0.0774117112159729,2,252.0,192.0
1.2.643.5.1.13.13.12.2.77.8252.04131001000110131311121304090609,0.041737351566553116,2,48.0,176.0
1.2.643.5.1.13.13.12.2.77.8252.04131001000110131311121304090609,0.08755558729171753,2,80.0,192.0
1.2.643.5.1.13.13.12.2.77.8252.04131001000110131311121304090609,0.2161022126674652,2,48.0,80.0
1.2.643.5.1.13.13.12.2.77.8252.04131001000110131311121304090609,0.7671008110046387,2,128.0,270.0
1.2.643.5.1.13.13.12.2.77.8252.04131001000110131311121304090609,0.20889520645141602,2,192.0,144.0
1.2.643.5.1.13.13.12.2.77.8252.04131001000110131311121304090609,0.27407458424568176,2,128.0,96.0
1.2.643.5.1.13.13.12.2.77.8252.04131001000110131311121304090609,0.3112056851387024,2,176.0,224.0
1.2.643.5.1.13.13.12.2.77.8252.04131001000110131311121304090609,0.35695680975914,2,128.0,128.0
1.2.643.5.1.13.13.12.2.77.8252.04131001000110131311121304090609,0.4228745400905609,2,64.0,80.0
1.2.643.5.1.13.13.12.2.77.8252.04131001000110131311121304090609,0.38596194982528687,2,160.0,176.0
1.2.643.5.1.13.13.12.2.77.8252.04131001000110131311121304090609,0.4420720934867859,2,160.0,192.0
1.2.643.5.1.13.13.12.2.77.8252.04131001000110131311121304090609,0.0751805454492569,2,240.0,160.0
1.2.643.5.1.13.13.12.2.77.8252.04131001000110131311121304090609,0.1960924118757248,2,224.0,128.0
1.2.643.5.1.13.13.12.2.77.8252.04131001000110131311121304090609,0.21735496819019318,2,192.0,192.0
1.2.643.5.1.13.13.12.2.77.8252.04131001000110131311121304090609,0.18562030792236328,2,192.0,160.0
1.2.643.5.1.13.13.12.2.77.8252.04131001000110131311121304090609,0.3744794726371765,2,208.0,112.0
1.2.643.5.1.13.13.12.2.77.8252.04131001000110131311121304090609,0.29189661145210266,2,176.0,144.0
1.2.643.5.1.13.13.12.2.77.8252.04131001000110131311121304090609,0.5627142190933228,2,160.0,240.0
1.2.643.5.1.13.13.12.2.77.8252.04131001000110131311121304090609,0.2298204004764557,2,96.0,208.0
1.2.643.5.1.13.13.12.2.77.8252.04131001000110131311121304090609,0.5066765546798706,2,144.0,48.0
1.2.643.5.1.13.13.12.2.77.8252.04131001000110131311121304090609,0.4100392162799835,2,224.0,96.0
1.2.643.5.1.13.13.12.2.77.8252.04131001000110131311121304090609,0.3835143446922302,2,80.0,96.0
1.2.643.5.1.13.13.12.2.77.8252.04131001000110131311121304090609,0.559263288974762,2,96.0,270.0
1.2.643.5.1.13.13.12.2.77.8252.04131001000110131311121304090609,0.34928539395332336,2,112.0,112.0
1.2.643.5.1.13.13.12.2.77.8252.04131001000110131311121304090609,0.20967997610569,2,64.0,112.0
1.2.643.5.1.13.13.12.2.77.8252.04131001000110131311121304090609,0.119301937520504,2,64.0,224.0
1.2.643.5.1.13.13.12.2.77.8252.04131001000110131311121304090609,0.6517876386642456,2,112.0,64.0
1.2.643.5.1.13.13.12.2.77.8252.04131001000110131311121304090609,0.38867148756980896,2,112.0,128.0
1.2.643.5.1.13.13.12.2.77.8252.04131001000110131311121304090609,0.34887218475341797,2,192.0,240.0
1.2.643.5.1.13.13.12.2.77.8252.04131001000110131311121304090609,0.20678794384002686,2,192.0,176.0
1.2.643.5.1.13.13.12.2.77.8252.04131001000110131311121304090609,0.0554988868534565,2,64.0,176.0
1.2.643.5.1.13.13.12.2.77.8252.04131001000110131311121304090609,0.3284635543823242,2,240.0,80.0
1.2.643.5.1.13.13.12.2.77.8252.04131001000110131311121304090609,0.18071933090686798,2,208.0,160.0
1.2.643.5.1.13.13.12.2.77.8252.04131001000110131311121304090609,0.4640212655067444,2,176.0,256.0
1.2.643.5.1.13.13.12.2.77.8252.04131001000110131311121304090609,0.2624102830886841,2,64.0,256.0
1.2.643.5.1.13.13.12.2.77.8252.04131001000110131311121304090609,0.0847913846373558,2,48.0,128.0
1.2.643.5.1.13.13.12.2.77.8252.04131001000110131311121304090609,0.11264264583587646,2,80.0,176.0
1.2.643.5.1.13.13.12.2.77.8252.01081107130715100908030700130001,0.9847270250320435,2,148.5,18.0
1.2.643.5.1.13.13.12.2.77.8252.01081107130715100908030700130001,0.9995377063751221,2,33.5,3.5
1.2.643.5.1.13.13.12.2.77.8252.01081107130715100908030700130001,0.9925978183746338,2,48.0,48.0
1.2.643.5.1.13.13.12.2.77.8252.01081107130715100908030700130001,0.979188859462738,2,64.0,48.0
1.2.643.5.1.13.13.12.2.77.8252.01081107130715100908030700130001,0.9089052081108093,2,80.0,48.0
1.2.643.5.1.13.13.12.2.77.8252.01081107130715100908030700130001,0.9057887196540833,2,112.0,48.0
1.2.643.5.1.13.13.12.2.77.8252.01081107130715100908030700130001,0.8732912540435791,2,128.0,48.0
1.2.643.5.1.13.13.12.2.77.8252.01081107130715100908030700130001,0.9027120471000671,2,144.0,48.0
1.2.643.5.1.13.13.12.2.77.8252.01081107130715100908030700130001,0.907925009727478,2,160.0,48.0
1.2.643.5.1.13.13.12.2.77.8252.01081107130715100908030700130001,0.9009158611297607,2,176.0,48.0
1.2.643.5.1.13.13.12.2.77.8252.01081107130715100908030700130001,0.8796947598457336,2,192.0,48.0
1.2.643.5.1.13.13.12.2.77.8252.01081107130715100908030700130001,0.7458102703094482,2,144.0,64.0
1.2.643.5.1.13.13.12.2.77.8252.01081107130715100908030700130001,0.6528923511505127,2,160.0,64.0
1.2.643.5.1.13.13.12.2.77.8252.01081107130715100908030700130001,0.07696310430765152,2,176.0,160.0
1.2.643.5.1.13.13.12.2.77.8252.01081107130715100908030700130001,0.28479915857315063,2,192.0,128.0
1.2.643.5.1.13.13.12.2.77.8252.01081107130715100908030700130001,0.15451692044734955,2,208.0,240.0
1.2.643.5.1.13.13.12.2.77.8252.01081107130715100908030700130001,0.2033315896987915,2,224.0,224.0
1.2.643.5.1.13.13.12.2.77.8252.01081107130715100908030700130001,0.028001679107546806,2,128.0,192.0
1.2.643.5.1.13.13.12.2.77.8252.01081107130715100908030700130001,0.07481808960437775,2,192.0,192.0
1.2.643.5.1.13.13.12.2.77.8252.01081107130715100908030700130001,0.04870057478547096,2,112.0,192.0
1.2.643.5.1.13.13.12.2.77.8252.01081107130715100908030700130001,0.05251171067357063,2,144.0,192.0
1.2.643.5.1.13.13.12.2.77.8252.01081107130715100908030700130001,0.04360184073448181,2,160.0,224.0
1.2.643.5.1.13.13.12.2.77.8252.01081107130715100908030700130001,0.17858189344406128,2,112.0,256.0
1.2.643.5.1.13.13.12.2.77.8252.01081107130715100908030700130001,0.17107222974300385,2,240.0,269.0
1.2.643.5.1.13.13.12.2.77.8252.01081107130715100908030700130001,0.12879589200019836,2,64.0,240.0
1.2.643.5.1.13.13.12.2.77.8252.01081107130715100908030700130001,0.01674998737871647,2,128.0,208.0
1.2.643.5.1.13.13.12.2.77.8252.01081107130715100908030700130001,0.18103669583797455,2,252.0,128.0
1.2.643.5.1.13.13.12.2.77.8252.01081107130715100908030700130001,0.23978404700756073,2,80.0,256.0
1.2.643.5.1.13.13.12.2.77.8252.01081107130715100908030700130001,0.16992738842964172,2,208.0,224.0
1.2.643.5.1.13.13.12.2.77.8252.01081107130715100908030700130001,0.0724324956536293,2,192.0,208.0
1.2.643.5.1.13.13.12.2.77.8252.01081107130715100908030700130001,0.13540519773960114,2,128.0,256.0
1.2.643.5.1.13.13.12.2.77.8252.01081107130715100908030700130001,0.20347923040390015,2,160.0,144.0
1.2.643.5.1.13.13.12.2.77.8252.01081107130715100908030700130001,0.19450463354587555,2,48.0,144.0
1.2.643.5.1.13.13.12.2.77.8252.01081107130715100908030700130001,0.1508549451828003,2,240.0,224.0
1.2.643.5.1.13.13.12.2.77.8252.01081107130715100908030700130001,0.10806374251842499,2,96.0,192.0
1.2.643.5.1.13.13.12.2.77.8252.01081107130715100908030700130001,0.0765097588300705,2,96.0,208.0
1.2.643.5.1.13.13.12.2.77.8252.01081107130715100908030700130001,0.12770849466323853,2,96.0,240.0
1.2.643.5.1.13.13.12.2.77.8252.01081107130715100908030700130001,0.040688589215278625,2,160.0,208.0
1.2.643.5.1.13.13.12.2.77.8252.01081107130715100908030700130001,0.48192915320396423,2,208.0,112.0
1.2.643.5.1.13.13.12.2.77.8252.01081107130715100908030700130001,0.28601282835006714,2,48.0,269.0
1.2.643.5.1.13.13.12.2.77.8252.01081107130715100908030700130001,0.11301890015602112,2,240.0,240.0
1.2.643.5.1.13.13.12.2.77.8252.01081107130715100908030700130001,0.07509922981262207,2,48.0,176.0
1.2.643.5.1.13.13.12.2.77.8252.01081107130715100908030700130001,0.33803606033325195,2,128.0,112.0
1.2.643.5.1.13.13.12.2.77.8252.01081107130715100908030700130001,0.08494654297828674,2,252.0,224.0
1.2.643.5.1.13.13.12.2.77.8252.01081107130715100908030700130001,0.07238966971635818,2,112.0,176.0
1.2.643.5.1.13.13.12.2.77.8252.01081107130715100908030700130001,0.4212740659713745,2,112.0,269.0
1.2.643.5.1.13.13.12.2.77.8252.01081107130715100908030700130001,0.7904459834098816,2,64.0,112.0
1.2.643.5.1.13.13.12.2.77.8252.01081107130715100908030700130001,0.18008042871952057,2,112.0,144.0
1.2.643.5.1.13.13.12.2.77.8252.01081107130715100908030700130001,0.0971064493060112,2,160.0,176.0
1.2.643.5.1.13.13.12.2.77.8252.01081107130715100908030700130001,0.1901179999113083,2,224.0,160.0
1.2.643.5.1.13.13.12.2.77.8252.01081107130715100908030700130001,0.08951535075902939,2,48.0,240.0
1.2.643.5.1.13.13.12.2.77.8252.01081107130715100908030700130001,0.2804636061191559,2,176.0,112.0
1.2.643.5.1.13.13.12.2.77.8252.01081107130715100908030700130001,0.0682653933763504,2,80.0,208.0
1.2.643.5.1.13.13.12.2.77.8252.07130015011404020601141211131000,0.14783652126789093,2,52.5,21.0
1.2.643.5.1.13.13.12.2.77.8252.07130015011404020601141211131000,0.05962627753615379,2,96.0,192.0
1.2.643.5.1.13.13.12.2.77.8252.07130015011404020601141211131000,0.038902647793293,2,128.0,160.0
1.2.643.5.1.13.13.12.2.77.8252.07130015011404020601141211131000,0.08766532689332962,2,160.0,208.0
1.2.643.5.1.13.13.12.2.77.8252.07130015011404020601141211131000,0.03575604408979416,2,160.0,96.0
1.2.643.5.1.13.13.12.2.77.8252.07130015011404020601141211131000,0.2926867604255676,2,96.0,256.0
1.2.643.5.1.13.13.12.2.77.8252.07130015011404020601141211131000,0.5434804558753967,2,192.0,256.0
1.2.643.5.1.13.13.12.2.77.8252.07130015011404020601141211131000,0.40056484937667847,2,80.0,256.0
1.2.643.5.1.13.13.12.2.77.8252.07130015011404020601141211131000,0.09350772947072983,2,96.0,144.0
1.2.643.5.1.13.13.12.2.77.8252.07130015011404020601141211131000,0.038274917751550674,2,208.0,176.0
1.2.643.5.1.13.13.12.2.77.8252.07130015011404020601141211131000,0.22850871086120605,2,224.0,224.0
1.2.643.5.1.13.13.12.2.77.8252.07130015011404020601141211131000,0.11653361469507217,2,80.0,80.0
1.2.643.5.1.13.13.12.2.77.8252.07130015011404020601141211131000,0.03041958436369896,2,208.0,144.0
1.2.643.5.1.13.13.12.2.77.8252.07130015011404020601141211131000,0.016693422570824623,2,144.0,144.0
1.2.643.5.1.13.13.12.2.77.8252.07130015011404020601141211131000,0.4048158526420593,2,112.0,240.0
1.2.643.5.1.13.13.12.2.77.8252.07130015011404020601141211131000,0.02084091491997242,2,160.0,144.0
1.2.643.5.1.13.13.12.2.77.8252.07130015011404020601141211131000,0.21494287252426147,2,192.0,224.0
1.2.643.5.1.13.13.12.2.77.8252.07130015011404020601141211131000,0.4751182496547699,2,208.0,269.0
1.2.643.5.1.13.13.12.2.77.8252.07130015011404020601141211131000,0.07436490803956985,2,48.0,224.0
1.2.643.5.1.13.13.12.2.77.8252.07130015011404020601141211131000,0.04208262264728546,2,128.0,144.0
1.2.643.5.1.13.13.12.2.77.8252.07130015011404020601141211131000,0.10375972092151642,2,176.0,64.0
1.2.643.5.1.13.13.12.2.77.8252.07130015011404020601141211131000,0.14839644730091095,2,112.0,160.0
1.2.643.5.1.13.13.12.2.77.8252.07130015011404020601141211131000,0.09011103957891464,2,48.0,64.0
1.2.643.5.1.13.13.12.2.77.8252.07130015011404020601141211131000,0.07107704877853394,2,252.0,192.0
1.2.643.5.1.13.13.12.2.77.8252.07130015011404020601141211131000,0.07410027086734772,2,96.0,208.0
1.2.643.5.1.13.13.12.2.77.8252.07130015011404020601141211131000,0.3492796719074249,2,224.0,240.0
1.2.643.5.1.13.13.12.2.77.8252.07130015011404020601141211131000,0.13305534422397614,2,208.0,64.0
1.2.643.5.1.13.13.12.2.77.8252.07130015011404020601141211131000,0.07361362129449844,2,252.0,176.0
1.2.643.5.1.13.13.12.2.77.8252.07130015011404020601141211131000,0.031891461461782455,2,48.0,160.0
1.2.643.5.1.13.13.12.2.77.8252.07130015011404020601141211131000,0.04500458762049675,2,208.0,96.0
1.2.643.5.1.13.13.12.2.77.8252.07130015011404020601141211131000,0.047707755118608475,2,160.0,192.0
1.2.643.5.1.13.13.12.2.77.8252.07130015011404020601141211131000,0.13543856143951416,2,224.0,176.0
1.2.643.5.1.13.13.12.2.77.8252.07130015011404020601141211131000,0.13572891056537628,2,252.0,96.0
1.2.643.5.1.13.13.12.2.77.8252.07130015011404020601141211131000,0.0812954306602478,2,176.0,208.0
1.2.643.5.1.13.13.12.2.77.8252.07130015011404020601141211131000,0.32064947485923767,2,128.0,256.0
1.2.643.5.1.13.13.12.2.77.8252.07130015011404020601141211131000,0.4899727702140808,2,80.0,269.0
1.2.643.5.1.13.13.12.2.77.8252.07130015011404020601141211131000,0.04086695984005928,2,80.0,176.0
1.2.643.5.1.13.13.12.2.77.8252.07130015011404020601141211131000,0.15977443754673004,2,96.0,128.0
1.2.643.5.1.13.13.12.2.77.8252.07130015011404020601141211131000,0.43125152587890625,2,96.0,269.0
1.2.643.5.1.13.13.12.2.77.8252.07130015011404020601141211131000,0.13203375041484833,2,64.0,48.0
1.2.643.5.1.13.13.12.2.77.8252.07130015011404020601141211131000,0.050412312150001526,2,208.0,192.0
1.2.643.5.1.13.13.12.2.77.8252.07151108041411120004040810151209,0.9999977350234985,2,19.5,17.5
1.2.643.5.1.13.13.12.2.77.8252.07151108041411120004040810151209,0.9998828172683716,2,55.5,19.0
1.2.643.5.1.13.13.12.2.77.8252.07151108041411120004040810151209,0.9999860525131226,2,213.0,11.0
1.2.643.5.1.13.13.12.2.77.8252.07151108041411120004040810151209,0.9996769428253174,2,243.0,25.5
1.2.643.5.1.13.13.12.2.77.8252.07151108041411120004040810151209,0.9852821826934814,2,182.0,50.5
1.2.643.5.1.13.13.12.2.77.8252.07151108041411120004040810151209,0.9962577819824219,2,48.0,48.0
1.2.643.5.1.13.13.12.2.77.8252.07151108041411120004040810151209,0.9967663288116455,2,64.0,48.0
1.2.643.5.1.13.13.12.2.77.8252.07151108041411120004040810151209,0.9968536496162415,2,80.0,48.0
1.2.643.5.1.13.13.12.2.77.8252.07151108041411120004040810151209,0.9972207546234131,2,96.0,48.0
1.2.643.5.1.13.13.12.2.77.8252.07151108041411120004040810151209,0.9965742826461792,2,144.0,48.0
1.2.643.5.1.13.13.12.2.77.8252.07151108041411120004040810151209,0.9812443852424622,2,160.0,48.0
1.2.643.5.1.13.13.12.2.77.8252.07151108041411120004040810151209,0.9861959218978882,2,176.0,48.0
1.2.643.5.1.13.13.12.2.77.8252.07151108041411120004040810151209,0.9896512031555176,2,192.0,48.0
1.2.643.5.1.13.13.12.2.77.8252.07151108041411120004040810151209,0.9970254302024841,2,208.0,48.0
1.2.643.5.1.13.13.12.2.77.8252.07151108041411120004040810151209,0.9959909319877625,2,224.0,48.0
1.2.643.5.1.13.13.12.2.77.8252.07151108041411120004040810151209,0.9876824021339417,2,240.0,48.0
1.2.643.5.1.13.13.12.2.77.8252.07151108041411120004040810151209,0.9779793620109558,2,252.0,48.0
1.2.643.5.1.13.13.12.2.77.8252.07151108041411120004040810151209,0.9392516613006592,2,48.0,64.0
1.2.643.5.1.13.13.12.2.77.8252.07151108041411120004040810151209,0.9542496204376221,2,64.0,64.0
1.2.643.5.1.13.13.12.2.77.8252.07151108041411120004040810151209,0.9598539471626282,2,80.0,64.0
1.2.643.5.1.13.13.12.2.77.8252.07151108041411120004040810151209,0.9503750801086426,2,96.0,64.0
1.2.643.5.1.13.13.12.2.77.8252.07151108041411120004040810151209,0.9762944579124451,2,144.0,64.0
1.2.643.5.1.13.13.12.2.77.8252.07151108041411120004040810151209,0.9523090720176697,2,160.0,64.0
1.2.643.5.1.13.13.12.2.77.8252.07151108041411120004040810151209,0.885151743888855,2,176.0,64.0
1.2.643.5.1.13.13.12.2.77.8252.07151108041411120004040810151209,0.8701795339584351,2,192.0,64.0
1.2.643.5.1.13.13.12.2.77.8252.07151108041411120004040810151209,0.9579395055770874,2,208.0,64.0
1.2.643.5.1.13.13.12.2.77.8252.07151108041411120004040810151209,0.9352245330810547,2,224.0,64.0
1.2.643.5.1.13.13.12.2.77.8252.07151108041411120004040810151209,0.8473865985870361,2,240.0,64.0
1.2.643.5.1.13.13.12.2.77.8252.07151108041411120004040810151209,0.8114564418792725,2,252.0,64.0
1.2.643.5.1.13.13.12.2.77.8252.07151108041411120004040810151209,0.9646514654159546,2,144.0,80.0
1.2.643.5.1.13.13.12.2.77.8252.07151108041411120004040810151209,0.9278809428215027,2,160.0,80.0
1.2.643.5.1.13.13.12.2.77.8252.07151108041411120004040810151209,0.8121926784515381,2,176.0,80.0
1.2.643.5.1.13.13.12.2.77.8252.07151108041411120004040810151209,0.5952157974243164,2,192.0,80.0
1.2.643.5.1.13.13.12.2.77.8252.07151108041411120004040810151209,0.41117385029792786,2,208.0,80.0
1.2.643.5.1.13.13.12.2.77.8252.07151108041411120004040810151209,0.2586846351623535,2,224.0,80.0
1.2.643.5.1.13.13.12.2.77.8252.07151108041411120004040810151209,0.8485605120658875,2,160.0,96.0
1.2.643.5.1.13.13.12.2.77.8252.07151108041411120004040810151209,0.6259148716926575,2,176.0,96.0
1.2.643.5.1.13.13.12.2.77.8252.07151108041411120004040810151209,0.47621282935142517,2,192.0,96.0
1.2.643.5.1.13.13.12.2.77.8252.07151108041411120004040810151209,0.32421696186065674,2,208.0,96.0
1.2.643.5.1.13.13.12.2.77.8252.07151108041411120004040810151209,0.7129767537117004,2,192.0,208.0
1.2.643.5.1.13.13.12.2.77.8252.07151108041411120004040810151209,0.5143476128578186,2,176.0,240.0
1.2.643.5.1.13.13.12.2.77.8252.07151108041411120004040810151209,0.19571825861930847,2,64.0,160.0
1.2.643.5.1.13.13.12.2.77.8252.07151108041411120004040810151209,0.3844526708126068,2,48.0,128.0
1.2.643.5.1.13.13.12.2.77.8252.07151108041411120004040810151209,0.6221930384635925,2,208.0,208.0
1.2.643.5.1.13.13.12.2.77.8252.07151108041411120004040810151209,0.16109411418437958,2,96.0,224.0
1.2.643.5.1.13.13.12.2.77.8252.07151108041411120004040810151209,0.7171980738639832,2,144.0,160.0
1.2.643.5.1.13.13.12.2.77.8252.07151108041411120004040810151209,0.5568087100982666,2,176.0,241.0
1.2.643.5.1.13.13.12.2.77.8252.07151108041411120004040810151209,0.0734981894493103,2,252.0,240.0
1.2.643.5.1.13.13.12.2.77.8252.07151108041411120004040810151209,0.14753788709640503,2,112.0,208.0
1.2.643.5.1.13.13.12.2.77.8252.07151108041411120004040810151209,0.04468151181936264,2,64.0,192.0
1.2.643.5.1.13.13.12.2.77.8252.07151108041411120004040810151209,0.6961202621459961,2,192.0,241.0
1.2.643.5.1.13.13.12.2.77.8252.07151108041411120004040810151209,0.5850086212158203,2,208.0,192.0
1.2.643.5.1.13.13.12.2.77.8252.07151108041411120004040810151209,0.08505892008543015,2,80.0,240.0
1.2.643.5.1.13.13.12.2.77.8252.07151108041411120004040810151209,0.8848325610160828,2,96.0,96.0
1.2.643.5.1.13.13.12.2.77.8252.07151108041411120004040810151209,0.6369666457176208,2,144.0,208.0
1.2.643.5.1.13.13.12.2.77.8252.07151108041411120004040810151209,0.8808263540267944,2,80.0,96.0
1.2.643.5.1.13.13.12.2.77.8252.07151108041411120004040810151209,0.6594494581222534,2,192.0,240.0
1.2.643.5.1.13.13.12.2.77.8252.07151108041411120004040810151209,0.07093013823032379,2,252.0,160.0
1.2.643.5.1.13.13.12.2.77.8252.07151108041411120004040810151209,0.05709060654044151,2,64.0,224.0
1.2.643.5.1.13.13.12.2.77.8252.07151108041411120004040810151209,0.704852283000946,2,144.0,176.0
1.2.643.5.1.13.13.12.2.77.8252.07151108041411120004040810151209,0.06324580311775208,2,252.0,192.0
1.2.643.5.1.13.13.12.2.77.8252.07151108041411120004040810151209,0.6797962188720703,2,176.0,224.0
1.2.643.5.1.13.13.12.2.77.8252.07151108041411120004040810151209,0.5318074822425842,2,48.0,112.0
1.2.643.5.1.13.13.12.2.77.8252.07151108041411120004040810151209,0.04218696802854538,2,48.0,192.0
1.2.643.5.1.13.13.12.2.77.8252.07151108041411120004040810151209,0.09322527796030045,2,240.0,160.0
1.2.643.5.1.13.13.12.2.77.8252.07151108041411120004040810151209,0.15485915541648865,2,96.0,240.0
1.2.643.5.1.13.13.12.2.77.8252.07151108041411120004040810151209,0.7889610528945923,2,160.0,240.0
1.2.643.5.1.13.13.12.2.77.8252.07151108041411120004040810151209,0.09204907715320587,2,240.0,224.0
1.2.643.5.1.13.13.12.2.77.8252.07151108041411120004040810151209,0.06850957125425339,2,64.0,240.0
1.2.643.5.1.13.13.12.2.77.8252.07151108041411120004040810151209,0.8874874114990234,2,160.0,224.0
1.2.643.5.1.13.13.12.2.77.8252.07151108041411120004040810151209,0.08420588076114655,2,80.0,241.0
1.2.643.5.1.13.13.12.2.77.8252.07151108041411120004040810151209,0.10579787939786911,2,96.0,208.0
1.2.643.5.1.13.13.12.2.77.8252.07151108041411120004040810151209,0.544232964515686,2,128.0,240.0
1.2.643.5.1.13.13.12.2.77.8252.07151108041411120004040810151209,0.15405188500881195,2,96.0,241.0
1.2.643.5.1.13.13.12.2.77.8252.07151108041411120004040810151209,0.6523771286010742,2,48.0,96.0
1.2.643.5.1.13.13.12.2.77.8252.07151108041411120004040810151209,0.5559378862380981,2,128.0,224.0
1.2.643.5.1.13.13.12.2.77.8252.07151108041411120004040810151209,0.09526900202035904,2,240.0,192.0
1.2.643.5.1.13.13.12.2.77.8252.07151108041411120004040810151209,0.7332965731620789,2,160.0,160.0
1.2.643.5.1.13.13.12.2.77.8252.07151108041411120004040810151209,0.7313950061798096,2,80.0,128.0
1.2.643.5.1.13.13.12.2.77.8252.02050314081501100100131400110412,1.0,2,212.5,6.5
1.2.643.5.1.13.13.12.2.77.8252.02050314081501100100131400110412,0.9999997615814209,2,253.5,6.5
1.2.643.5.1.13.13.12.2.77.8252.02050314081501100100131400110412,1.0,2,34.5,11.5
1.2.643.5.1.13.13.12.2.77.8252.02050314081501100100131400110412,1.0,2,191.0,19.5
1.2.643.5.1.13.13.12.2.77.8252.02050314081501100100131400110412,1.0,2,169.0,21.5
1.2.643.5.1.13.13.12.2.77.8252.02050314081501100100131400110412,1.0,2,142.5,20.0
1.2.643.5.1.13.13.12.2.77.8252.02050314081501100100131400110412,0.9999951124191284,2,126.5,19.5
1.2.643.5.1.13.13.12.2.77.8252.02050314081501100100131400110412,0.9919100403785706,2,131.5,41.0
1.2.643.5.1.13.13.12.2.77.8252.02050314081501100100131400110412,1.0,2,34.5,11.0
1.2.643.5.1.13.13.12.2.77.8252.02050314081501100100131400110412,1.0,2,204.5,4.5
1.2.643.5.1.13.13.12.2.77.8252.02050314081501100100131400110412,1.0,2,250.0,6.5
1.2.643.5.1.13.13.12.2.77.8252.02050314081501100100131400110412,1.0,2,191.5,20.0
1.2.643.5.1.13.13.12.2.77.8252.02050314081501100100131400110412,1.0,2,168.0,22.0
1.2.643.5.1.13.13.12.2.77.8252.02050314081501100100131400110412,0.9999680519104004,2,137.0,30.0
1.2.643.5.1.13.13.12.2.77.8252.02050314081501100100131400110412,0.9997051358222961,2,48.0,48.0
1.2.643.5.1.13.13.12.2.77.8252.02050314081501100100131400110412,0.9897359609603882,2,64.0,48.0
1.2.643.5.1.13.13.12.2.77.8252.02050314081501100100131400110412,0.841756284236908,2,80.0,48.0
1.2.643.5.1.13.13.12.2.77.8252.02050314081501100100131400110412,0.854546070098877,2,96.0,48.0
1.2.643.5.1.13.13.12.2.77.8252.02050314081501100100131400110412,0.852104902267456,2,112.0,48.0
1.2.643.5.1.13.13.12.2.77.8252.02050314081501100100131400110412,0.9867312908172607,2,128.0,48.0
1.2.643.5.1.13.13.12.2.77.8252.02050314081501100100131400110412,0.9997053742408752,2,144.0,48.0
1.2.643.5.1.13.13.12.2.77.8252.02050314081501100100131400110412,0.9999995231628418,2,160.0,48.0
1.2.643.5.1.13.13.12.2.77.8252.02050314081501100100131400110412,0.9999994039535522,2,176.0,48.0
1.2.643.5.1.13.13.12.2.77.8252.02050314081501100100131400110412,0.9999991655349731,2,192.0,48.0
1.2.643.5.1.13.13.12.2.77.8252.02050314081501100100131400110412,0.9999997615814209,2,208.0,48.0
1.2.643.5.1.13.13.12.2.77.8252.02050314081501100100131400110412,0.9999992847442627,2,224.0,48.0
1.2.643.5.1.13.13.12.2.77.8252.02050314081501100100131400110412,0.999996542930603,2,240.0,48.0
1.2.643.5.1.13.13.12.2.77.8252.02050314081501100100131400110412,0.999625563621521,2,252.0,48.0
1.2.643.5.1.13.13.12.2.77.8252.02050314081501100100131400110412,0.39921456575393677,2,96.0,64.0
1.2.643.5.1.13.13.12.2.77.8252.02050314081501100100131400110412,0.5340516567230225,2,112.0,64.0
1.2.643.5.1.13.13.12.2.77.8252.02050314081501100100131400110412,0.7888011932373047,2,128.0,64.0
1.2.643.5.1.13.13.12.2.77.8252.02050314081501100100131400110412,0.9819238781929016,2,144.0,64.0
1.2.643.5.1.13.13.12.2.77.8252.02050314081501100100131400110412,0.9996684789657593,2,160.0,64.0
1.2.643.5.1.13.13.12.2.77.8252.02050314081501100100131400110412,0.9969996809959412,2,176.0,64.0
1.2.643.5.1.13.13.12.2.77.8252.02050314081501100100131400110412,0.9984608888626099,2,192.0,64.0
1.2.643.5.1.13.13.12.2.77.8252.02050314081501100100131400110412,0.9996088147163391,2,208.0,64.0
1.2.643.5.1.13.13.12.2.77.8252.02050314081501100100131400110412,0.9930073022842407,2,224.0,64.0
1.2.643.5.1.13.13.12.2.77.8252.02050314081501100100131400110412,0.12541404366493225,2,96.0,80.0
1.2.643.5.1.13.13.12.2.77.8252.02050314081501100100131400110412,0.07505307346582413,2,112.0,80.0
1.2.643.5.1.13.13.12.2.77.8252.02050314081501100100131400110412,0.03976268321275711,2,128.0,80.0
1.2.643.5.1.13.13.12.2.77.8252.02050314081501100100131400110412,0.15760473906993866,2,144.0,80.0
1.2.643.5.1.13.13.12.2.77.8252.02050314081501100100131400110412,0.6544762253761292,2,160.0,80.0
1.2.643.5.1.13.13.12.2.77.8252.02050314081501100100131400110412,0.25924476981163025,2,176.0,80.0
1.2.643.5.1.13.13.12.2.77.8252.02050314081501100100131400110412,0.07768759876489639,2,96.0,144.0
1.2.643.5.1.13.13.12.2.77.8252.02050314081501100100131400110412,0.023662857711315155,2,128.0,240.0
1.2.643.5.1.13.13.12.2.77.8252.02050314081501100100131400110412,0.02830079384148121,2,240.0,240.0
1.2.643.5.1.13.13.12.2.77.8252.02050314081501100100131400110412,0.9557399749755859,2,240.0,112.0
1.2.643.5.1.13.13.12.2.77.8252.02050314081501100100131400110412,0.037364114075899124,2,80.0,160.0
1.2.643.5.1.13.13.12.2.77.8252.02050314081501100100131400110412,0.10133855789899826,2,208.0,240.0
1.2.643.5.1.13.13.12.2.77.8252.02050314081501100100131400110412,0.03594059869647026,2,144.0,144.0
1.2.643.5.1.13.13.12.2.77.8252.02050314081501100100131400110412,0.891861617565155,2,224.0,144.0
1.2.643.5.1.13.13.12.2.77.8252.02050314081501100100131400110412,0.03126898407936096,2,48.0,224.0
1.2.643.5.1.13.13.12.2.77.8252.02050314081501100100131400110412,0.04303937405347824,2,240.0,269.0
1.2.643.5.1.13.13.12.2.77.8252.02050314081501100100131400110412,0.116246297955513,2,208.0,256.0
1.2.643.5.1.13.13.12.2.77.8252.02050314081501100100131400110412,0.04113691672682762,2,48.0,144.0
1.2.643.5.1.13.13.12.2.77.8252.02050314081501100100131400110412,0.03727434575557709,2,240.0,208.0
1.2.643.5.1.13.13.12.2.77.8252.02050314081501100100131400110412,0.9848619699478149,2,224.0,112.0
1.2.643.5.1.13.13.12.2.77.8252.02050314081501100100131400110412,0.04429817572236061,2,176.0,240.0
1.2.643.5.1.13.13.12.2.77.8252.02050314081501100100131400110412,0.10978242009878159,2,176.0,224.0
1.2.643.5.1.13.13.12.2.77.8252.02050314081501100100131400110412,0.11249509453773499,2,176.0,192.0
1.2.643.5.1.13.13.12.2.77.8252.02050314081501100100131400110412,0.10104679316282272,2,160.0,144.0
1.2.643.5.1.13.13.12.2.77.8252.02050314081501100100131400110412,0.028007058426737785,2,176.0,128.0
1.2.643.5.1.13.13.12.2.77.8252.02050314081501100100131400110412,0.03607665374875069,2,240.0,224.0
1.2.643.5.1.13.13.12.2.77.8252.02050314081501100100131400110412,0.16503047943115234,2,160.0,176.0
1.2.643.5.1.13.13.12.2.77.8252.02050314081501100100131400110412,0.1128656193614006,2,224.0,256.0
1.2.643.5.1.13.13.12.2.77.8252.02050314081501100100131400110412,0.053374338895082474,2,48.0,128.0
1.2.643.5.1.13.13.12.2.77.8252.02050314081501100100131400110412,0.24598540365695953,2,208.0,176.0
1.2.643.5.1.13.13.12.2.77.8252.02050314081501100100131400110412,0.04803977534174919,2,64.0,144.0
1.2.643.5.1.13.13.12.2.77.8252.02050314081501100100131400110412,0.03059428371489048,2,176.0,144.0
1.2.643.5.1.13.13.12.2.77.8252.02050314081501100100131400110412,0.05690126121044159,2,48.0,256.0
1.2.643.5.1.13.13.12.2.77.8252.02050314081501100100131400110412,0.0309499129652977,2,48.0,192.0
1.2.643.5.1.13.13.12.2.77.8252.02050314081501100100131400110412,0.28074944019317627,2,224.0,176.0
1.2.643.5.1.13.13.12.2.77.8252.02050314081501100100131400110412,0.08606492727994919,2,192.0,160.0
1.2.643.5.1.13.13.12.2.77.8252.02050314081501100100131400110412,0.9633147120475769,2,224.0,128.0
1.2.643.5.1.13.13.12.2.77.8252.02050314081501100100131400110412,0.32151296734809875,2,192.0,144.0
1.2.643.5.1.13.13.12.2.77.8252.02050314081501100100131400110412,0.06379326432943344,2,64.0,128.0
1.2.643.5.1.13.13.12.2.77.8252.02050314081501100100131400110412,0.06779643893241882,2,144.0,256.0
1.2.643.5.1.13.13.12.2.77.8252.02050314081501100100131400110412,0.03988496586680412,2,80.0,128.0
1.2.643.5.1.13.13.12.2.77.8252.02050314081501100100131400110412,0.0927237793803215,2,224.0,269.0
1.2.643.5.1.13.13.12.2.77.8252.02050314081501100100131400110412,0.06468094885349274,2,96.0,208.0
1.2.643.5.1.13.13.12.2.77.8252.02050314081501100100131400110412,0.12450424581766129,2,192.0,256.0
1.2.643.5.1.13.13.12.2.77.8252.02050314081501100100131400110412,0.12248078733682632,2,112.0,192.0
1.2.643.5.1.13.13.12.2.77.8252.02050314081501100100131400110412,0.030225293710827827,2,144.0,160.0
1.2.643.5.1.13.13.12.2.77.8252.00071307071102020311080215100104,0.7587041854858398,2,72.5,61.5
1.2.643.5.1.13.13.12.2.77.8252.00071307071102020311080215100104,0.800835132598877,2,160.0,160.0
1.2.643.5.1.13.13.12.2.77.8252.00071307071102020311080215100104,0.38383883237838745,2,64.0,96.0
1.2.643.5.1.13.13.12.2.77.8252.00071307071102020311080215100104,0.3176705539226532,2,224.0,128.0
1.2.643.5.1.13.13.12.2.77.8252.00071307071102020311080215100104,0.6760653853416443,2,112.0,80.0
1.2.643.5.1.13.13.12.2.77.8252.00071307071102020311080215100104,0.17899812757968903,2,96.0,256.0
1.2.643.5.1.13.13.12.2.77.8252.00071307071102020311080215100104,0.7718074917793274,2,176.0,144.0
1.2.643.5.1.13.13.12.2.77.8252.00071307071102020311080215100104,0.6595722436904907,2,48.0,80.0
1.2.643.5.1.13.13.12.2.77.8252.00071307071102020311080215100104,0.8503221273422241,2,80.0,48.0
1.2.643.5.1.13.13.12.2.77.8252.00071307071102020311080215100104,0.7637305855751038,2,112.0,64.0
1.2.643.5.1.13.13.12.2.77.8252.00071307071102020311080215100104,0.7397962212562561,2,192.0,128.0
1.2.643.5.1.13.13.12.2.77.8252.00071307071102020311080215100104,0.11726923286914825,2,240.0,144.0
1.2.643.5.1.13.13.12.2.77.8252.00071307071102020311080215100104,0.0971570685505867,2,128.0,270.0
1.2.643.5.1.13.13.12.2.77.8252.00071307071102020311080215100104,0.8355709314346313,2,128.0,160.0
1.2.643.5.1.13.13.12.2.77.8252.00071307071102020311080215100104,0.09963841736316681,2,64.0,208.0
1.2.643.5.1.13.13.12.2.77.8252.00071307071102020311080215100104,0.10389075428247452,2,48.0,160.0
1.2.643.5.1.13.13.12.2.77.8252.00071307071102020311080215100104,0.10420404374599457,2,64.0,224.0
1.2.643.5.1.13.13.12.2.77.8252.00071307071102020311080215100104,0.1716296523809433,2,240.0,192.0
1.2.643.5.1.13.13.12.2.77.8252.00071307071102020311080215100104,0.11072199046611786,2,48.0,144.0
1.2.643.5.1.13.13.12.2.77.8252.00071307071102020311080215100104,0.6742269396781921,2,176.0,160.0
1.2.643.5.1.13.13.12.2.77.8252.00071307071102020311080215100104,0.8773783445358276,2,128.0,128.0
1.2.643.5.1.13.13.12.2.77.8252.00071307071102020311080215100104,0.6278042793273926,2,112.0,160.0
1.2.643.5.1.13.13.12.2.77.8252.00071307071102020311080215100104,0.6263489723205566,2,192.0,176.0
1.2.643.5.1.13.13.12.2.77.8252.00071307071102020311080215100104,0.07282561808824539,2,48.0,208.0
1.2.643.5.1.13.13.12.2.77.8252.00071307071102020311080215100104,0.2254400998353958,2,240.0,240.0
1.2.643.5.1.13.13.12.2.77.8252.00071307071102020311080215100104,0.10890795290470123,2,64.0,256.0
1.2.643.5.1.13.13.12.2.77.8252.00071307071102020311080215100104,0.3940706253051758,2,160.0,240.0
1.2.643.5.1.13.13.12.2.77.8252.00071307071102020311080215100104,0.7261736989021301,2,144.0,48.0
1.2.643.5.1.13.13.12.2.77.8252.00071307071102020311080215100104,0.7979162335395813,2,160.0,96.0
1.2.643.5.1.13.13.12.2.77.8252.00071307071102020311080215100104,0.2587464153766632,2,224.0,144.0
1.2.643.5.1.13.13.12.2.77.8252.00071307071102020311080215100104,0.08323274552822113,2,252.0,144.0
1.2.643.5.1.13.13.12.2.77.8252.00071307071102020311080215100104,0.10285679996013641,2,192.0,270.0
1.2.643.5.1.13.13.12.2.77.8252.00071307071102020311080215100104,0.530485212802887,2,176.0,192.0
1.2.643.5.1.13.13.12.2.77.8252.00071307071102020311080215100104,0.5249806046485901,2,208.0,128.0
1.2.643.5.1.13.13.12.2.77.8252.00071307071102020311080215100104,0.09521850943565369,2,128.0,256.0
1.2.643.5.1.13.13.12.2.77.8252.00071307071102020311080215100104,0.09655067324638367,2,144.0,270.0
1.2.643.5.1.13.13.12.2.77.8252.00071307071102020311080215100104,0.6313371062278748,2,160.0,192.0
1.2.643.5.1.13.13.12.2.77.8252.00071307071102020311080215100104,0.20918351411819458,2,252.0,256.0
1.2.643.5.1.13.13.12.2.77.8252.00071307071102020311080215100104,0.10177213698625565,2,48.0,128.0
1.2.643.5.1.13.13.12.2.77.8252.00071307071102020311080215100104,0.5456171035766602,2,128.0,192.0
1.2.643.5.1.13.13.12.2.77.8252.00071307071102020311080215100104,0.589891254901886,2,96.0,80.0
1.2.643.5.1.13.13.12.2.77.8252.10041006131411151513070104110809,0.020610861480236053,2,176.0,241.0
1.2.643.5.1.13.13.12.2.77.8252.10041006131411151513070104110809,0.029218867421150208,2,192.0,241.0
1.2.643.5.1.13.13.12.2.77.8252.10041006131411151513070104110809,0.04772961139678955,2,160.0,241.0
1.2.643.5.1.13.13.12.2.77.8252.10041006131411151513070104110809,0.04435942694544792,2,224.0,240.0
1.2.643.5.1.13.13.12.2.77.8252.10041006131411151513070104110809,0.029545187950134277,2,252.0,112.0
1.2.643.5.1.13.13.12.2.77.8252.10041006131411151513070104110809,0.03142903372645378,2,160.0,224.0
1.2.643.5.1.13.13.12.2.77.8252.10041006131411151513070104110809,0.07031723856925964,2,96.0,160.0
1.2.643.5.1.13.13.12.2.77.8252.10041006131411151513070104110809,0.03339765965938568,2,240.0,144.0
1.2.643.5.1.13.13.12.2.77.8252.10041006131411151513070104110809,0.3977094888687134,2,112.0,48.0
1.2.643.5.1.13.13.12.2.77.8252.10041006131411151513070104110809,0.15099123120307922,2,144.0,241.0
1.2.643.5.1.13.13.12.2.77.8252.10041006131411151513070104110809,0.0598054975271225,2,240.0,240.0
1.2.643.5.1.13.13.12.2.77.8252.10041006131411151513070104110809,0.03524915874004364,2,144.0,112.0
1.2.643.5.1.13.13.12.2.77.8252.10041006131411151513070104110809,0.05207890644669533,2,160.0,208.0
1.2.643.5.1.13.13.12.2.77.8252.10041006131411151513070104110809,0.043017689138650894,2,208.0,160.0
1.2.643.5.1.13.13.12.2.77.8252.10041006131411151513070104110809,0.0666351318359375,2,208.0,240.0
1.2.643.5.1.13.13.12.2.77.8252.10041006131411151513070104110809,0.47204288840293884,2,64.0,80.0
1.2.643.5.1.13.13.12.2.77.8252.10041006131411151513070104110809,0.06288407742977142,2,112.0,128.0
1.2.643.5.1.13.13.12.2.77.8252.10041006131411151513070104110809,0.13271504640579224,2,144.0,240.0
1.2.643.5.1.13.13.12.2.77.8252.10041006131411151513070104110809,0.0334022231400013,2,128.0,128.0
1.2.643.5.1.13.13.12.2.77.8252.10041006131411151513070104110809,0.4163874387741089,2,96.0,48.0
1.2.643.5.1.13.13.12.2.77.8252.10041006131411151513070104110809,0.05042295157909393,2,252.0,240.0
1.2.643.5.1.13.13.12.2.77.8252.10041006131411151513070104110809,0.0622006319463253,2,240.0,241.0
1.2.643.5.1.13.13.12.2.77.8252.10041006131411151513070104110809,0.02696351148188114,2,128.0,112.0
1.2.643.5.1.13.13.12.2.77.8252.10041006131411151513070104110809,0.11135175824165344,2,144.0,224.0
1.2.643.5.1.13.13.12.2.77.8252.10041006131411151513070104110809,0.057142291218042374,2,112.0,112.0
1.2.643.5.1.13.13.12.2.77.8252.10041006131411151513070104110809,0.030802153050899506,2,192.0,112.0
1.2.643.5.1.13.13.12.2.77.8252.10041006131411151513070104110809,0.031155981123447418,2,176.0,208.0
1.2.643.5.1.13.13.12.2.77.8252.10041006131411151513070104110809,0.10913759469985962,2,112.0,208.0
1.2.643.5.1.13.13.12.2.77.8252.10041006131411151513070104110809,0.05062910169363022,2,252.0,241.0
1.2.643.5.1.13.13.12.2.77.8252.10041006131411151513070104110809,0.05093700438737869,2,208.0,208.0
1.2.643.5.1.13.13.12.2.77.8252.10041006131411151513070104110809,0.31119006872177124,2,48.0,112.0
1.2.643.5.1.13.13.12.2.77.8252.10041006131411151513070104110809,0.05775517225265503,2,80.0,176.0
1.2.643.5.1.13.13.12.2.77.8252.10041006131411151513070104110809,0.03171086311340332,2,192.0,128.0
1.2.643.5.1.13.13.12.2.77.8252.10041006131411151513070104110809,0.04918094351887703,2,128.0,208.0
1.2.643.5.1.13.13.12.2.77.8252.10041006131411151513070104110809,0.030995212495326996,2,252.0,176.0
1.2.643.5.1.13.13.12.2.77.8252.10041006131411151513070104110809,0.3321055769920349,2,64.0,112.0
1.2.643.5.1.13.13.12.2.77.8252.10041006131411151513070104110809,0.15613006055355072,2,96.0,144.0
1.2.643.5.1.13.13.12.2.77.8252.10041006131411151513070104110809,0.267691969871521,2,96.0,96.0
1.2.643.5.1.13.13.12.2.77.8252.10041006131411151513070104110809,0.03223308175802231,2,128.0,224.0
1.2.643.5.1.13.13.12.2.77.8252.10041006131411151513070104110809,0.12199405580759048,2,80.0,240.0
1.2.643.5.1.13.13.12.2.77.8252.14031015091008031013040205110915,0.05552446097135544,2,80.0,208.0
1.2.643.5.1.13.13.12.2.77.8252.14031015091008031013040205110915,0.12358254194259644,2,128.0,80.0
1.2.643.5.1.13.13.12.2.77.8252.14031015091008031013040205110915,0.20902612805366516,2,112.0,64.0
1.2.643.5.1.13.13.12.2.77.8252.14031015091008031013040205110915,0.04734893888235092,2,240.0,128.0
1.2.643.5.1.13.13.12.2.77.8252.14031015091008031013040205110915,0.06127956137061119,2,80.0,128.0
1.2.643.5.1.13.13.12.2.77.8252.14031015091008031013040205110915,0.1149577647447586,2,240.0,224.0
1.2.643.5.1.13.13.12.2.77.8252.14031015091008031013040205110915,0.0542047880589962,2,224.0,112.0
1.2.643.5.1.13.13.12.2.77.8252.14031015091008031013040205110915,0.30564364790916443,2,160.0,160.0
1.2.643.5.1.13.13.12.2.77.8252.14031015091008031013040205110915,0.09072819352149963,2,176.0,96.0
1.2.643.5.1.13.13.12.2.77.8252.14031015091008031013040205110915,0.2527024745941162,2,112.0,48.0
1.2.643.5.1.13.13.12.2.77.8252.14031015091008031013040205110915,0.19684644043445587,2,144.0,224.0
1.2.643.5.1.13.13.12.2.77.8252.14031015091008031013040205110915,0.20632337033748627,2,208.0,160.0
1.2.643.5.1.13.13.12.2.77.8252.14031015091008031013040205110915,0.14471609890460968,2,96.0,96.0
1.2.643.5.1.13.13.12.2.77.8252.14031015091008031013040205110915,0.03774048760533333,2,48.0,160.0
1.2.643.5.1.13.13.12.2.77.8252.14031015091008031013040205110915,0.05567794665694237,2,224.0,176.0
1.2.643.5.1.13.13.12.2.77.8252.14031015091008031013040205110915,0.13324031233787537,2,80.0,80.0
1.2.643.5.1.13.13.12.2.77.8252.14031015091008031013040205110915,0.16973134875297546,2,208.0,64.0
1.2.643.5.1.13.13.12.2.77.8252.14031015091008031013040205110915,0.13498058915138245,2,144.0,112.0
1.2.643.5.1.13.13.12.2.77.8252.14031015091008031013040205110915,0.06797095388174057,2,80.0,224.0
1.2.643.5.1.13.13.12.2.77.8252.14031015091008031013040205110915,0.26755741238594055,2,160.0,224.0
1.2.643.5.1.13.13.12.2.77.8252.14031015091008031013040205110915,0.13600648939609528,2,112.0,96.0
1.2.643.5.1.13.13.12.2.77.8252.14031015091008031013040205110915,0.19729465246200562,2,96.0,80.0
1.2.643.5.1.13.13.12.2.77.8252.14031015091008031013040205110915,0.047815289348363876,2,224.0,160.0
1.2.643.5.1.13.13.12.2.77.8252.14031015091008031013040205110915,0.261687308549881,2,96.0,144.0
1.2.643.5.1.13.13.12.2.77.8252.14031015091008031013040205110915,0.054222870618104935,2,240.0,160.0
1.2.643.5.1.13.13.12.2.77.8252.14031015091008031013040205110915,0.11217351257801056,2,80.0,240.0
1.2.643.5.1.13.13.12.2.77.8252.14031015091008031013040205110915,0.21354810893535614,2,176.0,224.0
1.2.643.5.1.13.13.12.2.77.8252.14031015091008031013040205110915,0.14273808896541595,2,112.0,224.0
1.2.643.5.1.13.13.12.2.77.8252.14031015091008031013040205110915,0.20212487876415253,2,208.0,208.0
1.2.643.5.1.13.13.12.2.77.8252.14031015091008031013040205110915,0.12734448909759521,2,160.0,64.0
1.2.643.5.1.13.13.12.2.77.8252.14031015091008031013040205110915,0.03783755749464035,2,48.0,144.0
1.2.643.5.1.13.13.12.2.77.8252.14031015091008031013040205110915,0.07913040369749069,2,160.0,241.0
1.2.643.5.1.13.13.12.2.77.8252.14031015091008031013040205110915,0.35763847827911377,2,176.0,192.0
1.2.643.5.1.13.13.12.2.77.8252.14031015091008031013040205110915,0.16792066395282745,2,208.0,144.0
1.2.643.5.1.13.13.12.2.77.8252.14031015091008031013040205110915,0.24884633719921112,2,208.0,240.0
1.2.643.5.1.13.13.12.2.77.8252.14031015091008031013040205110915,0.05841175839304924,2,252.0,80.0
1.2.643.5.1.13.13.12.2.77.8252.14031015091008031013040205110915,0.09521760046482086,2,160.0,96.0
1.2.643.5.1.13.13.12.2.77.8252.14031015091008031013040205110915,0.048127274960279465,2,64.0,128.0
1.2.643.5.1.13.13.12.2.77.8252.14031015091008031013040205110915,0.21354423463344574,2,240.0,48.0
1.2.643.5.1.13.13.12.2.77.8252.14031015091008031013040205110915,0.1917760670185089,2,224.0,64.0
1.2.643.5.1.13.13.12.2.77.8252.08120904010605130814050710080508,0.226954385638237,2,224.0,160.0
1.2.643.5.1.13.13.12.2.77.8252.08120904010605130814050710080508,0.25734180212020874,2,208.0,224.0
1.2.643.5.1.13.13.12.2.77.8252.08120904010605130814050710080508,0.9618027806282043,2,144.0,48.0
1.2.643.5.1.13.13.12.2.77.8252.08120904010605130814050710080508,0.09811068326234818,2,224.0,176.0
1.2.643.5.1.13.13.12.2.77.8252.08120904010605130814050710080508,0.7364111542701721,2,208.0,80.0
1.2.643.5.1.13.13.12.2.77.8252.08120904010605130814050710080508,0.07230937480926514,2,252.0,144.0
1.2.643.5.1.13.13.12.2.77.8252.08120904010605130814050710080508,0.24032466113567352,2,240.0,80.0
1.2.643.5.1.13.13.12.2.77.8252.08120904010605130814050710080508,0.8033379912376404,2,96.0,240.0
1.2.643.5.1.13.13.12.2.77.8252.08120904010605130814050710080508,0.19658131897449493,2,240.0,224.0
1.2.643.5.1.13.13.12.2.77.8252.08120904010605130814050710080508,0.6709781289100647,2,144.0,112.0
1.2.643.5.1.13.13.12.2.77.8252.08120904010605130814050710080508,0.9406452178955078,2,176.0,48.0
1.2.643.5.1.13.13.12.2.77.8252.08120904010605130814050710080508,0.7826135754585266,2,96.0,64.0
1.2.643.5.1.13.13.12.2.77.8252.08120904010605130814050710080508,0.3776164948940277,2,224.0,112.0
1.2.643.5.1.13.13.12.2.77.8252.08120904010605130814050710080508,0.27078360319137573,2,128.0,192.0
1.2.643.5.1.13.13.12.2.77.8252.08120904010605130814050710080508,0.7434858679771423,2,96.0,96.0
1.2.643.5.1.13.13.12.2.77.8252.08120904010605130814050710080508,0.8317011594772339,2,112.0,240.0
1.2.643.5.1.13.13.12.2.77.8252.08120904010605130814050710080508,0.5632279515266418,2,112.0,208.0
1.2.643.5.1.13.13.12.2.77.8252.08120904010605130814050710080508,0.8629562854766846,2,144.0,224.0
1.2.643.5.1.13.13.12.2.77.8252.08120904010605130814050710080508,0.05307460576295853,2,252.0,192.0
1.2.643.5.1.13.13.12.2.77.8252.08120904010605130814050710080508,0.7159723043441772,2,64.0,48.0
1.2.643.5.1.13.13.12.2.77.8252.08120904010605130814050710080508,0.631679356098175,2,64.0,80.0
1.2.643.5.1.13.13.12.2.77.8252.08120904010605130814050710080508,0.3751852214336395,2,48.0,240.0
1.2.643.5.1.13.13.12.2.77.8252.08120904010605130814050710080508,0.7245615124702454,2,64.0,64.0
1.2.643.5.1.13.13.12.2.77.8252.08120904010605130814050710080508,0.39322131872177124,2,112.0,160.0
1.2.643.5.1.13.13.12.2.77.8252.08120904010605130814050710080508,0.3700951635837555,2,64.0,224.0
1.2.643.5.1.13.13.12.2.77.8252.08120904010605130814050710080508,0.7789990305900574,2,48.0,48.0
1.2.643.5.1.13.13.12.2.77.8252.08120904010605130814050710080508,0.14365774393081665,2,252.0,224.0
1.2.643.5.1.13.13.12.2.77.8252.08120904010605130814050710080508,0.09841073304414749,2,192.0,208.0
1.2.643.5.1.13.13.12.2.77.8252.08120904010605130814050710080508,0.621168851852417,2,160.0,240.0
1.2.643.5.1.13.13.12.2.77.8252.08120904010605130814050710080508,0.13503675162792206,2,240.0,160.0
1.2.643.5.1.13.13.12.2.77.8252.08120904010605130814050710080508,0.08076472580432892,2,252.0,128.0
1.2.643.5.1.13.13.12.2.77.8252.08120904010605130814050710080508,0.5060979723930359,2,96.0,160.0
1.2.643.5.1.13.13.12.2.77.8252.08120904010605130814050710080508,0.9021325707435608,2,112.0,48.0
1.2.643.5.1.13.13.12.2.77.8252.08120904010605130814050710080508,0.5125303268432617,2,96.0,144.0
1.2.643.5.1.13.13.12.2.77.8252.08120904010605130814050710080508,0.3801877200603485,2,208.0,144.0
1.2.643.5.1.13.13.12.2.77.8252.08120904010605130814050710080508,0.06357943266630173,2,252.0,160.0
1.2.643.5.1.13.13.12.2.77.8252.08120904010605130814050710080508,0.7636714577674866,2,160.0,224.0
1.2.643.5.1.13.13.12.2.77.8252.08120904010605130814050710080508,0.7908391356468201,2,128.0,224.0
1.2.643.5.1.13.13.12.2.77.8252.08120904010605130814050710080508,0.28128907084465027,2,128.0,144.0
1.2.643.5.1.13.13.12.2.77.8252.08120904010605130814050710080508,0.5731857419013977,2,48.0,80.0
1.2.643.5.1.13.13.12.2.77.8252.09070705131210061514041509120513,0.6718363761901855,2,66.0,69.5
1.2.643.5.1.13.13.12.2.77.8252.09070705131210061514041509120513,0.7772679328918457,2,233.5,50.5
1.2.643.5.1.13.13.12.2.77.8252.09070705131210061514041509120513,0.6430680751800537,2,42.0,24.0
1.2.643.5.1.13.13.12.2.77.8252.09070705131210061514041509120513,0.06854237616062164,2,240.0,144.0
1.2.643.5.1.13.13.12.2.77.8252.09070705131210061514041509120513,0.0661982074379921,2,128.0,112.0
1.2.643.5.1.13.13.12.2.77.8252.09070705131210061514041509120513,0.05397188290953636,2,48.0,256.0
1.2.643.5.1.13.13.12.2.77.8252.09070705131210061514041509120513,0.1092594638466835,2,96.0,176.0
1.2.643.5.1.13.13.12.2.77.8252.09070705131210061514041509120513,0.04839074984192848,2,64.0,208.0
1.2.643.5.1.13.13.12.2.77.8252.09070705131210061514041509120513,0.03101414628326893,2,252.0,208.0
1.2.643.5.1.13.13.12.2.77.8252.09070705131210061514041509120513,0.108621746301651,2,128.0,176.0
1.2.643.5.1.13.13.12.2.77.8252.09070705131210061514041509120513,0.49834465980529785,2,144.0,240.0
1.2.643.5.1.13.13.12.2.77.8252.09070705131210061514041509120513,0.14865654706954956,2,252.0,265.0
1.2.643.5.1.13.13.12.2.77.8252.09070705131210061514041509120513,0.04025478661060333,2,240.0,176.0
1.2.643.5.1.13.13.12.2.77.8252.09070705131210061514041509120513,0.37490350008010864,2,252.0,64.0
1.2.643.5.1.13.13.12.2.77.8252.09070705131210061514041509120513,0.13357602059841156,2,80.0,160.0
1.2.643.5.1.13.13.12.2.77.8252.09070705131210061514041509120513,0.30105939507484436,2,144.0,224.0
1.2.643.5.1.13.13.12.2.77.8252.09070705131210061514041509120513,0.21740886569023132,2,112.0,64.0
1.2.643.5.1.13.13.12.2.77.8252.09070705131210061514041509120513,0.04791082814335823,2,176.0,176.0
1.2.643.5.1.13.13.12.2.77.8252.09070705131210061514041509120513,0.214691162109375,2,144.0,96.0
1.2.643.5.1.13.13.12.2.77.8252.09070705131210061514041509120513,0.09736739099025726,2,252.0,256.0
1.2.643.5.1.13.13.12.2.77.8252.09070705131210061514041509120513,0.08704788982868195,2,176.0,96.0
1.2.643.5.1.13.13.12.2.77.8252.09070705131210061514041509120513,0.04066804423928261,2,252.0,224.0
1.2.643.5.1.13.13.12.2.77.8252.09070705131210061514041509120513,0.03578190132975578,2,48.0,192.0
1.2.643.5.1.13.13.12.2.77.8252.09070705131210061514041509120513,0.7573391199111938,2,176.0,265.0
1.2.643.5.1.13.13.12.2.77.8252.09070705131210061514041509120513,0.06773702055215836,2,112.0,176.0
1.2.643.5.1.13.13.12.2.77.8252.09070705131210061514041509120513,0.11169196665287018,2,160.0,128.0
1.2.643.5.1.13.13.12.2.77.8252.09070705131210061514041509120513,0.17383311688899994,2,160.0,112.0
1.2.643.5.1.13.13.12.2.77.8252.09070705131210061514041509120513,0.06660246849060059,2,160.0,176.0
1.2.643.5.1.13.13.12.2.77.8252.09070705131210061514041509120513,0.7846927046775818,2,64.0,48.0
1.2.643.5.1.13.13.12.2.77.8252.09070705131210061514041509120513,0.19963207840919495,2,80.0,144.0
1.2.643.5.1.13.13.12.2.77.8252.09070705131210061514041509120513,0.4152073562145233,2,252.0,48.0
1.2.643.5.1.13.13.12.2.77.8252.09070705131210061514041509120513,0.04199143126606941,2,48.0,176.0
1.2.643.5.1.13.13.12.2.77.8252.09070705131210061514041509120513,0.5101210474967957,2,96.0,64.0
1.2.643.5.1.13.13.12.2.77.8252.09070705131210061514041509120513,0.11459342390298843,2,224.0,240.0
1.2.643.5.1.13.13.12.2.77.8252.09070705131210061514041509120513,0.28660985827445984,2,240.0,96.0
1.2.643.5.1.13.13.12.2.77.8252.09070705131210061514041509120513,0.3160882592201233,2,192.0,240.0
1.2.643.5.1.13.13.12.2.77.8252.09070705131210061514041509120513,0.10470065474510193,2,252.0,112.0
1.2.643.5.1.13.13.12.2.77.8252.09070705131210061514041509120513,0.27936866879463196,2,252.0,80.0
1.2.643.5.1.13.13.12.2.77.8252.09070705131210061514041509120513,0.18558306992053986,2,208.0,224.0
1.2.643.5.1.13.13.12.2.77.8252.09070705131210061514041509120513,0.48735514283180237,2,48.0,96.0
1.2.643.5.1.13.13.12.2.77.8252.09070705131210061514041509120513,0.08710715919733047,2,96.0,224.0
1.2.643.5.1.13.13.12.2.77.8252.09070705131210061514041509120513,0.6355822682380676,2,208.0,265.0
1.2.643.5.1.13.13.12.2.77.8252.09070705131210061514041509120513,0.06645241379737854,2,128.0,128.0
1.2.643.5.1.13.13.12.2.77.8252.13110108131113110013070512051310,0.9996813535690308,2,52.5,14.5
1.2.643.5.1.13.13.12.2.77.8252.13110108131113110013070512051310,0.7215756177902222,2,253.5,3.0
1.2.643.5.1.13.13.12.2.77.8252.13110108131113110013070512051310,0.9883680939674377,2,48.0,48.0
1.2.643.5.1.13.13.12.2.77.8252.13110108131113110013070512051310,0.9932059049606323,2,64.0,48.0
1.2.643.5.1.13.13.12.2.77.8252.13110108131113110013070512051310,0.9852950572967529,2,80.0,48.0
1.2.643.5.1.13.13.12.2.77.8252.13110108131113110013070512051310,0.9775466322898865,2,96.0,48.0
1.2.643.5.1.13.13.12.2.77.8252.13110108131113110013070512051310,0.6227053999900818,2,208.0,48.0
1.2.643.5.1.13.13.12.2.77.8252.13110108131113110013070512051310,0.5279026627540588,2,224.0,48.0
1.2.643.5.1.13.13.12.2.77.8252.13110108131113110013070512051310,0.3873976171016693,2,240.0,48.0
1.2.643.5.1.13.13.12.2.77.8252.13110108131113110013070512051310,0.3409530520439148,2,252.0,48.0
1.2.643.5.1.13.13.12.2.77.8252.13110108131113110013070512051310,0.49884265661239624,2,112.0,112.0
1.2.643.5.1.13.13.12.2.77.8252.13110108131113110013070512051310,0.25023823976516724,2,96.0,192.0
1.2.643.5.1.13.13.12.2.77.8252.13110108131113110013070512051310,0.725756824016571,2,128.0,128.0
1.2.643.5.1.13.13.12.2.77.8252.13110108131113110013070512051310,0.5210498571395874,2,96.0,112.0
1.2.643.5.1.13.13.12.2.77.8252.13110108131113110013070512051310,0.3911091685295105,2,80.0,269.0
1.2.643.5.1.13.13.12.2.77.8252.13110108131113110013070512051310,0.8418808579444885,2,160.0,144.0
1.2.643.5.1.13.13.12.2.77.8252.13110108131113110013070512051310,0.05288245156407356,2,48.0,192.0
1.2.643.5.1.13.13.12.2.77.8252.13110108131113110013070512051310,0.22031356394290924,2,240.0,208.0
1.2.643.5.1.13.13.12.2.77.8252.13110108131113110013070512051310,0.4839397668838501,2,128.0,176.0
1.2.643.5.1.13.13.12.2.77.8252.13110108131113110013070512051310,0.7588557004928589,2,176.0,112.0
1.2.643.5.1.13.13.12.2.77.8252.13110108131113110013070512051310,0.7652328610420227,2,160.0,240.0
1.2.643.5.1.13.13.12.2.77.8252.13110108131113110013070512051310,0.8135722279548645,2,160.0,256.0
1.2.643.5.1.13.13.12.2.77.8252.13110108131113110013070512051310,0.39324837923049927,2,64.0,128.0
1.2.643.5.1.13.13.12.2.77.8252.13110108131113110013070512051310,0.38033756613731384,2,96.0,144.0
1.2.643.5.1.13.13.12.2.77.8252.13110108131113110013070512051310,0.6859885454177856,2,176.0,208.0
1.2.643.5.1.13.13.12.2.77.8252.13110108131113110013070512051310,0.5042223334312439,2,144.0,224.0
1.2.643.5.1.13.13.12.2.77.8252.13110108131113110013070512051310,0.7338131666183472,2,176.0,160.0
1.2.643.5.1.13.13.12.2.77.8252.13110108131113110013070512051310,0.569912850856781,2,176.0,269.0
1.2.643.5.1.13.13.12.2.77.8252.13110108131113110013070512051310,0.27458515763282776,2,64.0,144.0
1.2.643.5.1.13.13.12.2.77.8252.13110108131113110013070512051310,0.19514042139053345,2,240.0,144.0
1.2.643.5.1.13.13.12.2.77.8252.13110108131113110013070512051310,0.055276814848184586,2,64.0,208.0
1.2.643.5.1.13.13.12.2.77.8252.13110108131113110013070512051310,0.21806958317756653,2,64.0,269.0
1.2.643.5.1.13.13.12.2.77.8252.13110108131113110013070512051310,0.17263531684875488,2,240.0,112.0
1.2.643.5.1.13.13.12.2.77.8252.13110108131113110013070512051310,0.39898964762687683,2,96.0,240.0
1.2.643.5.1.13.13.12.2.77.8252.13110108131113110013070512051310,0.12887035310268402,2,252.0,240.0
1.2.643.5.1.13.13.12.2.77.8252.13110108131113110013070512051310,0.7101550102233887,2,144.0,176.0
1.2.643.5.1.13.13.12.2.77.8252.13110108131113110013070512051310,0.26301467418670654,2,224.0,240.0
1.2.643.5.1.13.13.12.2.77.8252.13110108131113110013070512051310,0.5742976069450378,2,176.0,240.0
1.2.643.5.1.13.13.12.2.77.8252.13110108131113110013070512051310,0.7911812663078308,2,160.0,192.0
1.2.643.5.1.13.13.12.2.77.8252.13110108131113110013070512051310,0.13486053049564362,2,48.0,160.0
1.2.643.5.1.13.13.12.2.77.8252.13110108131113110013070512051310,0.7996058464050293,2,160.0,176.0
1.2.643.5.1.13.13.12.2.77.8252.13110108131113110013070512051310,0.2108098864555359,2,240.0,80.0
1.2.643.5.1.13.13.12.2.77.8252.13110108131113110013070512051310,0.3247641623020172,2,192.0,240.0
1.2.643.5.1.13.13.12.2.77.8252.13110108131113110013070512051310,0.36774933338165283,2,224.0,160.0
1.2.643.5.1.13.13.12.2.77.8252.13110108131113110013070512051310,0.23618733882904053,2,192.0,256.0
1.2.643.5.1.13.13.12.2.77.8252.13110108131113110013070512051310,0.8612299561500549,2,160.0,269.0
1.2.643.5.1.13.13.12.2.77.8252.13110108131113110013070512051310,0.47425782680511475,2,128.0,224.0
1.2.643.5.1.13.13.12.2.77.8252.13110108131113110013070512051310,0.08925403654575348,2,252.0,112.0
1.2.643.5.1.13.13.12.2.77.8252.13110108131113110013070512051310,0.216844841837883,2,240.0,192.0
1.2.643.5.1.13.13.12.2.77.8252.13110108131113110013070512051310,0.4600847661495209,2,208.0,208.0
1.2.643.5.1.13.13.12.2.77.8252.05130006080703150808130311150104,0.9999974966049194,2,33.0,45.5
1.2.643.5.1.13.13.12.2.77.8252.05130006080703150808130311150104,0.9989620447158813,2,94.5,24.0
1.2.643.5.1.13.13.12.2.77.8252.05130006080703150808130311150104,0.999997615814209,2,235.0,20.0
1.2.643.5.1.13.13.12.2.77.8252.05130006080703150808130311150104,0.9999606609344482,2,48.0,48.0
1.2.643.5.1.13.13.12.2.77.8252.05130006080703150808130311150104,0.9998396635055542,2,64.0,48.0
1.2.643.5.1.13.13.12.2.77.8252.05130006080703150808130311150104,0.9995244741439819,2,80.0,48.0
1.2.643.5.1.13.13.12.2.77.8252.05130006080703150808130311150104,0.9938016533851624,2,96.0,48.0
1.2.643.5.1.13.13.12.2.77.8252.05130006080703150808130311150104,0.8870154619216919,2,112.0,48.0
1.2.643.5.1.13.13.12.2.77.8252.05130006080703150808130311150104,0.316975861787796,2,128.0,48.0
1.2.643.5.1.13.13.12.2.77.8252.05130006080703150808130311150104,0.8160116076469421,2,192.0,48.0
1.2.643.5.1.13.13.12.2.77.8252.05130006080703150808130311150104,0.9889729619026184,2,208.0,48.0
1.2.643.5.1.13.13.12.2.77.8252.05130006080703150808130311150104,0.9986777901649475,2,224.0,48.0
1.2.643.5.1.13.13.12.2.77.8252.05130006080703150808130311150104,0.9999488592147827,2,240.0,48.0
1.2.643.5.1.13.13.12.2.77.8252.05130006080703150808130311150104,0.9998773336410522,2,252.0,48.0
1.2.643.5.1.13.13.12.2.77.8252.05130006080703150808130311150104,0.9999414682388306,2,48.0,64.0
1.2.643.5.1.13.13.12.2.77.8252.05130006080703150808130311150104,0.9997346997261047,2,64.0,64.0
1.2.643.5.1.13.13.12.2.77.8252.05130006080703150808130311150104,0.9988754391670227,2,80.0,64.0
1.2.643.5.1.13.13.12.2.77.8252.05130006080703150808130311150104,0.9858952164649963,2,96.0,64.0
1.2.643.5.1.13.13.12.2.77.8252.05130006080703150808130311150104,0.7651240825653076,2,112.0,64.0
1.2.643.5.1.13.13.12.2.77.8252.05130006080703150808130311150104,0.9922139048576355,2,224.0,64.0
1.2.643.5.1.13.13.12.2.77.8252.05130006080703150808130311150104,0.999515175819397,2,240.0,64.0
1.2.643.5.1.13.13.12.2.77.8252.05130006080703150808130311150104,0.9992662072181702,2,252.0,64.0
1.2.643.5.1.13.13.12.2.77.8252.05130006080703150808130311150104,0.9996167421340942,2,48.0,80.0
1.2.643.5.1.13.13.12.2.77.8252.05130006080703150808130311150104,0.9963662624359131,2,64.0,80.0
1.2.643.5.1.13.13.12.2.77.8252.05130006080703150808130311150104,0.9832965135574341,2,80.0,80.0
1.2.643.5.1.13.13.12.2.77.8252.05130006080703150808130311150104,0.7608684301376343,2,64.0,144.0
1.2.643.5.1.13.13.12.2.77.8252.05130006080703150808130311150104,0.5736489295959473,2,80.0,128.0
1.2.643.5.1.13.13.12.2.77.8252.05130006080703150808130311150104,0.080840565264225,2,144.0,144.0
1.2.643.5.1.13.13.12.2.77.8252.05130006080703150808130311150104,0.17533481121063232,2,192.0,192.0
1.2.643.5.1.13.13.12.2.77.8252.05130006080703150808130311150104,0.509226381778717,2,80.0,176.0
1.2.643.5.1.13.13.12.2.77.8252.05130006080703150808130311150104,0.5044121146202087,2,208.0,144.0
1.2.643.5.1.13.13.12.2.77.8252.05130006080703150808130311150104,0.6985769867897034,2,240.0,128.0
1.2.643.5.1.13.13.12.2.77.8252.05130006080703150808130311150104,0.04946258291602135,2,144.0,128.0
1.2.643.5.1.13.13.12.2.77.8252.05130006080703150808130311150104,0.6347207427024841,2,64.0,240.0
1.2.643.5.1.13.13.12.2.77.8252.05130006080703150808130311150104,0.03342081233859062,2,176.0,128.0
1.2.643.5.1.13.13.12.2.77.8252.05130006080703150808130311150104,0.11635485291481018,2,112.0,240.0
1.2.643.5.1.13.13.12.2.77.8252.05130006080703150808130311150104,0.3716406524181366,2,208.0,176.0
1.2.643.5.1.13.13.12.2.77.8252.05130006080703150808130311150104,0.025389906018972397,2,160.0,144.0
1.2.643.5.1.13.13.12.2.77.8252.05130006080703150808130311150104,0.451750248670578,2,48.0,208.0
1.2.643.5.1.13.13.12.2.77.8252.05130006080703150808130311150104,0.3989098370075226,2,240.0,192.0
1.2.643.5.1.13.13.12.2.77.8252.05130006080703150808130311150104,0.12301065027713776,2,192.0,269.0
1.2.643.5.1.13.13.12.2.77.8252.05130006080703150808130311150104,0.6274570226669312,2,224.0,269.0
1.2.643.5.1.13.13.12.2.77.8252.05130006080703150808130311150104,0.21537818014621735,2,96.0,160.0
1.2.643.5.1.13.13.12.2.77.8252.05130006080703150808130311150104,0.06855473667383194,2,112.0,256.0
1.2.643.5.1.13.13.12.2.77.8252.05130006080703150808130311150104,0.6504963040351868,2,240.0,269.0
1.2.643.5.1.13.13.12.2.77.8252.05130006080703150808130311150104,0.6388615965843201,2,252.0,128.0
1.2.643.5.1.13.13.12.2.77.8252.05130006080703150808130311150104,0.06111971661448479,2,192.0,224.0
1.2.643.5.1.13.13.12.2.77.8252.05130006080703150808130311150104,0.35239937901496887,2,252.0,160.0
1.2.643.5.1.13.13.12.2.77.8252.05130006080703150808130311150104,0.020491382107138634,2,128.0,160.0
1.2.643.5.1.13.13.12.2.77.8252.05130006080703150808130311150104,0.6146920919418335,2,64.0,208.0
1.2.643.5.1.13.13.12.2.77.8252.05130006080703150808130311150104,0.7926396131515503,2,48.0,128.0
1.2.643.5.1.13.13.12.2.77.8252.05130006080703150808130311150104,0.6429380178451538,2,224.0,208.0
1.2.643.5.1.13.13.12.2.77.8252.05130006080703150808130311150104,0.6783950924873352,2,64.0,176.0
1.2.643.5.1.13.13.12.2.77.8252.05130006080703150808130311150104,0.7281285524368286,2,224.0,128.0
1.2.643.5.1.13.13.12.2.77.8252.05130006080703150808130311150104,0.7095491290092468,2,64.0,160.0
1.2.643.5.1.13.13.12.2.77.8252.05130006080703150808130311150104,0.14783315360546112,2,192.0,176.0
1.2.643.5.1.13.13.12.2.77.8252.05130006080703150808130311150104,0.2054601013660431,2,192.0,160.0
1.2.643.5.1.13.13.12.2.77.8252.05130006080703150808130311150104,0.22783996164798737,2,192.0,144.0
1.2.643.5.1.13.13.12.2.77.8252.05130006080703150808130311150104,0.38987722992897034,2,240.0,208.0
1.2.643.5.1.13.13.12.2.77.8252.05130006080703150808130311150104,0.019890733063220978,2,144.0,224.0
1.2.643.5.1.13.13.12.2.77.8252.05130006080703150808130311150104,0.02084447629749775,2,160.0,160.0
1.2.643.5.1.13.13.12.2.77.8252.05130006080703150808130311150104,0.7676610350608826,2,224.0,112.0
1.2.643.5.1.13.13.12.2.77.8252.05130006080703150808130311150104,0.562916100025177,2,48.0,240.0
1.2.643.5.1.13.13.12.2.77.8252.05130006080703150808130311150104,0.30601948499679565,2,240.0,144.0
1.2.643.5.1.13.13.12.2.77.8252.05130006080703150808130311150104,0.024940190836787224,2,144.0,269.0
1.2.643.5.1.13.13.12.2.77.8252.14031513011512070711151413071213,0.26305484771728516,2,252.0,48.0
1.2.643.5.1.13.13.12.2.77.8252.14031513011512070711151413071213,0.03924453631043434,2,224.0,241.0
1.2.643.5.1.13.13.12.2.77.8252.14031513011512070711151413071213,0.32494625449180603,2,112.0,64.0
1.2.643.5.1.13.13.12.2.77.8252.14031513011512070711151413071213,0.06534790247678757,2,48.0,224.0
1.2.643.5.1.13.13.12.2.77.8252.14031513011512070711151413071213,0.20247657597064972,2,208.0,112.0
1.2.643.5.1.13.13.12.2.77.8252.14031513011512070711151413071213,0.20775382220745087,2,80.0,112.0
1.2.643.5.1.13.13.12.2.77.8252.14031513011512070711151413071213,0.19290120899677277,2,48.0,80.0
1.2.643.5.1.13.13.12.2.77.8252.14031513011512070711151413071213,0.10556213557720184,2,192.0,192.0
1.2.643.5.1.13.13.12.2.77.8252.14031513011512070711151413071213,0.37887972593307495,2,224.0,48.0
1.2.643.5.1.13.13.12.2.77.8252.14031513011512070711151413071213,0.19975903630256653,2,160.0,80.0
1.2.643.5.1.13.13.12.2.77.8252.14031513011512070711151413071213,0.3356681168079376,2,128.0,208.0
1.2.643.5.1.13.13.12.2.77.8252.14031513011512070711151413071213,0.15454988181591034,2,224.0,112.0
1.2.643.5.1.13.13.12.2.77.8252.14031513011512070711151413071213,0.24946019053459167,2,160.0,144.0
1.2.643.5.1.13.13.12.2.77.8252.14031513011512070711151413071213,0.34684064984321594,2,144.0,64.0
1.2.643.5.1.13.13.12.2.77.8252.14031513011512070711151413071213,0.19231227040290833,2,144.0,208.0
1.2.643.5.1.13.13.12.2.77.8252.14031513011512070711151413071213,0.04955103620886803,2,224.0,176.0
1.2.643.5.1.13.13.12.2.77.8252.14031513011512070711151413071213,0.19203351438045502,2,112.0,144.0
1.2.643.5.1.13.13.12.2.77.8252.14031513011512070711151413071213,0.4163297414779663,2,192.0,64.0
1.2.643.5.1.13.13.12.2.77.8252.14031513011512070711151413071213,0.22821737825870514,2,112.0,80.0
1.2.643.5.1.13.13.12.2.77.8252.14031513011512070711151413071213,0.44648948311805725,2,96.0,64.0
1.2.643.5.1.13.13.12.2.77.8252.14031513011512070711151413071213,0.17481960356235504,2,240.0,80.0
1.2.643.5.1.13.13.12.2.77.8252.14031513011512070711151413071213,0.30632513761520386,2,176.0,64.0
1.2.643.5.1.13.13.12.2.77.8252.14031513011512070711151413071213,0.03362923115491867,2,240.0,208.0
1.2.643.5.1.13.13.12.2.77.8252.14031513011512070711151413071213,0.5155289769172668,2,208.0,48.0
1.2.643.5.1.13.13.12.2.77.8252.14031513011512070711151413071213,0.17460300028324127,2,80.0,224.0
1.2.643.5.1.13.13.12.2.77.8252.14031513011512070711151413071213,0.19811005890369415,2,160.0,192.0
1.2.643.5.1.13.13.12.2.77.8252.14031513011512070711151413071213,0.1018831878900528,2,64.0,144.0
1.2.643.5.1.13.13.12.2.77.8252.14031513011512070711151413071213,0.0480748787522316,2,48.0,208.0
1.2.643.5.1.13.13.12.2.77.8252.14031513011512070711151413071213,0.14828209578990936,2,208.0,128.0
1.2.643.5.1.13.13.12.2.77.8252.14031513011512070711151413071213,0.03645714744925499,2,208.0,224.0
1.2.643.5.1.13.13.12.2.77.8252.14031513011512070711151413071213,0.30222275853157043,2,80.0,241.0
1.2.643.5.1.13.13.12.2.77.8252.14031513011512070711151413071213,0.12769675254821777,2,224.0,128.0
1.2.643.5.1.13.13.12.2.77.8252.14031513011512070711151413071213,0.03855035454034805,2,252.0,224.0
1.2.643.5.1.13.13.12.2.77.8252.14031513011512070711151413071213,0.09188758581876755,2,192.0,208.0
1.2.643.5.1.13.13.12.2.77.8252.14031513011512070711151413071213,0.37737077474594116,2,192.0,96.0
1.2.643.5.1.13.13.12.2.77.8252.14031513011512070711151413071213,0.031572818756103516,2,208.0,192.0
1.2.643.5.1.13.13.12.2.77.8252.14031513011512070711151413071213,0.02639997936785221,2,224.0,192.0
1.2.643.5.1.13.13.12.2.77.8252.14031513011512070711151413071213,0.3616248369216919,2,144.0,240.0
1.2.643.5.1.13.13.12.2.77.8252.14031513011512070711151413071213,0.08431239426136017,2,208.0,160.0
1.2.643.5.1.13.13.12.2.77.8252.14031513011512070711151413071213,0.11800992488861084,2,48.0,240.0
1.2.643.5.1.13.13.12.2.77.8252.10030113050111051002020402141304,0.4421789050102234,2,295.0,4.0
1.2.643.5.1.13.13.12.2.77.8252.10030113050111051002020402141304,0.3751688003540039,2,252.0,48.0
1.2.643.5.1.13.13.12.2.77.8252.10030113050111051002020402141304,0.40108171105384827,2,160.0,112.0
1.2.643.5.1.13.13.12.2.77.8252.10030113050111051002020402141304,0.2032567709684372,2,112.0,176.0
1.2.643.5.1.13.13.12.2.77.8252.10030113050111051002020402141304,0.5733439326286316,2,160.0,192.0
1.2.643.5.1.13.13.12.2.77.8252.10030113050111051002020402141304,0.09481822699308395,2,80.0,224.0
1.2.643.5.1.13.13.12.2.77.8252.10030113050111051002020402141304,0.04337916523218155,2,96.0,80.0
1.2.643.5.1.13.13.12.2.77.8252.10030113050111051002020402141304,0.6802765130996704,2,208.0,80.0
1.2.643.5.1.13.13.12.2.77.8252.10030113050111051002020402141304,0.5095453858375549,2,192.0,208.0
1.2.643.5.1.13.13.12.2.77.8252.10030113050111051002020402141304,0.052298493683338165,2,80.0,64.0
1.2.643.5.1.13.13.12.2.77.8252.10030113050111051002020402141304,0.049666207283735275,2,80.0,208.0
1.2.643.5.1.13.13.12.2.77.8252.10030113050111051002020402141304,0.46020129323005676,2,176.0,128.0
1.2.643.5.1.13.13.12.2.77.8252.10030113050111051002020402141304,0.9204533696174622,2,176.0,239.0
1.2.643.5.1.13.13.12.2.77.8252.10030113050111051002020402141304,0.7263702750205994,2,176.0,80.0
1.2.643.5.1.13.13.12.2.77.8252.10030113050111051002020402141304,0.8106142282485962,2,192.0,64.0
1.2.643.5.1.13.13.12.2.77.8252.10030113050111051002020402141304,0.4654373824596405,2,192.0,112.0
1.2.643.5.1.13.13.12.2.77.8252.10030113050111051002020402141304,0.20635037124156952,2,144.0,160.0
1.2.643.5.1.13.13.12.2.77.8252.10030113050111051002020402141304,0.5204424858093262,2,160.0,96.0
1.2.643.5.1.13.13.12.2.77.8252.10030113050111051002020402141304,0.33558979630470276,2,224.0,224.0
1.2.643.5.1.13.13.12.2.77.8252.10030113050111051002020402141304,0.13237689435482025,2,224.0,192.0
1.2.643.5.1.13.13.12.2.77.8252.10030113050111051002020402141304,0.03145921975374222,2,64.0,160.0
1.2.643.5.1.13.13.12.2.77.8252.10030113050111051002020402141304,0.5044459104537964,2,208.0,96.0
1.2.643.5.1.13.13.12.2.77.8252.10030113050111051002020402141304,0.096410371363163,2,208.0,144.0
1.2.643.5.1.13.13.12.2.77.8252.10030113050111051002020402141304,0.09390600025653839,2,252.0,96.0
1.2.643.5.1.13.13.12.2.77.8252.10030113050111051002020402141304,0.056004926562309265,2,252.0,176.0
1.2.643.5.1.13.13.12.2.77.8252.10030113050111051002020402141304,0.6494606137275696,2,160.0,48.0
1.2.643.5.1.13.13.12.2.77.8252.10030113050111051002020402141304,0.2643275856971741,2,112.0,192.0
1.2.643.5.1.13.13.12.2.77.8252.10030113050111051002020402141304,0.035646457225084305,2,80.0,96.0
1.2.643.5.1.13.13.12.2.77.8252.10030113050111051002020402141304,0.14431948959827423,2,240.0,128.0
1.2.643.5.1.13.13.12.2.77.8252.10030113050111051002020402141304,0.5150028467178345,2,176.0,112.0
1.2.643.5.1.13.13.12.2.77.8252.10030113050111051002020402141304,0.1037924587726593,2,240.0,208.0
1.2.643.5.1.13.13.12.2.77.8252.10030113050111051002020402141304,0.8548025488853455,2,192.0,239.0
1.2.643.5.1.13.13.12.2.77.8252.10030113050111051002020402141304,0.26235994696617126,2,128.0,96.0
1.2.643.5.1.13.13.12.2.77.8252.10030113050111051002020402141304,0.4412178099155426,2,144.0,224.0
1.2.643.5.1.13.13.12.2.77.8252.10030113050111051002020402141304,0.298027902841568,2,192.0,128.0
1.2.643.5.1.13.13.12.2.77.8252.10030113050111051002020402141304,0.4579886496067047,2,208.0,224.0
1.2.643.5.1.13.13.12.2.77.8252.10030113050111051002020402141304,0.05286085233092308,2,252.0,192.0
1.2.643.5.1.13.13.12.2.77.8252.10030113050111051002020402141304,0.05165376514196396,2,252.0,208.0
1.2.643.5.1.13.13.12.2.77.8252.10030113050111051002020402141304,0.08085275441408157,2,252.0,128.0
1.2.643.5.1.13.13.12.2.77.8252.10030113050111051002020402141304,0.06850223243236542,2,96.0,176.0
1.2.643.5.1.13.13.12.2.77.8252.10030113050111051002020402141304,0.1196552962064743,2,252.0,239.0
1.2.643.5.1.13.13.12.2.77.8252.10030113050111051002020402141304,0.2130645364522934,2,192.0,176.0
1.2.643.5.1.13.13.12.2.77.8252.04071014120313000711051010091409,0.3077756464481354,2,79.0,180.5
1.2.643.5.1.13.13.12.2.77.8252.04071014120313000711051010091409,0.4854608476161957,2,72.0,113.5
1.2.643.5.1.13.13.12.2.77.8252.04071014120313000711051010091409,0.3651678264141083,2,65.0,103.0
1.2.643.5.1.13.13.12.2.77.8252.04071014120313000711051010091409,0.5990338921546936,2,70.5,65.5
1.2.643.5.1.13.13.12.2.77.8252.04071014120313000711051010091409,0.5178537964820862,2,60.5,51.0
1.2.643.5.1.13.13.12.2.77.8252.04071014120313000711051010091409,0.3105195164680481,2,257.0,74.0
1.2.643.5.1.13.13.12.2.77.8252.04071014120313000711051010091409,0.31937897205352783,2,261.5,60.0
1.2.643.5.1.13.13.12.2.77.8252.04071014120313000711051010091409,0.21304595470428467,2,248.5,122.0
1.2.643.5.1.13.13.12.2.77.8252.04071014120313000711051010091409,0.1963246613740921,2,255.5,111.5
1.2.643.5.1.13.13.12.2.77.8252.04071014120313000711051010091409,0.9153162240982056,2,144.0,128.0
1.2.643.5.1.13.13.12.2.77.8252.04071014120313000711051010091409,0.038418035954236984,2,48.0,240.0
1.2.643.5.1.13.13.12.2.77.8252.04071014120313000711051010091409,0.5412830114364624,2,96.0,176.0
1.2.643.5.1.13.13.12.2.77.8252.04071014120313000711051010091409,0.2344941794872284,2,144.0,64.0
1.2.643.5.1.13.13.12.2.77.8252.04071014120313000711051010091409,0.43258196115493774,2,224.0,160.0
1.2.643.5.1.13.13.12.2.77.8252.04071014120313000711051010091409,0.3808165192604065,2,48.0,48.0
1.2.643.5.1.13.13.12.2.77.8252.04071014120313000711051010091409,0.7957565188407898,2,192.0,128.0
1.2.643.5.1.13.13.12.2.77.8252.04071014120313000711051010091409,0.09752660244703293,2,112.0,224.0
1.2.643.5.1.13.13.12.2.77.8252.04071014120313000711051010091409,0.22267326712608337,2,240.0,128.0
1.2.643.5.1.13.13.12.2.77.8252.04071014120313000711051010091409,0.056925639510154724,2,252.0,256.0
1.2.643.5.1.13.13.12.2.77.8252.04071014120313000711051010091409,0.24370522797107697,2,192.0,208.0
1.2.643.5.1.13.13.12.2.77.8252.04071014120313000711051010091409,0.08392291516065598,2,80.0,256.0
1.2.643.5.1.13.13.12.2.77.8252.04071014120313000711051010091409,0.06856555491685867,2,252.0,224.0
1.2.643.5.1.13.13.12.2.77.8252.04071014120313000711051010091409,0.3423571288585663,2,112.0,176.0
1.2.643.5.1.13.13.12.2.77.8252.04071014120313000711051010091409,0.1706649512052536,2,240.0,176.0
1.2.643.5.1.13.13.12.2.77.8252.04071014120313000711051010091409,0.19062620401382446,2,48.0,144.0
1.2.643.5.1.13.13.12.2.77.8252.04071014120313000711051010091409,0.8267917633056641,2,176.0,128.0
1.2.643.5.1.13.13.12.2.77.8252.04071014120313000711051010091409,0.2330138385295868,2,160.0,240.0
1.2.643.5.1.13.13.12.2.77.8252.04071014120313000711051010091409,0.29396915435791016,2,224.0,192.0
1.2.643.5.1.13.13.12.2.77.8252.04071014120313000711051010091409,0.07491445541381836,2,144.0,272.0
1.2.643.5.1.13.13.12.2.77.8252.04071014120313000711051010091409,0.49058276414871216,2,128.0,176.0
1.2.643.5.1.13.13.12.2.77.8252.04071014120313000711051010091409,0.6263201832771301,2,96.0,160.0
1.2.643.5.1.13.13.12.2.77.8252.04071014120313000711051010091409,0.30340155959129333,2,64.0,80.0
1.2.643.5.1.13.13.12.2.77.8252.04071014120313000711051010091409,0.7172191143035889,2,80.0,96.0
1.2.643.5.1.13.13.12.2.77.8252.04071014120313000711051010091409,0.48807355761528015,2,224.0,48.0
1.2.643.5.1.13.13.12.2.77.8252.04071014120313000711051010091409,0.38617902994155884,2,176.0,208.0
1.2.643.5.1.13.13.12.2.77.8252.04071014120313000711051010091409,0.12819966673851013,2,96.0,272.0
1.2.643.5.1.13.13.12.2.77.8252.04071014120313000711051010091409,0.2041190266609192,2,48.0,96.0
1.2.643.5.1.13.13.12.2.77.8252.04071014120313000711051010091409,0.1678842008113861,2,192.0,240.0
1.2.643.5.1.13.13.12.2.77.8252.04071014120313000711051010091409,0.4578765630722046,2,176.0,96.0
1.2.643.5.1.13.13.12.2.77.8252.04071014120313000711051010091409,0.18568095564842224,2,96.0,240.0
1.2.643.5.1.13.13.12.2.77.8252.04071014120313000711051010091409,0.4620027542114258,2,224.0,80.0
1.2.643.5.1.13.13.12.2.77.8252.04071014120313000711051010091409,0.714756190776825,2,96.0,80.0
1.2.643.5.1.13.13.12.2.77.8252.04071014120313000711051010091409,0.535243034362793,2,240.0,48.0
1.2.643.5.1.13.13.12.2.77.8252.04071014120313000711051010091409,0.5995252132415771,2,80.0,128.0
1.2.643.5.1.13.13.12.2.77.8252.04071014120313000711051010091409,0.870991587638855,2,128.0,128.0
1.2.643.5.1.13.13.12.2.77.8252.04071014120313000711051010091409,0.9017523527145386,2,144.0,112.0
1.2.643.5.1.13.13.12.2.77.8252.04071014120313000711051010091409,0.16675277054309845,2,240.0,192.0
1.2.643.5.1.13.13.12.2.77.8252.04071014120313000711051010091409,0.8554003834724426,2,144.0,160.0
1.2.643.5.1.13.13.12.2.77.8252.04071014120313000711051010091409,0.40518781542778015,2,192.0,80.0
1.2.643.5.1.13.13.12.2.77.8252.14131410040814100713070401091213,0.019405361264944077,2,192.0,176.0
1.2.643.5.1.13.13.12.2.77.8252.14131410040814100713070401091213,0.19434024393558502,2,96.0,176.0
1.2.643.5.1.13.13.12.2.77.8252.14131410040814100713070401091213,0.15545368194580078,2,64.0,240.0
1.2.643.5.1.13.13.12.2.77.8252.14131410040814100713070401091213,0.026331095024943352,2,192.0,160.0
1.2.643.5.1.13.13.12.2.77.8252.14131410040814100713070401091213,0.15647810697555542,2,80.0,192.0
1.2.643.5.1.13.13.12.2.77.8252.14131410040814100713070401091213,0.029635226354002953,2,160.0,192.0
1.2.643.5.1.13.13.12.2.77.8252.14131410040814100713070401091213,0.3122933506965637,2,208.0,112.0
1.2.643.5.1.13.13.12.2.77.8252.14131410040814100713070401091213,0.10250420868396759,2,64.0,208.0
1.2.643.5.1.13.13.12.2.77.8252.14131410040814100713070401091213,0.11787477135658264,2,144.0,112.0
1.2.643.5.1.13.13.12.2.77.8252.14131410040814100713070401091213,0.07265732437372208,2,240.0,160.0
1.2.643.5.1.13.13.12.2.77.8252.14131410040814100713070401091213,0.6181349158287048,2,96.0,64.0
1.2.643.5.1.13.13.12.2.77.8252.14131410040814100713070401091213,0.21846890449523926,2,252.0,64.0
1.2.643.5.1.13.13.12.2.77.8252.14131410040814100713070401091213,0.5792561769485474,2,160.0,270.0
1.2.643.5.1.13.13.12.2.77.8252.14131410040814100713070401091213,0.016913803294301033,2,176.0,160.0
1.2.643.5.1.13.13.12.2.77.8252.14131410040814100713070401091213,0.03841274604201317,2,128.0,160.0
1.2.643.5.1.13.13.12.2.77.8252.14131410040814100713070401091213,0.03561168164014816,2,224.0,192.0
1.2.643.5.1.13.13.12.2.77.8252.14131410040814100713070401091213,0.23637829720973969,2,96.0,128.0
1.2.643.5.1.13.13.12.2.77.8252.14131410040814100713070401091213,0.484187513589859,2,96.0,80.0
1.2.643.5.1.13.13.12.2.77.8252.14131410040814100713070401091213,0.06978350877761841,2,208.0,240.0
1.2.643.5.1.13.13.12.2.77.8252.14131410040814100713070401091213,0.016381243243813515,2,160.0,160.0
1.2.643.5.1.13.13.12.2.77.8252.14131410040814100713070401091213,0.18502342700958252,2,112.0,96.0
1.2.643.5.1.13.13.12.2.77.8252.14131410040814100713070401091213,0.7029807567596436,2,80.0,48.0
1.2.643.5.1.13.13.12.2.77.8252.14131410040814100713070401091213,0.18677206337451935,2,160.0,96.0
1.2.643.5.1.13.13.12.2.77.8252.14131410040814100713070401091213,0.039891622960567474,2,144.0,160.0
1.2.643.5.1.13.13.12.2.77.8252.14131410040814100713070401091213,0.754493236541748,2,208.0,48.0
1.2.643.5.1.13.13.12.2.77.8252.14131410040814100713070401091213,0.2807404398918152,2,64.0,256.0
1.2.643.5.1.13.13.12.2.77.8252.14131410040814100713070401091213,0.2409699708223343,2,96.0,192.0
1.2.643.5.1.13.13.12.2.77.8252.14131410040814100713070401091213,0.44227513670921326,2,112.0,240.0
1.2.643.5.1.13.13.12.2.77.8252.14131410040814100713070401091213,0.09734287858009338,2,160.0,112.0
1.2.643.5.1.13.13.12.2.77.8252.14131410040814100713070401091213,0.6840033531188965,2,144.0,64.0
1.2.643.5.1.13.13.12.2.77.8252.14131410040814100713070401091213,0.041620999574661255,2,252.0,208.0
1.2.643.5.1.13.13.12.2.77.8252.14131410040814100713070401091213,0.41846951842308044,2,224.0,80.0
1.2.643.5.1.13.13.12.2.77.8252.14131410040814100713070401091213,0.3127894103527069,2,208.0,270.0
1.2.643.5.1.13.13.12.2.77.8252.14131410040814100713070401091213,0.2927960455417633,2,64.0,80.0
1.2.643.5.1.13.13.12.2.77.8252.14131410040814100713070401091213,0.09895546734333038,2,224.0,144.0
1.2.643.5.1.13.13.12.2.77.8252.14131410040814100713070401091213,0.0907260999083519,2,128.0,208.0
1.2.643.5.1.13.13.12.2.77.8252.14131410040814100713070401091213,0.1509307324886322,2,64.0,144.0
1.2.643.5.1.13.13.12.2.77.8252.14131410040814100713070401091213,0.02183375135064125,2,176.0,144.0
1.2.643.5.1.13.13.12.2.77.8252.14131410040814100713070401091213,0.3575988709926605,2,96.0,96.0
1.2.643.5.1.13.13.12.2.77.8252.14131410040814100713070401091213,0.358327716588974,2,96.0,240.0
1.2.643.5.1.13.13.12.2.77.8252.07150604010711031305090702140107,0.717405378818512,2,71.0,82.5
1.2.643.5.1.13.13.12.2.77.8252.07150604010711031305090702140107,0.7345456480979919,2,69.5,68.0
1.2.643.5.1.13.13.12.2.77.8252.07150604010711031305090702140107,0.7072440981864929,2,51.0,54.5
1.2.643.5.1.13.13.12.2.77.8252.07150604010711031305090702140107,0.6581884622573853,2,42.5,46.5
1.2.643.5.1.13.13.12.2.77.8252.07150604010711031305090702140107,0.37613481283187866,2,205.0,73.0
1.2.643.5.1.13.13.12.2.77.8252.07150604010711031305090702140107,0.39661332964897156,2,207.5,59.5
1.2.643.5.1.13.13.12.2.77.8252.07150604010711031305090702140107,0.214639350771904,2,220.5,30.0
1.2.643.5.1.13.13.12.2.77.8252.07150604010711031305090702140107,0.21740230917930603,2,230.0,23.5
1.2.643.5.1.13.13.12.2.77.8252.07150604010711031305090702140107,0.21683430671691895,2,96.0,239.0
1.2.643.5.1.13.13.12.2.77.8252.07150604010711031305090702140107,0.2565595209598541,2,64.0,128.0
1.2.643.5.1.13.13.12.2.77.8252.07150604010711031305090702140107,0.04705895110964775,2,224.0,176.0
1.2.643.5.1.13.13.12.2.77.8252.07150604010711031305090702140107,0.04374215006828308,2,192.0,208.0
1.2.643.5.1.13.13.12.2.77.8252.07150604010711031305090702140107,0.03261419013142586,2,192.0,192.0
1.2.643.5.1.13.13.12.2.77.8252.07150604010711031305090702140107,0.057272639125585556,2,192.0,224.0
1.2.643.5.1.13.13.12.2.77.8252.07150604010711031305090702140107,0.17417681217193604,2,192.0,112.0
1.2.643.5.1.13.13.12.2.77.8252.07150604010711031305090702140107,0.07252107560634613,2,80.0,239.0
1.2.643.5.1.13.13.12.2.77.8252.07150604010711031305090702140107,0.027611222118139267,2,176.0,144.0
1.2.643.5.1.13.13.12.2.77.8252.07150604010711031305090702140107,0.053946737200021744,2,80.0,224.0
1.2.643.5.1.13.13.12.2.77.8252.07150604010711031305090702140107,0.09486084431409836,2,128.0,239.0
1.2.643.5.1.13.13.12.2.77.8252.07150604010711031305090702140107,0.2954208254814148,2,112.0,48.0
1.2.643.5.1.13.13.12.2.77.8252.07150604010711031305090702140107,0.12984582781791687,2,224.0,112.0
1.2.643.5.1.13.13.12.2.77.8252.07150604010711031305090702140107,0.06108781322836876,2,112.0,192.0
1.2.643.5.1.13.13.12.2.77.8252.07150604010711031305090702140107,0.6825332641601562,2,64.0,80.0
1.2.643.5.1.13.13.12.2.77.8252.07150604010711031305090702140107,0.12229147553443909,2,144.0,239.0
1.2.643.5.1.13.13.12.2.77.8252.07150604010711031305090702140107,0.06444191187620163,2,160.0,64.0
1.2.643.5.1.13.13.12.2.77.8252.07150604010711031305090702140107,0.5720310211181641,2,80.0,112.0
1.2.643.5.1.13.13.12.2.77.8252.07150604010711031305090702140107,0.16482718288898468,2,128.0,48.0
1.2.643.5.1.13.13.12.2.77.8252.07150604010711031305090702140107,0.37917760014533997,2,208.0,64.0
1.2.643.5.1.13.13.12.2.77.8252.07150604010711031305090702140107,0.12758468091487885,2,64.0,144.0
1.2.643.5.1.13.13.12.2.77.8252.07150604010711031305090702140107,0.1822286695241928,2,112.0,96.0
1.2.643.5.1.13.13.12.2.77.8252.07150604010711031305090702140107,0.03837783262133598,2,252.0,144.0
1.2.643.5.1.13.13.12.2.77.8252.07150604010711031305090702140107,0.07505140453577042,2,144.0,160.0
1.2.643.5.1.13.13.12.2.77.8252.07150604010711031305090702140107,0.08343971520662308,2,144.0,128.0
1.2.643.5.1.13.13.12.2.77.8252.07150604010711031305090702140107,0.1505187749862671,2,112.0,239.0
1.2.643.5.1.13.13.12.2.77.8252.07150604010711031305090702140107,0.0450381375849247,2,224.0,208.0
1.2.643.5.1.13.13.12.2.77.8252.07150604010711031305090702140107,0.0460396409034729,2,176.0,224.0
1.2.643.5.1.13.13.12.2.77.8252.07150604010711031305090702140107,0.7349085211753845,2,64.0,64.0
1.2.643.5.1.13.13.12.2.77.8252.07150604010711031305090702140107,0.06201014295220375,2,192.0,144.0
1.2.643.5.1.13.13.12.2.77.8252.07150604010711031305090702140107,0.02893766015768051,2,192.0,176.0
1.2.643.5.1.13.13.12.2.77.8252.07150604010711031305090702140107,0.16826783120632172,2,252.0,80.0
1.2.643.5.1.13.13.12.2.77.8252.07150604010711031305090702140107,0.13711096346378326,2,80.0,160.0
1.2.643.5.1.13.13.12.2.77.8252.07150604010711031305090702140107,0.6099382042884827,2,48.0,64.0
1.2.643.5.1.13.13.12.2.77.8252.07150604010711031305090702140107,0.08887634426355362,2,64.0,160.0
1.2.643.5.1.13.13.12.2.77.8252.07150604010711031305090702140107,0.7626721262931824,2,64.0,48.0
1.2.643.5.1.13.13.12.2.77.8252.07150604010711031305090702140107,0.050293225795030594,2,128.0,144.0
1.2.643.5.1.13.13.12.2.77.8252.07150604010711031305090702140107,0.04839126020669937,2,224.0,192.0
1.2.643.5.1.13.13.12.2.77.8252.07150604010711031305090702140107,0.1771736592054367,2,48.0,128.0
1.2.643.5.1.13.13.12.2.77.8252.07150604010711031305090702140107,0.11162162572145462,2,144.0,48.0
1.2.643.5.1.13.13.12.2.77.8252.14070208080209001506081402060503,0.0759635642170906,2,64.0,192.0
1.2.643.5.1.13.13.12.2.77.8252.14070208080209001506081402060503,0.2239551693201065,2,252.0,48.0
1.2.643.5.1.13.13.12.2.77.8252.14070208080209001506081402060503,0.6098853945732117,2,112.0,269.0
1.2.643.5.1.13.13.12.2.77.8252.14070208080209001506081402060503,0.1151048019528389,2,80.0,208.0
1.2.643.5.1.13.13.12.2.77.8252.14070208080209001506081402060503,0.2111193984746933,2,64.0,96.0
1.2.643.5.1.13.13.12.2.77.8252.14070208080209001506081402060503,0.19500863552093506,2,224.0,144.0
1.2.643.5.1.13.13.12.2.77.8252.14070208080209001506081402060503,0.044857148081064224,2,252.0,144.0
1.2.643.5.1.13.13.12.2.77.8252.14070208080209001506081402060503,0.2881295084953308,2,64.0,240.0
1.2.643.5.1.13.13.12.2.77.8252.14070208080209001506081402060503,0.1954571008682251,2,208.0,192.0
1.2.643.5.1.13.13.12.2.77.8252.14070208080209001506081402060503,0.30718404054641724,2,112.0,128.0
1.2.643.5.1.13.13.12.2.77.8252.14070208080209001506081402060503,0.3153993785381317,2,96.0,224.0
1.2.643.5.1.13.13.12.2.77.8252.14070208080209001506081402060503,0.40676724910736084,2,224.0,64.0
1.2.643.5.1.13.13.12.2.77.8252.14070208080209001506081402060503,0.3516916334629059,2,48.0,64.0
1.2.643.5.1.13.13.12.2.77.8252.14070208080209001506081402060503,0.3941153585910797,2,160.0,128.0
1.2.643.5.1.13.13.12.2.77.8252.14070208080209001506081402060503,0.5465230345726013,2,80.0,64.0
1.2.643.5.1.13.13.12.2.77.8252.14070208080209001506081402060503,0.5567724108695984,2,208.0,256.0
1.2.643.5.1.13.13.12.2.77.8252.14070208080209001506081402060503,0.14920568466186523,2,80.0,128.0
1.2.643.5.1.13.13.12.2.77.8252.14070208080209001506081402060503,0.35324886441230774,2,128.0,48.0
1.2.643.5.1.13.13.12.2.77.8252.14070208080209001506081402060503,0.2959899306297302,2,192.0,80.0
1.2.643.5.1.13.13.12.2.77.8252.14070208080209001506081402060503,0.43320268392562866,2,144.0,128.0
1.2.643.5.1.13.13.12.2.77.8252.14070208080209001506081402060503,0.14174489676952362,2,80.0,160.0
1.2.643.5.1.13.13.12.2.77.8252.14070208080209001506081402060503,0.15019750595092773,2,224.0,192.0
1.2.643.5.1.13.13.12.2.77.8252.14070208080209001506081402060503,0.3379981815814972,2,96.0,64.0
1.2.643.5.1.13.13.12.2.77.8252.14070208080209001506081402060503,0.6283139586448669,2,252.0,269.0
1.2.643.5.1.13.13.12.2.77.8252.14070208080209001506081402060503,0.2478388100862503,2,144.0,240.0
1.2.643.5.1.13.13.12.2.77.8252.14070208080209001506081402060503,0.2791358530521393,2,160.0,96.0
1.2.643.5.1.13.13.12.2.77.8252.14070208080209001506081402060503,0.04702293872833252,2,252.0,160.0
1.2.643.5.1.13.13.12.2.77.8252.14070208080209001506081402060503,0.052802763879299164,2,252.0,112.0
1.2.643.5.1.13.13.12.2.77.8252.14070208080209001506081402060503,0.11405795067548752,2,240.0,96.0
1.2.643.5.1.13.13.12.2.77.8252.14070208080209001506081402060503,0.6734923124313354,2,80.0,48.0
1.2.643.5.1.13.13.12.2.77.8252.14070208080209001506081402060503,0.13141335546970367,2,64.0,112.0
1.2.643.5.1.13.13.12.2.77.8252.14070208080209001506081402060503,0.16378958523273468,2,224.0,160.0
1.2.643.5.1.13.13.12.2.77.8252.14070208080209001506081402060503,0.54985511302948,2,64.0,269.0
1.2.643.5.1.13.13.12.2.77.8252.14070208080209001506081402060503,0.43965256214141846,2,96.0,256.0
1.2.643.5.1.13.13.12.2.77.8252.14070208080209001506081402060503,0.19983956217765808,2,128.0,176.0
1.2.643.5.1.13.13.12.2.77.8252.14070208080209001506081402060503,0.32701340317726135,2,112.0,240.0
1.2.643.5.1.13.13.12.2.77.8252.14070208080209001506081402060503,0.30736470222473145,2,160.0,224.0
1.2.643.5.1.13.13.12.2.77.8252.14070208080209001506081402060503,0.3205776810646057,2,208.0,80.0
1.2.643.5.1.13.13.12.2.77.8252.14070208080209001506081402060503,0.1823175549507141,2,128.0,208.0
1.2.643.5.1.13.13.12.2.77.8252.14070208080209001506081402060503,0.5995025038719177,2,160.0,144.0
1.2.643.5.1.13.13.12.2.77.8252.05140704131104071313121101000313,0.05210607126355171,2,224.0,240.0
1.2.643.5.1.13.13.12.2.77.8252.05140704131104071313121101000313,0.04311012104153633,2,160.0,144.0
1.2.643.5.1.13.13.12.2.77.8252.05140704131104071313121101000313,0.059435632079839706,2,208.0,128.0
1.2.643.5.1.13.13.12.2.77.8252.05140704131104071313121101000313,0.02034693770110607,2,176.0,112.0
1.2.643.5.1.13.13.12.2.77.8252.05140704131104071313121101000313,0.030867114663124084,2,240.0,96.0
1.2.643.5.1.13.13.12.2.77.8252.05140704131104071313121101000313,0.04330034554004669,2,128.0,96.0
1.2.643.5.1.13.13.12.2.77.8252.05140704131104071313121101000313,0.045464519411325455,2,208.0,96.0
1.2.643.5.1.13.13.12.2.77.8252.05140704131104071313121101000313,0.030481144785881042,2,160.0,96.0
1.2.643.5.1.13.13.12.2.77.8252.05140704131104071313121101000313,0.068605937063694,2,128.0,48.0
1.2.643.5.1.13.13.12.2.77.8252.05140704131104071313121101000313,0.045378249138593674,2,48.0,176.0
1.2.643.5.1.13.13.12.2.77.8252.05140704131104071313121101000313,0.03418484330177307,2,48.0,224.0
1.2.643.5.1.13.13.12.2.77.8252.05140704131104071313121101000313,0.03248877450823784,2,240.0,112.0
1.2.643.5.1.13.13.12.2.77.8252.05140704131104071313121101000313,0.11985909193754196,2,80.0,265.0
1.2.643.5.1.13.13.12.2.77.8252.05140704131104071313121101000313,0.02986065112054348,2,252.0,208.0
1.2.643.5.1.13.13.12.2.77.8252.05140704131104071313121101000313,0.1982307732105255,2,144.0,256.0
1.2.643.5.1.13.13.12.2.77.8252.05140704131104071313121101000313,0.06528355181217194,2,128.0,240.0
1.2.643.5.1.13.13.12.2.77.8252.05140704131104071313121101000313,0.048036836087703705,2,128.0,80.0
1.2.643.5.1.13.13.12.2.77.8252.05140704131104071313121101000313,0.19181492924690247,2,64.0,96.0
1.2.643.5.1.13.13.12.2.77.8252.05140704131104071313121101000313,0.07110298424959183,2,64.0,160.0
1.2.643.5.1.13.13.12.2.77.8252.05140704131104071313121101000313,0.05415981262922287,2,208.0,80.0
1.2.643.5.1.13.13.12.2.77.8252.05140704131104071313121101000313,0.0364595465362072,2,144.0,192.0
1.2.643.5.1.13.13.12.2.77.8252.05140704131104071313121101000313,0.04665893688797951,2,112.0,96.0
1.2.643.5.1.13.13.12.2.77.8252.05140704131104071313121101000313,0.033413637429475784,2,252.0,128.0
1.2.643.5.1.13.13.12.2.77.8252.05140704131104071313121101000313,0.03260887414216995,2,252.0,144.0
1.2.643.5.1.13.13.12.2.77.8252.05140704131104071313121101000313,0.09778954088687897,2,96.0,192.0
1.2.643.5.1.13.13.12.2.77.8252.05140704131104071313121101000313,0.022418297827243805,2,144.0,208.0
1.2.643.5.1.13.13.12.2.77.8252.05140704131104071313121101000313,0.1492156684398651,2,224.0,256.0
1.2.643.5.1.13.13.12.2.77.8252.05140704131104071313121101000313,0.055770471692085266,2,240.0,48.0
1.2.643.5.1.13.13.12.2.77.8252.05140704131104071313121101000313,0.07187521457672119,2,96.0,160.0
1.2.643.5.1.13.13.12.2.77.8252.05140704131104071313121101000313,0.037918929010629654,2,160.0,64.0
1.2.643.5.1.13.13.12.2.77.8252.05140704131104071313121101000313,0.03592776134610176,2,160.0,128.0
1.2.643.5.1.13.13.12.2.77.8252.05140704131104071313121101000313,0.07657802104949951,2,192.0,48.0
1.2.643.5.1.13.13.12.2.77.8252.05140704131104071313121101000313,0.01696561463177204,2,176.0,96.0
1.2.643.5.1.13.13.12.2.77.8252.05140704131104071313121101000313,0.13541288673877716,2,48.0,96.0
1.2.643.5.1.13.13.12.2.77.8252.05140704131104071313121101000313,0.06575813889503479,2,112.0,208.0
1.2.643.5.1.13.13.12.2.77.8252.05140704131104071313121101000313,0.032113511115312576,2,240.0,176.0
1.2.643.5.1.13.13.12.2.77.8252.05140704131104071313121101000313,0.05855037644505501,2,208.0,48.0
1.2.643.5.1.13.13.12.2.77.8252.05140704131104071313121101000313,0.04716939106583595,2,112.0,112.0
1.2.643.5.1.13.13.12.2.77.8252.05140704131104071313121101000313,0.01983809657394886,2,144.0,176.0
1.2.643.5.1.13.13.12.2.77.8252.05140704131104071313121101000313,0.1462220549583435,2,80.0,144.0
1.2.643.5.1.13.13.12.2.77.8252.00080112010710030607090609070409,0.7894697785377502,2,112.0,96.0
1.2.643.5.1.13.13.12.2.77.8252.00080112010710030607090609070409,0.032346781343221664,2,64.0,160.0
1.2.643.5.1.13.13.12.2.77.8252.00080112010710030607090609070409,0.07467867434024811,2,240.0,80.0
1.2.643.5.1.13.13.12.2.77.8252.00080112010710030607090609070409,0.7988697290420532,2,128.0,64.0
1.2.643.5.1.13.13.12.2.77.8252.00080112010710030607090609070409,0.08685985207557678,2,240.0,64.0
1.2.643.5.1.13.13.12.2.77.8252.00080112010710030607090609070409,0.036228153854608536,2,48.0,208.0
1.2.643.5.1.13.13.12.2.77.8252.00080112010710030607090609070409,0.09395136684179306,2,128.0,243.0
1.2.643.5.1.13.13.12.2.77.8252.00080112010710030607090609070409,0.19480958580970764,2,176.0,240.0
1.2.643.5.1.13.13.12.2.77.8252.00080112010710030607090609070409,0.18552355468273163,2,208.0,128.0
1.2.643.5.1.13.13.12.2.77.8252.00080112010710030607090609070409,0.09540173411369324,2,96.0,208.0
1.2.643.5.1.13.13.12.2.77.8252.00080112010710030607090609070409,0.1416230946779251,2,144.0,176.0
1.2.643.5.1.13.13.12.2.77.8252.00080112010710030607090609070409,0.07430011034011841,2,48.0,80.0
1.2.643.5.1.13.13.12.2.77.8252.00080112010710030607090609070409,0.15371082723140717,2,208.0,192.0
1.2.643.5.1.13.13.12.2.77.8252.00080112010710030607090609070409,0.039674025028944016,2,64.0,208.0
1.2.643.5.1.13.13.12.2.77.8252.00080112010710030607090609070409,0.13975584506988525,2,192.0,192.0
1.2.643.5.1.13.13.12.2.77.8252.00080112010710030607090609070409,0.09946256875991821,2,192.0,208.0
1.2.643.5.1.13.13.12.2.77.8252.00080112010710030607090609070409,0.35432109236717224,2,160.0,176.0
1.2.643.5.1.13.13.12.2.77.8252.00080112010710030607090609070409,0.69565749168396,2,144.0,128.0
1.2.643.5.1.13.13.12.2.77.8252.00080112010710030607090609070409,0.3041044771671295,2,160.0,192.0
1.2.643.5.1.13.13.12.2.77.8252.00080112010710030607090609070409,0.11584477126598358,2,128.0,208.0
1.2.643.5.1.13.13.12.2.77.8252.00080112010710030607090609070409,0.5522437691688538,2,128.0,144.0
1.2.643.5.1.13.13.12.2.77.8252.00080112010710030607090609070409,0.5641123652458191,2,144.0,144.0
1.2.643.5.1.13.13.12.2.77.8252.00080112010710030607090609070409,0.18006408214569092,2,112.0,208.0
1.2.643.5.1.13.13.12.2.77.8252.00080112010710030607090609070409,0.5380603671073914,2,224.0,240.0
1.2.643.5.1.13.13.12.2.77.8252.00080112010710030607090609070409,0.30505049228668213,2,176.0,192.0
1.2.643.5.1.13.13.12.2.77.8252.00080112010710030607090609070409,0.06872788816690445,2,252.0,144.0
1.2.643.5.1.13.13.12.2.77.8252.00080112010710030607090609070409,0.08038465678691864,2,96.0,224.0
1.2.643.5.1.13.13.12.2.77.8252.00080112010710030607090609070409,0.532733142375946,2,160.0,160.0
1.2.643.5.1.13.13.12.2.77.8252.00080112010710030607090609070409,0.22098714113235474,2,160.0,208.0
1.2.643.5.1.13.13.12.2.77.8252.00080112010710030607090609070409,0.02989283949136734,2,48.0,176.0
1.2.643.5.1.13.13.12.2.77.8252.00080112010710030607090609070409,0.35246673226356506,2,96.0,144.0
1.2.643.5.1.13.13.12.2.77.8252.00080112010710030607090609070409,0.17522341012954712,2,224.0,160.0
1.2.643.5.1.13.13.12.2.77.8252.00080112010710030607090609070409,0.1802964210510254,2,224.0,112.0
1.2.643.5.1.13.13.12.2.77.8252.00080112010710030607090609070409,0.12358514964580536,2,192.0,224.0
1.2.643.5.1.13.13.12.2.77.8252.00080112010710030607090609070409,0.27225327491760254,2,160.0,240.0
1.2.643.5.1.13.13.12.2.77.8252.00080112010710030607090609070409,0.21103902161121368,2,252.0,243.0
1.2.643.5.1.13.13.12.2.77.8252.00080112010710030607090609070409,0.8115111589431763,2,144.0,112.0
1.2.643.5.1.13.13.12.2.77.8252.00080112010710030607090609070409,0.3794378638267517,2,128.0,160.0
1.2.643.5.1.13.13.12.2.77.8252.00080112010710030607090609070409,0.12915435433387756,2,96.0,192.0
1.2.643.5.1.13.13.12.2.77.8252.00080112010710030607090609070409,0.0764726847410202,2,80.0,224.0
1.2.643.5.1.13.13.12.2.77.8252.03121103130007121510030803050514,0.5484212636947632,3,236.5,52.5
1.2.643.5.1.13.13.12.2.77.8252.03121103130007121510030803050514,0.8337469100952148,3,75.5,53.0
1.2.643.5.1.13.13.12.2.77.8252.03121103130007121510030803050514,0.1755756139755249,3,224.0,160.0
1.2.643.5.1.13.13.12.2.77.8252.03121103130007121510030803050514,0.04197617247700691,3,96.0,237.0
1.2.643.5.1.13.13.12.2.77.8252.03121103130007121510030803050514,0.18113185465335846,3,96.0,176.0
1.2.643.5.1.13.13.12.2.77.8252.03121103130007121510030803050514,0.021668478846549988,3,80.0,224.0
1.2.643.5.1.13.13.12.2.77.8252.03121103130007121510030803050514,0.2591860294342041,3,64.0,160.0
1.2.643.5.1.13.13.12.2.77.8252.03121103130007121510030803050514,0.46574026346206665,3,192.0,96.0
1.2.643.5.1.13.13.12.2.77.8252.03121103130007121510030803050514,0.07226590067148209,3,252.0,237.0
1.2.643.5.1.13.13.12.2.77.8252.03121103130007121510030803050514,0.09575457125902176,3,128.0,160.0
1.2.643.5.1.13.13.12.2.77.8252.03121103130007121510030803050514,0.5951686501502991,3,96.0,144.0
1.2.643.5.1.13.13.12.2.77.8252.03121103130007121510030803050514,0.8577870726585388,3,192.0,64.0
1.2.643.5.1.13.13.12.2.77.8252.03121103130007121510030803050514,0.3654174506664276,3,128.0,128.0
1.2.643.5.1.13.13.12.2.77.8252.03121103130007121510030803050514,0.9422858357429504,3,80.0,96.0
1.2.643.5.1.13.13.12.2.77.8252.03121103130007121510030803050514,0.03613465279340744,3,240.0,224.0
1.2.643.5.1.13.13.12.2.77.8252.03121103130007121510030803050514,0.09546305239200592,3,208.0,224.0
1.2.643.5.1.13.13.12.2.77.8252.03121103130007121510030803050514,0.8896500468254089,3,80.0,64.0
1.2.643.5.1.13.13.12.2.77.8252.03121103130007121510030803050514,0.05813828110694885,3,48.0,237.0
1.2.643.5.1.13.13.12.2.77.8252.03121103130007121510030803050514,0.4620208144187927,3,176.0,96.0
1.2.643.5.1.13.13.12.2.77.8252.03121103130007121510030803050514,0.4437488913536072,3,128.0,112.0
1.2.643.5.1.13.13.12.2.77.8252.03121103130007121510030803050514,0.6678779125213623,3,48.0,64.0
1.2.643.5.1.13.13.12.2.77.8252.03121103130007121510030803050514,0.5045175552368164,3,240.0,48.0
1.2.643.5.1.13.13.12.2.77.8252.03121103130007121510030803050514,0.2880856990814209,3,144.0,128.0
1.2.643.5.1.13.13.12.2.77.8252.03121103130007121510030803050514,0.054583027958869934,3,192.0,176.0
1.2.643.5.1.13.13.12.2.77.8252.03121103130007121510030803050514,0.8102805018424988,3,144.0,48.0
1.2.643.5.1.13.13.12.2.77.8252.03121103130007121510030803050514,0.1196037083864212,3,208.0,144.0
1.2.643.5.1.13.13.12.2.77.8252.03121103130007121510030803050514,0.7511629462242126,3,112.0,48.0
1.2.643.5.1.13.13.12.2.77.8252.03121103130007121510030803050514,0.07483433187007904,3,240.0,144.0
1.2.643.5.1.13.13.12.2.77.8252.03121103130007121510030803050514,0.7592719197273254,3,48.0,80.0
1.2.643.5.1.13.13.12.2.77.8252.03121103130007121510030803050514,0.40806329250335693,3,252.0,64.0
1.2.643.5.1.13.13.12.2.77.8252.03121103130007121510030803050514,0.9099249243736267,3,64.0,80.0
1.2.643.5.1.13.13.12.2.77.8252.03121103130007121510030803050514,0.5490280985832214,3,240.0,64.0
1.2.643.5.1.13.13.12.2.77.8252.03121103130007121510030803050514,0.5528299808502197,3,64.0,144.0
1.2.643.5.1.13.13.12.2.77.8252.03121103130007121510030803050514,0.6969113945960999,3,112.0,112.0
1.2.643.5.1.13.13.12.2.77.8252.03121103130007121510030803050514,0.1383310854434967,3,160.0,128.0
1.2.643.5.1.13.13.12.2.77.8252.03121103130007121510030803050514,0.4699113965034485,3,208.0,96.0
1.2.643.5.1.13.13.12.2.77.8252.03121103130007121510030803050514,0.1089399978518486,3,128.0,192.0
1.2.643.5.1.13.13.12.2.77.8252.03121103130007121510030803050514,0.04784058779478073,3,160.0,160.0
1.2.643.5.1.13.13.12.2.77.8252.03121103130007121510030803050514,0.1648293137550354,3,160.0,112.0
1.2.643.5.1.13.13.12.2.77.8252.03121103130007121510030803050514,0.8942597508430481,3,144.0,64.0
1.2.643.5.1.13.13.12.2.77.8252.03121103130007121510030803050514,0.1054375171661377,3,144.0,144.0
1.2.643.5.1.13.13.12.2.77.8252.03121103130007121510030803050514,0.04148487746715546,3,176.0,160.0
1.2.643.5.1.13.13.12.2.77.8252.09050515110402090102050206010406,0.549195408821106,3,230.0,39.5
1.2.643.5.1.13.13.12.2.77.8252.09050515110402090102050206010406,0.7673296928405762,3,68.5,56.0
1.2.643.5.1.13.13.12.2.77.8252.09050515110402090102050206010406,0.23562224209308624,3,208.0,64.0
1.2.643.5.1.13.13.12.2.77.8252.09050515110402090102050206010406,0.31930938363075256,3,48.0,96.0
1.2.643.5.1.13.13.12.2.77.8252.09050515110402090102050206010406,0.03417661786079407,3,224.0,192.0
1.2.643.5.1.13.13.12.2.77.8252.09050515110402090102050206010406,0.04360739886760712,3,252.0,240.0
1.2.643.5.1.13.13.12.2.77.8252.09050515110402090102050206010406,0.05554794892668724,3,144.0,96.0
1.2.643.5.1.13.13.12.2.77.8252.09050515110402090102050206010406,0.09972728043794632,3,208.0,96.0
1.2.643.5.1.13.13.12.2.77.8252.09050515110402090102050206010406,0.1307055950164795,3,128.0,240.0
1.2.643.5.1.13.13.12.2.77.8252.09050515110402090102050206010406,0.036812614649534225,3,192.0,224.0
1.2.643.5.1.13.13.12.2.77.8252.09050515110402090102050206010406,0.07522480189800262,3,96.0,240.0
1.2.643.5.1.13.13.12.2.77.8252.09050515110402090102050206010406,0.08248594403266907,3,96.0,192.0
1.2.643.5.1.13.13.12.2.77.8252.09050515110402090102050206010406,0.2833303213119507,3,112.0,256.0
1.2.643.5.1.13.13.12.2.77.8252.09050515110402090102050206010406,0.06485867500305176,3,160.0,240.0
1.2.643.5.1.13.13.12.2.77.8252.09050515110402090102050206010406,0.0672566220164299,3,96.0,176.0
1.2.643.5.1.13.13.12.2.77.8252.09050515110402090102050206010406,0.2488434761762619,3,240.0,80.0
1.2.643.5.1.13.13.12.2.77.8252.09050515110402090102050206010406,0.20309294760227203,3,128.0,48.0
1.2.643.5.1.13.13.12.2.77.8252.09050515110402090102050206010406,0.09177955240011215,3,160.0,48.0
1.2.643.5.1.13.13.12.2.77.8252.09050515110402090102050206010406,0.029241790995001793,3,224.0,208.0
1.2.643.5.1.13.13.12.2.77.8252.09050515110402090102050206010406,0.030987277626991272,3,252.0,128.0
1.2.643.5.1.13.13.12.2.77.8252.09050515110402090102050206010406,0.024056367576122284,3,240.0,208.0
1.2.643.5.1.13.13.12.2.77.8252.09050515110402090102050206010406,0.08066651970148087,3,224.0,256.0
1.2.643.5.1.13.13.12.2.77.8252.09050515110402090102050206010406,0.3791239857673645,3,240.0,64.0
1.2.643.5.1.13.13.12.2.77.8252.09050515110402090102050206010406,0.022850418463349342,3,192.0,208.0
1.2.643.5.1.13.13.12.2.77.8252.09050515110402090102050206010406,0.03217552602291107,3,176.0,128.0
1.2.643.5.1.13.13.12.2.77.8252.09050515110402090102050206010406,0.3944969177246094,3,252.0,64.0
1.2.643.5.1.13.13.12.2.77.8252.09050515110402090102050206010406,0.01782609149813652,3,48.0,160.0
1.2.643.5.1.13.13.12.2.77.8252.09050515110402090102050206010406,0.2368272840976715,3,64.0,112.0
1.2.643.5.1.13.13.12.2.77.8252.09050515110402090102050206010406,0.09185104817152023,3,224.0,270.0
1.2.643.5.1.13.13.12.2.77.8252.09050515110402090102050206010406,0.01012246310710907,3,208.0,192.0
1.2.643.5.1.13.13.12.2.77.8252.09050515110402090102050206010406,0.025600232183933258,3,128.0,144.0
1.2.643.5.1.13.13.12.2.77.8252.09050515110402090102050206010406,0.4425436556339264,3,96.0,48.0
1.2.643.5.1.13.13.12.2.77.8252.09050515110402090102050206010406,0.12144659459590912,3,144.0,240.0
1.2.643.5.1.13.13.12.2.77.8252.09050515110402090102050206010406,0.3831602931022644,3,112.0,80.0
1.2.643.5.1.13.13.12.2.77.8252.09050515110402090102050206010406,0.020422352477908134,3,160.0,144.0
1.2.643.5.1.13.13.12.2.77.8252.09050515110402090102050206010406,0.020275017246603966,3,144.0,144.0
1.2.643.5.1.13.13.12.2.77.8252.09050515110402090102050206010406,0.028407953679561615,3,144.0,208.0
1.2.643.5.1.13.13.12.2.77.8252.09050515110402090102050206010406,0.5890900492668152,3,80.0,48.0
1.2.643.5.1.13.13.12.2.77.8252.09050515110402090102050206010406,0.12727074325084686,3,128.0,80.0
1.2.643.5.1.13.13.12.2.77.8252.09050515110402090102050206010406,0.47109830379486084,3,96.0,64.0
1.2.643.5.1.13.13.12.2.77.8252.09050515110402090102050206010406,0.2677876949310303,3,192.0,64.0
1.2.643.5.1.13.13.12.2.77.8252.09050515110402090102050206010406,0.15618307888507843,3,240.0,96.0
1.2.643.5.1.13.13.12.2.77.8252.14030405080503070005090010011210,0.029206877574324608,3,252.0,144.0
1.2.643.5.1.13.13.12.2.77.8252.14030405080503070005090010011210,0.70725417137146,3,160.0,80.0
1.2.643.5.1.13.13.12.2.77.8252.14030405080503070005090010011210,0.0593908317387104,3,240.0,112.0
1.2.643.5.1.13.13.12.2.77.8252.14030405080503070005090010011210,0.08950654417276382,3,144.0,192.0
1.2.643.5.1.13.13.12.2.77.8252.14030405080503070005090010011210,0.7544726133346558,3,64.0,64.0
1.2.643.5.1.13.13.12.2.77.8252.14030405080503070005090010011210,0.13223613798618317,3,80.0,176.0
1.2.643.5.1.13.13.12.2.77.8252.14030405080503070005090010011210,0.2962496876716614,3,208.0,112.0
1.2.643.5.1.13.13.12.2.77.8252.14030405080503070005090010011210,0.021895678713917732,3,252.0,160.0
1.2.643.5.1.13.13.12.2.77.8252.14030405080503070005090010011210,0.0543811097741127,3,240.0,192.0
1.2.643.5.1.13.13.12.2.77.8252.14030405080503070005090010011210,0.6743178963661194,3,48.0,64.0
1.2.643.5.1.13.13.12.2.77.8252.14030405080503070005090010011210,0.3080306649208069,3,128.0,112.0
1.2.643.5.1.13.13.12.2.77.8252.14030405080503070005090010011210,0.02483074553310871,3,208.0,208.0
1.2.643.5.1.13.13.12.2.77.8252.14030405080503070005090010011210,0.03559606149792671,3,176.0,160.0
1.2.643.5.1.13.13.12.2.77.8252.14030405080503070005090010011210,0.09938688576221466,3,64.0,192.0
1.2.643.5.1.13.13.12.2.77.8252.14030405080503070005090010011210,0.08043771982192993,3,252.0,80.0
1.2.643.5.1.13.13.12.2.77.8252.14030405080503070005090010011210,0.038003407418727875,3,192.0,211.0
1.2.643.5.1.13.13.12.2.77.8252.14030405080503070005090010011210,0.8496398329734802,3,80.0,64.0
1.2.643.5.1.13.13.12.2.77.8252.14030405080503070005090010011210,0.029416227713227272,3,240.0,176.0
1.2.643.5.1.13.13.12.2.77.8252.14030405080503070005090010011210,0.03613025322556496,3,224.0,192.0
1.2.643.5.1.13.13.12.2.77.8252.14030405080503070005090010011210,0.14655466377735138,3,80.0,128.0
1.2.643.5.1.13.13.12.2.77.8252.14030405080503070005090010011210,0.04715358838438988,3,240.0,128.0
1.2.643.5.1.13.13.12.2.77.8252.14030405080503070005090010011210,0.5006129741668701,3,224.0,64.0
1.2.643.5.1.13.13.12.2.77.8252.14030405080503070005090010011210,0.02794485166668892,3,160.0,208.0
1.2.643.5.1.13.13.12.2.77.8252.14030405080503070005090010011210,0.040336981415748596,3,176.0,208.0
1.2.643.5.1.13.13.12.2.77.8252.14030405080503070005090010011210,0.1597685068845749,3,176.0,112.0
1.2.643.5.1.13.13.12.2.77.8252.14030405080503070005090010011210,0.712981104850769,3,112.0,80.0
1.2.643.5.1.13.13.12.2.77.8252.14030405080503070005090010011210,0.8904231786727905,3,128.0,48.0
1.2.643.5.1.13.13.12.2.77.8252.14030405080503070005090010011210,0.08680782467126846,3,176.0,144.0
1.2.643.5.1.13.13.12.2.77.8252.14030405080503070005090010011210,0.12767066061496735,3,48.0,208.0
1.2.643.5.1.13.13.12.2.77.8252.14030405080503070005090010011210,0.1471167504787445,3,112.0,176.0
1.2.643.5.1.13.13.12.2.77.8252.14030405080503070005090010011210,0.04886726662516594,3,48.0,112.0
1.2.643.5.1.13.13.12.2.77.8252.14030405080503070005090010011210,0.2591700255870819,3,208.0,128.0
1.2.643.5.1.13.13.12.2.77.8252.14030405080503070005090010011210,0.8087740540504456,3,160.0,48.0
1.2.643.5.1.13.13.12.2.77.8252.14030405080503070005090010011210,0.05101928859949112,3,176.0,211.0
1.2.643.5.1.13.13.12.2.77.8252.14030405080503070005090010011210,0.05531515181064606,3,252.0,192.0
1.2.643.5.1.13.13.12.2.77.8252.14030405080503070005090010011210,0.19462889432907104,3,112.0,192.0
1.2.643.5.1.13.13.12.2.77.8252.14030405080503070005090010011210,0.86569744348526,3,64.0,48.0
1.2.643.5.1.13.13.12.2.77.8252.14030405080503070005090010011210,0.7730785608291626,3,176.0,48.0
1.2.643.5.1.13.13.12.2.77.8252.14030405080503070005090010011210,0.7833064794540405,3,128.0,80.0
1.2.643.5.1.13.13.12.2.77.8252.14030405080503070005090010011210,0.09985913336277008,3,240.0,80.0
1.2.643.5.1.13.13.12.2.77.8252.07101010011513020401030213080905,0.9995365142822266,3,57.0,11.0
1.2.643.5.1.13.13.12.2.77.8252.07101010011513020401030213080905,0.9669442772865295,3,48.0,48.0
1.2.643.5.1.13.13.12.2.77.8252.07101010011513020401030213080905,0.9867171049118042,3,64.0,48.0
1.2.643.5.1.13.13.12.2.77.8252.07101010011513020401030213080905,0.9858932495117188,3,80.0,48.0
1.2.643.5.1.13.13.12.2.77.8252.07101010011513020401030213080905,0.9786423444747925,3,96.0,48.0
1.2.643.5.1.13.13.12.2.77.8252.07101010011513020401030213080905,0.05510837957262993,3,252.0,112.0
1.2.643.5.1.13.13.12.2.77.8252.07101010011513020401030213080905,0.010876067914068699,3,192.0,267.0
1.2.643.5.1.13.13.12.2.77.8252.07101010011513020401030213080905,0.49048277735710144,3,112.0,112.0
1.2.643.5.1.13.13.12.2.77.8252.07101010011513020401030213080905,0.05354567617177963,3,80.0,240.0
1.2.643.5.1.13.13.12.2.77.8252.07101010011513020401030213080905,0.12525537610054016,3,96.0,176.0
1.2.643.5.1.13.13.12.2.77.8252.07101010011513020401030213080905,0.16140469908714294,3,144.0,128.0
1.2.643.5.1.13.13.12.2.77.8252.07101010011513020401030213080905,0.03683740273118019,3,112.0,267.0
1.2.643.5.1.13.13.12.2.77.8252.07101010011513020401030213080905,0.030598126351833344,3,64.0,224.0
1.2.643.5.1.13.13.12.2.77.8252.07101010011513020401030213080905,0.0508202463388443,3,240.0,224.0
1.2.643.5.1.13.13.12.2.77.8252.07101010011513020401030213080905,0.038857389241456985,3,144.0,208.0
1.2.643.5.1.13.13.12.2.77.8252.07101010011513020401030213080905,0.07431136071681976,3,240.0,160.0
1.2.643.5.1.13.13.12.2.77.8252.07101010011513020401030213080905,0.018479082733392715,3,128.0,208.0
1.2.643.5.1.13.13.12.2.77.8252.07101010011513020401030213080905,0.020625866949558258,3,144.0,192.0
1.2.643.5.1.13.13.12.2.77.8252.07101010011513020401030213080905,0.2950173318386078,3,96.0,144.0
1.2.643.5.1.13.13.12.2.77.8252.07101010011513020401030213080905,0.031516171991825104,3,64.0,192.0
1.2.643.5.1.13.13.12.2.77.8252.07101010011513020401030213080905,0.08043096959590912,3,64.0,160.0
1.2.643.5.1.13.13.12.2.77.8252.07101010011513020401030213080905,0.020073721185326576,3,252.0,208.0
1.2.643.5.1.13.13.12.2.77.8252.07101010011513020401030213080905,0.11545128375291824,3,208.0,128.0
1.2.643.5.1.13.13.12.2.77.8252.07101010011513020401030213080905,0.03896116837859154,3,192.0,208.0
1.2.643.5.1.13.13.12.2.77.8252.07101010011513020401030213080905,0.02587982825934887,3,128.0,176.0
1.2.643.5.1.13.13.12.2.77.8252.07101010011513020401030213080905,0.04034458100795746,3,240.0,240.0
1.2.643.5.1.13.13.12.2.77.8252.07101010011513020401030213080905,0.03698272630572319,3,208.0,256.0
1.2.643.5.1.13.13.12.2.77.8252.07101010011513020401030213080905,0.1672554910182953,3,144.0,160.0
1.2.643.5.1.13.13.12.2.77.8252.07101010011513020401030213080905,0.05557446926832199,3,240.0,192.0
1.2.643.5.1.13.13.12.2.77.8252.07101010011513020401030213080905,0.05556818097829819,3,48.0,160.0
1.2.643.5.1.13.13.12.2.77.8252.07101010011513020401030213080905,0.016103697940707207,3,112.0,224.0
1.2.643.5.1.13.13.12.2.77.8252.07101010011513020401030213080905,0.014445489272475243,3,128.0,224.0
1.2.643.5.1.13.13.12.2.77.8252.07101010011513020401030213080905,0.016087772324681282,3,112.0,192.0
1.2.643.5.1.13.13.12.2.77.8252.07101010011513020401030213080905,0.17713651061058044,3,112.0,128.0
1.2.643.5.1.13.13.12.2.77.8252.07101010011513020401030213080905,0.11382117867469788,3,240.0,96.0
1.2.643.5.1.13.13.12.2.77.8252.07101010011513020401030213080905,0.7011857628822327,3,96.0,112.0
1.2.643.5.1.13.13.12.2.77.8252.07101010011513020401030213080905,0.43917983770370483,3,144.0,96.0
1.2.643.5.1.13.13.12.2.77.8252.07101010011513020401030213080905,0.4568367898464203,3,176.0,64.0
1.2.643.5.1.13.13.12.2.77.8252.07101010011513020401030213080905,0.037675295025110245,3,192.0,224.0
1.2.643.5.1.13.13.12.2.77.8252.07101010011513020401030213080905,0.20632264018058777,3,192.0,96.0
1.2.643.5.1.13.13.12.2.77.8252.07101010011513020401030213080905,0.5755885243415833,3,64.0,112.0
1.2.643.5.1.13.13.12.2.77.8252.07101010011513020401030213080905,0.1947566121816635,3,176.0,80.0
1.2.643.5.1.13.13.12.2.77.8252.07101010011513020401030213080905,0.14818352460861206,3,80.0,176.0
1.2.643.5.1.13.13.12.2.77.8252.07101010011513020401030213080905,0.027992310002446175,3,48.0,192.0
1.2.643.5.1.13.13.12.2.77.8252.07101010011513020401030213080905,0.039103858172893524,3,252.0,256.0
1.2.643.5.1.13.13.12.2.77.8252.06141210040207130507130606070312,0.026631275191903114,3,96.0,208.0
1.2.643.5.1.13.13.12.2.77.8252.06141210040207130507130606070312,0.020091578364372253,3,252.0,160.0
1.2.643.5.1.13.13.12.2.77.8252.06141210040207130507130606070312,0.004377030301839113,3,192.0,96.0
1.2.643.5.1.13.13.12.2.77.8252.06141210040207130507130606070312,0.023943385109305382,3,96.0,128.0
1.2.643.5.1.13.13.12.2.77.8252.06141210040207130507130606070312,0.03342873603105545,3,48.0,112.0
1.2.643.5.1.13.13.12.2.77.8252.06141210040207130507130606070312,0.02234889753162861,3,96.0,112.0
1.2.643.5.1.13.13.12.2.77.8252.06141210040207130507130606070312,0.037201400846242905,3,80.0,112.0
1.2.643.5.1.13.13.12.2.77.8252.06141210040207130507130606070312,0.021752219647169113,3,48.0,192.0
1.2.643.5.1.13.13.12.2.77.8252.06141210040207130507130606070312,0.000552867422811687,3,176.0,144.0
1.2.643.5.1.13.13.12.2.77.8252.06141210040207130507130606070312,0.02290118671953678,3,252.0,96.0
1.2.643.5.1.13.13.12.2.77.8252.06141210040207130507130606070312,0.13650280237197876,3,96.0,48.0
1.2.643.5.1.13.13.12.2.77.8252.06141210040207130507130606070312,0.007222356274724007,3,208.0,215.0
1.2.643.5.1.13.13.12.2.77.8252.06141210040207130507130606070312,0.0011662167962640524,3,176.0,112.0
1.2.643.5.1.13.13.12.2.77.8252.06141210040207130507130606070312,0.008614790625870228,3,112.0,96.0
1.2.643.5.1.13.13.12.2.77.8252.06141210040207130507130606070312,0.022582918405532837,3,64.0,144.0
1.2.643.5.1.13.13.12.2.77.8252.06141210040207130507130606070312,0.00316040706820786,3,128.0,208.0
1.2.643.5.1.13.13.12.2.77.8252.06141210040207130507130606070312,0.0022422608453780413,3,160.0,192.0
1.2.643.5.1.13.13.12.2.77.8252.06141210040207130507130606070312,0.015406494960188866,3,160.0,64.0
1.2.643.5.1.13.13.12.2.77.8252.06141210040207130507130606070312,0.002106810687109828,3,160.0,208.0
1.2.643.5.1.13.13.12.2.77.8252.06141210040207130507130606070312,0.010333896614611149,3,208.0,96.0
1.2.643.5.1.13.13.12.2.77.8252.06141210040207130507130606070312,0.025980496779084206,3,208.0,48.0
1.2.643.5.1.13.13.12.2.77.8252.06141210040207130507130606070312,0.004168745595961809,3,192.0,128.0
1.2.643.5.1.13.13.12.2.77.8252.06141210040207130507130606070312,0.005776920355856419,3,112.0,112.0
1.2.643.5.1.13.13.12.2.77.8252.06141210040207130507130606070312,0.026141410693526268,3,80.0,160.0
1.2.643.5.1.13.13.12.2.77.8252.06141210040207130507130606070312,0.09812619537115097,3,96.0,80.0
1.2.643.5.1.13.13.12.2.77.8252.06141210040207130507130606070312,0.02367616444826126,3,240.0,96.0
1.2.643.5.1.13.13.12.2.77.8252.06141210040207130507130606070312,0.0008005995186977088,3,144.0,112.0
1.2.643.5.1.13.13.12.2.77.8252.06141210040207130507130606070312,0.0004902020446024835,3,144.0,144.0
1.2.643.5.1.13.13.12.2.77.8252.06141210040207130507130606070312,0.019119255244731903,3,96.0,144.0
1.2.643.5.1.13.13.12.2.77.8252.06141210040207130507130606070312,0.0009584178333170712,3,128.0,144.0
1.2.643.5.1.13.13.12.2.77.8252.06141210040207130507130606070312,0.0217563696205616,3,48.0,160.0
1.2.643.5.1.13.13.12.2.77.8252.06141210040207130507130606070312,0.06280305981636047,3,48.0,80.0
1.2.643.5.1.13.13.12.2.77.8252.06141210040207130507130606070312,0.004087667912244797,3,192.0,192.0
1.2.643.5.1.13.13.12.2.77.8252.06141210040207130507130606070312,0.10001018643379211,3,64.0,48.0
1.2.643.5.1.13.13.12.2.77.8252.06141210040207130507130606070312,0.001676999032497406,3,128.0,112.0
1.2.643.5.1.13.13.12.2.77.8252.06141210040207130507130606070312,0.08050273358821869,3,48.0,48.0
1.2.643.5.1.13.13.12.2.77.8252.06141210040207130507130606070312,0.0325251929461956,3,252.0,64.0
1.2.643.5.1.13.13.12.2.77.8252.06141210040207130507130606070312,0.03659450635313988,3,240.0,64.0
1.2.643.5.1.13.13.12.2.77.8252.06141210040207130507130606070312,0.02191328816115856,3,48.0,215.0
1.2.643.5.1.13.13.12.2.77.8252.06141210040207130507130606070312,0.0033841850236058235,3,128.0,192.0
1.2.643.5.1.13.13.12.2.77.8252.04151306060901060605121400081206,0.020525194704532623,3,192.0,128.0
1.2.643.5.1.13.13.12.2.77.8252.04151306060901060605121400081206,0.019085878506302834,3,192.0,192.0
1.2.643.5.1.13.13.12.2.77.8252.04151306060901060605121400081206,0.5281305313110352,3,80.0,243.0
1.2.643.5.1.13.13.12.2.77.8252.04151306060901060605121400081206,0.021720504388213158,3,144.0,176.0
1.2.643.5.1.13.13.12.2.77.8252.04151306060901060605121400081206,0.022060103714466095,3,176.0,144.0
1.2.643.5.1.13.13.12.2.77.8252.04151306060901060605121400081206,0.2550845146179199,3,192.0,64.0
1.2.643.5.1.13.13.12.2.77.8252.04151306060901060605121400081206,0.02137156017124653,3,64.0,128.0
1.2.643.5.1.13.13.12.2.77.8252.04151306060901060605121400081206,0.023624392226338387,3,128.0,176.0
1.2.643.5.1.13.13.12.2.77.8252.04151306060901060605121400081206,0.3339513838291168,3,240.0,240.0
1.2.643.5.1.13.13.12.2.77.8252.04151306060901060605121400081206,0.10776466876268387,3,48.0,48.0
1.2.643.5.1.13.13.12.2.77.8252.04151306060901060605121400081206,0.026507584378123283,3,176.0,240.0
1.2.643.5.1.13.13.12.2.77.8252.04151306060901060605121400081206,0.10720022767782211,3,224.0,224.0
1.2.643.5.1.13.13.12.2.77.8252.04151306060901060605121400081206,0.02182198502123356,3,64.0,112.0
1.2.643.5.1.13.13.12.2.77.8252.04151306060901060605121400081206,0.025669144466519356,3,252.0,144.0
1.2.643.5.1.13.13.12.2.77.8252.04151306060901060605121400081206,0.1266758143901825,3,112.0,80.0
1.2.643.5.1.13.13.12.2.77.8252.04151306060901060605121400081206,0.02511167898774147,3,128.0,224.0
1.2.643.5.1.13.13.12.2.77.8252.04151306060901060605121400081206,0.07007474452257156,3,224.0,112.0
1.2.643.5.1.13.13.12.2.77.8252.04151306060901060605121400081206,0.04418786242604256,3,252.0,64.0
1.2.643.5.1.13.13.12.2.77.8252.04151306060901060605121400081206,0.025363991037011147,3,160.0,144.0
1.2.643.5.1.13.13.12.2.77.8252.04151306060901060605121400081206,0.019319096580147743,3,208.0,128.0
1.2.643.5.1.13.13.12.2.77.8252.04151306060901060605121400081206,0.047081224620342255,3,208.0,112.0
1.2.643.5.1.13.13.12.2.77.8252.04151306060901060605121400081206,0.03777260705828667,3,48.0,80.0
1.2.643.5.1.13.13.12.2.77.8252.04151306060901060605121400081206,0.08324490487575531,3,160.0,96.0
1.2.643.5.1.13.13.12.2.77.8252.04151306060901060605121400081206,0.07200966030359268,3,240.0,192.0
1.2.643.5.1.13.13.12.2.77.8252.04151306060901060605121400081206,0.1356295943260193,3,240.0,208.0
1.2.643.5.1.13.13.12.2.77.8252.04151306060901060605121400081206,0.04312533885240555,3,224.0,144.0
1.2.643.5.1.13.13.12.2.77.8252.04151306060901060605121400081206,0.2003346085548401,3,96.0,64.0
1.2.643.5.1.13.13.12.2.77.8252.04151306060901060605121400081206,0.1569327414035797,3,144.0,80.0
1.2.643.5.1.13.13.12.2.77.8252.04151306060901060605121400081206,0.05294838175177574,3,224.0,208.0
1.2.643.5.1.13.13.12.2.77.8252.04151306060901060605121400081206,0.027497773990035057,3,80.0,144.0
1.2.643.5.1.13.13.12.2.77.8252.04151306060901060605121400081206,0.0821225494146347,3,240.0,96.0
1.2.643.5.1.13.13.12.2.77.8252.04151306060901060605121400081206,0.6736146807670593,3,144.0,48.0
1.2.643.5.1.13.13.12.2.77.8252.04151306060901060605121400081206,0.017630401998758316,3,144.0,144.0
1.2.643.5.1.13.13.12.2.77.8252.04151306060901060605121400081206,0.1696252077817917,3,208.0,64.0
1.2.643.5.1.13.13.12.2.77.8252.04151306060901060605121400081206,0.08960890024900436,3,208.0,224.0
1.2.643.5.1.13.13.12.2.77.8252.04151306060901060605121400081206,0.021053193137049675,3,64.0,144.0
1.2.643.5.1.13.13.12.2.77.8252.04151306060901060605121400081206,0.08538267761468887,3,240.0,80.0
1.2.643.5.1.13.13.12.2.77.8252.04151306060901060605121400081206,0.01550696138292551,3,160.0,224.0
1.2.643.5.1.13.13.12.2.77.8252.04151306060901060605121400081206,0.05002905800938606,3,96.0,144.0
1.2.643.5.1.13.13.12.2.77.8252.04151306060901060605121400081206,0.13145531713962555,3,240.0,48.0
1.2.643.5.1.13.13.12.2.77.8252.15011410150513090204040606151204,0.028217097744345665,3,252.0,176.0
1.2.643.5.1.13.13.12.2.77.8252.15011410150513090204040606151204,0.04311094060540199,3,48.0,224.0
1.2.643.5.1.13.13.12.2.77.8252.15011410150513090204040606151204,0.568896472454071,3,48.0,128.0
1.2.643.5.1.13.13.12.2.77.8252.15011410150513090204040606151204,0.309423565864563,3,112.0,80.0
1.2.643.5.1.13.13.12.2.77.8252.15011410150513090204040606151204,0.8894162774085999,3,64.0,112.0
1.2.643.5.1.13.13.12.2.77.8252.15011410150513090204040606151204,0.10048937797546387,3,48.0,176.0
1.2.643.5.1.13.13.12.2.77.8252.15011410150513090204040606151204,0.08336639404296875,3,80.0,224.0
1.2.643.5.1.13.13.12.2.77.8252.15011410150513090204040606151204,0.03924117609858513,3,240.0,192.0
1.2.643.5.1.13.13.12.2.77.8252.15011410150513090204040606151204,0.06009804457426071,3,112.0,176.0
1.2.643.5.1.13.13.12.2.77.8252.15011410150513090204040606151204,0.31175675988197327,3,112.0,96.0
1.2.643.5.1.13.13.12.2.77.8252.15011410150513090204040606151204,0.6649723649024963,3,64.0,144.0
1.2.643.5.1.13.13.12.2.77.8252.15011410150513090204040606151204,0.14921031892299652,3,192.0,128.0
1.2.643.5.1.13.13.12.2.77.8252.15011410150513090204040606151204,0.04857970401644707,3,208.0,176.0
1.2.643.5.1.13.13.12.2.77.8252.15011410150513090204040606151204,0.0777260959148407,3,224.0,241.0
1.2.643.5.1.13.13.12.2.77.8252.15011410150513090204040606151204,0.21139973402023315,3,48.0,160.0
1.2.643.5.1.13.13.12.2.77.8252.15011410150513090204040606151204,0.7639221549034119,3,80.0,112.0
1.2.643.5.1.13.13.12.2.77.8252.15011410150513090204040606151204,0.011276441626250744,3,160.0,176.0
1.2.643.5.1.13.13.12.2.77.8252.15011410150513090204040606151204,0.01120346412062645,3,128.0,240.0
1.2.643.5.1.13.13.12.2.77.8252.15011410150513090204040606151204,0.03852302208542824,3,240.0,176.0
1.2.643.5.1.13.13.12.2.77.8252.15011410150513090204040606151204,0.7330238819122314,3,48.0,112.0
1.2.643.5.1.13.13.12.2.77.8252.15011410150513090204040606151204,0.28758588433265686,3,112.0,112.0
1.2.643.5.1.13.13.12.2.77.8252.15011410150513090204040606151204,0.10747874528169632,3,224.0,176.0
1.2.643.5.1.13.13.12.2.77.8252.15011410150513090204040606151204,0.5871766805648804,3,80.0,128.0
1.2.643.5.1.13.13.12.2.77.8252.15011410150513090204040606151204,0.5212744474411011,3,208.0,80.0
1.2.643.5.1.13.13.12.2.77.8252.15011410150513090204040606151204,0.12571389973163605,3,176.0,64.0
1.2.643.5.1.13.13.12.2.77.8252.15011410150513090204040606151204,0.04069191962480545,3,80.0,241.0
1.2.643.5.1.13.13.12.2.77.8252.15011410150513090204040606151204,0.02014724351465702,3,144.0,176.0
1.2.643.5.1.13.13.12.2.77.8252.15011410150513090204040606151204,0.015964485704898834,3,192.0,240.0
1.2.643.5.1.13.13.12.2.77.8252.15011410150513090204040606151204,0.05003669485449791,3,176.0,144.0
1.2.643.5.1.13.13.12.2.77.8252.15011410150513090204040606151204,0.1308765858411789,3,224.0,208.0
1.2.643.5.1.13.13.12.2.77.8252.15011410150513090204040606151204,0.02519788034260273,3,160.0,112.0
1.2.643.5.1.13.13.12.2.77.8252.15011410150513090204040606151204,0.20612025260925293,3,192.0,112.0
1.2.643.5.1.13.13.12.2.77.8252.15011410150513090204040606151204,0.09616772830486298,3,252.0,128.0
1.2.643.5.1.13.13.12.2.77.8252.15011410150513090204040606151204,0.03986883535981178,3,96.0,240.0
1.2.643.5.1.13.13.12.2.77.8252.15011410150513090204040606151204,0.546816885471344,3,208.0,64.0
1.2.643.5.1.13.13.12.2.77.8252.15011410150513090204040606151204,0.7897023558616638,3,80.0,64.0
1.2.643.5.1.13.13.12.2.77.8252.15011410150513090204040606151204,0.01479977834969759,3,128.0,241.0
1.2.643.5.1.13.13.12.2.77.8252.15011410150513090204040606151204,0.551261305809021,3,96.0,48.0
1.2.643.5.1.13.13.12.2.77.8252.15011410150513090204040606151204,0.040857188403606415,3,112.0,241.0
1.2.643.5.1.13.13.12.2.77.8252.15011410150513090204040606151204,0.04438364878296852,3,128.0,208.0
1.2.643.5.1.13.13.12.2.77.8252.07040802010906150312000007110303,0.6223044395446777,3,128.0,128.0
1.2.643.5.1.13.13.12.2.77.8252.07040802010906150312000007110303,0.04053554683923721,3,176.0,192.0
1.2.643.5.1.13.13.12.2.77.8252.07040802010906150312000007110303,0.1533791869878769,3,208.0,96.0
1.2.643.5.1.13.13.12.2.77.8252.07040802010906150312000007110303,0.19639000296592712,3,208.0,112.0
1.2.643.5.1.13.13.12.2.77.8252.07040802010906150312000007110303,0.10820551961660385,3,224.0,192.0
1.2.643.5.1.13.13.12.2.77.8252.07040802010906150312000007110303,0.8544390797615051,3,112.0,48.0
1.2.643.5.1.13.13.12.2.77.8252.07040802010906150312000007110303,0.864039421081543,3,96.0,64.0
1.2.643.5.1.13.13.12.2.77.8252.07040802010906150312000007110303,0.022046159952878952,3,240.0,64.0
1.2.643.5.1.13.13.12.2.77.8252.07040802010906150312000007110303,0.08159525692462921,3,144.0,176.0
1.2.643.5.1.13.13.12.2.77.8252.07040802010906150312000007110303,0.20660516619682312,3,176.0,128.0
1.2.643.5.1.13.13.12.2.77.8252.07040802010906150312000007110303,0.023618517443537712,3,252.0,112.0
1.2.643.5.1.13.13.12.2.77.8252.07040802010906150312000007110303,0.7596216201782227,3,144.0,80.0
1.2.643.5.1.13.13.12.2.77.8252.07040802010906150312000007110303,0.039237190037965775,3,176.0,224.0
1.2.643.5.1.13.13.12.2.77.8252.07040802010906150312000007110303,0.171250581741333,3,64.0,112.0
1.2.643.5.1.13.13.12.2.77.8252.07040802010906150312000007110303,0.24295476078987122,3,240.0,240.0
1.2.643.5.1.13.13.12.2.77.8252.07040802010906150312000007110303,0.48633289337158203,3,176.0,80.0
1.2.643.5.1.13.13.12.2.77.8252.07040802010906150312000007110303,0.8025263547897339,3,128.0,80.0
1.2.643.5.1.13.13.12.2.77.8252.07040802010906150312000007110303,0.24855564534664154,3,192.0,128.0
1.2.643.5.1.13.13.12.2.77.8252.07040802010906150312000007110303,0.7077580690383911,3,64.0,64.0
1.2.643.5.1.13.13.12.2.77.8252.07040802010906150312000007110303,0.3649901747703552,3,112.0,128.0
1.2.643.5.1.13.13.12.2.77.8252.07040802010906150312000007110303,0.3324274718761444,3,48.0,224.0
1.2.643.5.1.13.13.12.2.77.8252.07040802010906150312000007110303,0.21697799861431122,3,208.0,48.0
1.2.643.5.1.13.13.12.2.77.8252.07040802010906150312000007110303,0.5898913741111755,3,128.0,96.0
1.2.643.5.1.13.13.12.2.77.8252.07040802010906150312000007110303,0.8800138831138611,3,128.0,64.0
1.2.643.5.1.13.13.12.2.77.8252.07040802010906150312000007110303,0.03718321770429611,3,224.0,64.0
1.2.643.5.1.13.13.12.2.77.8252.07040802010906150312000007110303,0.7318307161331177,3,48.0,64.0
1.2.643.5.1.13.13.12.2.77.8252.07040802010906150312000007110303,0.21479636430740356,3,208.0,176.0
1.2.643.5.1.13.13.12.2.77.8252.07040802010906150312000007110303,0.1321381777524948,3,64.0,208.0
1.2.643.5.1.13.13.12.2.77.8252.07040802010906150312000007110303,0.33437642455101013,3,192.0,80.0
1.2.643.5.1.13.13.12.2.77.8252.07040802010906150312000007110303,0.10116599500179291,3,224.0,144.0
1.2.643.5.1.13.13.12.2.77.8252.07040802010906150312000007110303,0.030454054474830627,3,144.0,192.0
1.2.643.5.1.13.13.12.2.77.8252.07040802010906150312000007110303,0.6682283282279968,3,112.0,80.0
1.2.643.5.1.13.13.12.2.77.8252.07040802010906150312000007110303,0.6287661790847778,3,48.0,241.0
1.2.643.5.1.13.13.12.2.77.8252.07040802010906150312000007110303,0.44063687324523926,3,160.0,128.0
1.2.643.5.1.13.13.12.2.77.8252.07040802010906150312000007110303,0.04370016232132912,3,112.0,160.0
1.2.643.5.1.13.13.12.2.77.8252.07040802010906150312000007110303,0.0060404324904084206,3,112.0,224.0
1.2.643.5.1.13.13.12.2.77.8252.07040802010906150312000007110303,0.6526337265968323,3,128.0,112.0
1.2.643.5.1.13.13.12.2.77.8252.07040802010906150312000007110303,0.36622822284698486,3,192.0,48.0
1.2.643.5.1.13.13.12.2.77.8252.07040802010906150312000007110303,0.19014501571655273,3,208.0,128.0
1.2.643.5.1.13.13.12.2.77.8252.07040802010906150312000007110303,0.14058707654476166,3,80.0,160.0
1.2.643.5.1.13.13.12.2.77.8252.15001111061311011106030303001309,0.0909947007894516,3,128.0,160.0
1.2.643.5.1.13.13.12.2.77.8252.15001111061311011106030303001309,0.6848926544189453,3,144.0,64.0
1.2.643.5.1.13.13.12.2.77.8252.15001111061311011106030303001309,0.11617641150951385,3,224.0,208.0
1.2.643.5.1.13.13.12.2.77.8252.15001111061311011106030303001309,0.07529472559690475,3,208.0,192.0
1.2.643.5.1.13.13.12.2.77.8252.15001111061311011106030303001309,0.6590510606765747,3,112.0,112.0
1.2.643.5.1.13.13.12.2.77.8252.15001111061311011106030303001309,0.05055294558405876,3,96.0,192.0
1.2.643.5.1.13.13.12.2.77.8252.15001111061311011106030303001309,0.6887120008468628,3,160.0,144.0
1.2.643.5.1.13.13.12.2.77.8252.15001111061311011106030303001309,0.5817478895187378,3,240.0,144.0
1.2.643.5.1.13.13.12.2.77.8252.15001111061311011106030303001309,0.8900134563446045,3,192.0,64.0
1.2.643.5.1.13.13.12.2.77.8252.15001111061311011106030303001309,0.8634291291236877,3,192.0,80.0
1.2.643.5.1.13.13.12.2.77.8252.15001111061311011106030303001309,0.5135388970375061,3,224.0,176.0
1.2.643.5.1.13.13.12.2.77.8252.15001111061311011106030303001309,0.676077127456665,3,160.0,80.0
1.2.643.5.1.13.13.12.2.77.8252.15001111061311011106030303001309,0.03343439847230911,3,128.0,208.0
1.2.643.5.1.13.13.12.2.77.8252.15001111061311011106030303001309,0.5819838643074036,3,128.0,112.0
1.2.643.5.1.13.13.12.2.77.8252.15001111061311011106030303001309,0.040631018579006195,3,192.0,192.0
1.2.643.5.1.13.13.12.2.77.8252.15001111061311011106030303001309,0.90401691198349,3,64.0,112.0
1.2.643.5.1.13.13.12.2.77.8252.15001111061311011106030303001309,0.6960139870643616,3,240.0,96.0
1.2.643.5.1.13.13.12.2.77.8252.15001111061311011106030303001309,0.0196108128875494,3,128.0,243.0
1.2.643.5.1.13.13.12.2.77.8252.15001111061311011106030303001309,0.04899616912007332,3,48.0,176.0
1.2.643.5.1.13.13.12.2.77.8252.15001111061311011106030303001309,0.7868900895118713,3,208.0,80.0
1.2.643.5.1.13.13.12.2.77.8252.15001111061311011106030303001309,0.03182896971702576,3,208.0,224.0
1.2.643.5.1.13.13.12.2.77.8252.15001111061311011106030303001309,0.19307143986225128,3,160.0,160.0
1.2.643.5.1.13.13.12.2.77.8252.15001111061311011106030303001309,0.15603290498256683,3,112.0,160.0
1.2.643.5.1.13.13.12.2.77.8252.15001111061311011106030303001309,0.6480600833892822,3,252.0,128.0
1.2.643.5.1.13.13.12.2.77.8252.15001111061311011106030303001309,0.7174513936042786,3,96.0,112.0
1.2.643.5.1.13.13.12.2.77.8252.15001111061311011106030303001309,0.7046380043029785,3,160.0,128.0
1.2.643.5.1.13.13.12.2.77.8252.15001111061311011106030303001309,0.8080425262451172,3,240.0,128.0
1.2.643.5.1.13.13.12.2.77.8252.15001111061311011106030303001309,0.7363522052764893,3,176.0,96.0
1.2.643.5.1.13.13.12.2.77.8252.15001111061311011106030303001309,0.44837096333503723,3,160.0,48.0
1.2.643.5.1.13.13.12.2.77.8252.15001111061311011106030303001309,0.8316634297370911,3,208.0,112.0
1.2.643.5.1.13.13.12.2.77.8252.15001111061311011106030303001309,0.15448160469532013,3,252.0,240.0
1.2.643.5.1.13.13.12.2.77.8252.15001111061311011106030303001309,0.03761783614754677,3,252.0,208.0
1.2.643.5.1.13.13.12.2.77.8252.15001111061311011106030303001309,0.23417988419532776,3,224.0,240.0
1.2.643.5.1.13.13.12.2.77.8252.15001111061311011106030303001309,0.8092933297157288,3,240.0,112.0
1.2.643.5.1.13.13.12.2.77.8252.15001111061311011106030303001309,0.9423978328704834,3,64.0,80.0
1.2.643.5.1.13.13.12.2.77.8252.15001111061311011106030303001309,0.5718008875846863,3,252.0,80.0
1.2.643.5.1.13.13.12.2.77.8252.15001111061311011106030303001309,0.7678244709968567,3,112.0,64.0
1.2.643.5.1.13.13.12.2.77.8252.15001111061311011106030303001309,0.025946196168661118,3,160.0,192.0
1.2.643.5.1.13.13.12.2.77.8252.15001111061311011106030303001309,0.03594733774662018,3,176.0,240.0
1.2.643.5.1.13.13.12.2.77.8252.15001111061311011106030303001309,0.6884610652923584,3,176.0,128.0
1.2.643.5.1.13.13.12.2.77.8252.03050413050004110015050414021412,0.25023722648620605,3,48.0,64.0
1.2.643.5.1.13.13.12.2.77.8252.03050413050004110015050414021412,0.013252494856715202,3,160.0,128.0
1.2.643.5.1.13.13.12.2.77.8252.03050413050004110015050414021412,0.27697068452835083,3,240.0,241.0
1.2.643.5.1.13.13.12.2.77.8252.03050413050004110015050414021412,0.14851543307304382,3,224.0,144.0
1.2.643.5.1.13.13.12.2.77.8252.03050413050004110015050414021412,0.30066463351249695,3,128.0,80.0
1.2.643.5.1.13.13.12.2.77.8252.03050413050004110015050414021412,0.1989598274230957,3,80.0,128.0
1.2.643.5.1.13.13.12.2.77.8252.03050413050004110015050414021412,0.005664910189807415,3,128.0,176.0
1.2.643.5.1.13.13.12.2.77.8252.03050413050004110015050414021412,0.37403324246406555,3,144.0,80.0
1.2.643.5.1.13.13.12.2.77.8252.03050413050004110015050414021412,0.09023483842611313,3,224.0,176.0
1.2.643.5.1.13.13.12.2.77.8252.03050413050004110015050414021412,0.06625045835971832,3,192.0,64.0
1.2.643.5.1.13.13.12.2.77.8252.03050413050004110015050414021412,0.5716587901115417,3,144.0,48.0
1.2.643.5.1.13.13.12.2.77.8252.03050413050004110015050414021412,0.036269597709178925,3,176.0,241.0
1.2.643.5.1.13.13.12.2.77.8252.03050413050004110015050414021412,0.03708906099200249,3,240.0,64.0
1.2.643.5.1.13.13.12.2.77.8252.03050413050004110015050414021412,0.0781191885471344,3,208.0,240.0
1.2.643.5.1.13.13.12.2.77.8252.03050413050004110015050414021412,0.20899759232997894,3,112.0,80.0
1.2.643.5.1.13.13.12.2.77.8252.03050413050004110015050414021412,0.5551603436470032,3,80.0,80.0
1.2.643.5.1.13.13.12.2.77.8252.03050413050004110015050414021412,0.0660972073674202,3,208.0,112.0
1.2.643.5.1.13.13.12.2.77.8252.03050413050004110015050414021412,0.1637917309999466,3,64.0,144.0
1.2.643.5.1.13.13.12.2.77.8252.03050413050004110015050414021412,0.009706427343189716,3,192.0,192.0
1.2.643.5.1.13.13.12.2.77.8252.03050413050004110015050414021412,0.029060864821076393,3,112.0,240.0
1.2.643.5.1.13.13.12.2.77.8252.03050413050004110015050414021412,0.04251357167959213,3,252.0,48.0
1.2.643.5.1.13.13.12.2.77.8252.03050413050004110015050414021412,0.0036819549277424812,3,160.0,192.0
1.2.643.5.1.13.13.12.2.77.8252.03050413050004110015050414021412,0.07579702883958817,3,64.0,224.0
1.2.643.5.1.13.13.12.2.77.8252.03050413050004110015050414021412,0.13975889980793,3,64.0,160.0
1.2.643.5.1.13.13.12.2.77.8252.03050413050004110015050414021412,0.02155415713787079,3,144.0,241.0
1.2.643.5.1.13.13.12.2.77.8252.03050413050004110015050414021412,0.03183337301015854,3,252.0,176.0
1.2.643.5.1.13.13.12.2.77.8252.03050413050004110015050414021412,0.022671407088637352,3,128.0,241.0
1.2.643.5.1.13.13.12.2.77.8252.03050413050004110015050414021412,0.03374096751213074,3,48.0,192.0
1.2.643.5.1.13.13.12.2.77.8252.03050413050004110015050414021412,0.06290750205516815,3,48.0,112.0
1.2.643.5.1.13.13.12.2.77.8252.03050413050004110015050414021412,0.10653655976057053,3,64.0,241.0
1.2.643.5.1.13.13.12.2.77.8252.03050413050004110015050414021412,0.0041372161358594894,3,144.0,176.0
1.2.643.5.1.13.13.12.2.77.8252.03050413050004110015050414021412,0.00518117705360055,3,144.0,192.0
1.2.643.5.1.13.13.12.2.77.8252.03050413050004110015050414021412,0.033973321318626404,3,252.0,128.0
1.2.643.5.1.13.13.12.2.77.8252.03050413050004110015050414021412,0.040994610637426376,3,240.0,80.0
1.2.643.5.1.13.13.12.2.77.8252.03050413050004110015050414021412,0.026721687987446785,3,160.0,112.0
1.2.643.5.1.13.13.12.2.77.8252.03050413050004110015050414021412,0.24433426558971405,3,128.0,96.0
1.2.643.5.1.13.13.12.2.77.8252.03050413050004110015050414021412,0.22268882393836975,3,112.0,96.0
1.2.643.5.1.13.13.12.2.77.8252.03050413050004110015050414021412,0.04946669936180115,3,64.0,192.0
1.2.643.5.1.13.13.12.2.77.8252.03050413050004110015050414021412,0.024937279522418976,3,96.0,208.0
1.2.643.5.1.13.13.12.2.77.8252.03050413050004110015050414021412,0.10670420527458191,3,208.0,64.0
1.2.643.5.1.13.13.12.2.77.8252.14080500031007021314121106040303,0.13540570437908173,3,230.5,127.0
1.2.643.5.1.13.13.12.2.77.8252.14080500031007021314121106040303,0.7955672144889832,3,43.0,54.0
1.2.643.5.1.13.13.12.2.77.8252.14080500031007021314121106040303,0.8837950825691223,3,38.5,41.0
1.2.643.5.1.13.13.12.2.77.8252.14080500031007021314121106040303,0.009034010581672192,3,112.0,192.0
1.2.643.5.1.13.13.12.2.77.8252.14080500031007021314121106040303,0.0029425453394651413,3,144.0,176.0
1.2.643.5.1.13.13.12.2.77.8252.14080500031007021314121106040303,0.044668108224868774,3,208.0,128.0
1.2.643.5.1.13.13.12.2.77.8252.14080500031007021314121106040303,0.12405753880739212,3,48.0,269.0
1.2.643.5.1.13.13.12.2.77.8252.14080500031007021314121106040303,0.541176974773407,3,224.0,80.0
1.2.643.5.1.13.13.12.2.77.8252.14080500031007021314121106040303,0.05162800848484039,3,252.0,112.0
1.2.643.5.1.13.13.12.2.77.8252.14080500031007021314121106040303,0.013771194964647293,3,128.0,256.0
1.2.643.5.1.13.13.12.2.77.8252.14080500031007021314121106040303,0.002963958540931344,3,160.0,240.0
1.2.643.5.1.13.13.12.2.77.8252.14080500031007021314121106040303,0.14303456246852875,3,252.0,80.0
1.2.643.5.1.13.13.12.2.77.8252.14080500031007021314121106040303,0.04667604714632034,3,252.0,192.0
1.2.643.5.1.13.13.12.2.77.8252.14080500031007021314121106040303,0.04718700051307678,3,48.0,240.0
1.2.643.5.1.13.13.12.2.77.8252.14080500031007021314121106040303,0.2412271946668625,3,96.0,160.0
1.2.643.5.1.13.13.12.2.77.8252.14080500031007021314121106040303,0.0384131520986557,3,128.0,112.0
1.2.643.5.1.13.13.12.2.77.8252.14080500031007021314121106040303,0.030657628551125526,3,176.0,256.0
1.2.643.5.1.13.13.12.2.77.8252.14080500031007021314121106040303,0.2062787264585495,3,80.0,128.0
1.2.643.5.1.13.13.12.2.77.8252.14080500031007021314121106040303,0.3130917549133301,3,240.0,64.0
1.2.643.5.1.13.13.12.2.77.8252.14080500031007021314121106040303,0.1177726686000824,3,128.0,64.0
1.2.643.5.1.13.13.12.2.77.8252.14080500031007021314121106040303,0.6688143610954285,3,64.0,80.0
1.2.643.5.1.13.13.12.2.77.8252.14080500031007021314121106040303,0.5425279140472412,3,64.0,128.0
1.2.643.5.1.13.13.12.2.77.8252.14080500031007021314121106040303,0.012661551125347614,3,192.0,144.0
1.2.643.5.1.13.13.12.2.77.8252.14080500031007021314121106040303,0.03688798099756241,3,192.0,256.0
1.2.643.5.1.13.13.12.2.77.8252.14080500031007021314121106040303,0.233629047870636,3,96.0,144.0
1.2.643.5.1.13.13.12.2.77.8252.14080500031007021314121106040303,0.43492990732192993,3,192.0,64.0
1.2.643.5.1.13.13.12.2.77.8252.14080500031007021314121106040303,0.7164129614830017,3,224.0,48.0
1.2.643.5.1.13.13.12.2.77.8252.14080500031007021314121106040303,0.005497340112924576,3,160.0,144.0
1.2.643.5.1.13.13.12.2.77.8252.14080500031007021314121106040303,0.025826729834079742,3,192.0,224.0
1.2.643.5.1.13.13.12.2.77.8252.14080500031007021314121106040303,0.14481373131275177,3,240.0,96.0
1.2.643.5.1.13.13.12.2.77.8252.14080500031007021314121106040303,0.023807452991604805,3,144.0,269.0
1.2.643.5.1.13.13.12.2.77.8252.14080500031007021314121106040303,0.29077401757240295,3,48.0,128.0
1.2.643.5.1.13.13.12.2.77.8252.14080500031007021314121106040303,0.011677947826683521,3,192.0,192.0
1.2.643.5.1.13.13.12.2.77.8252.14080500031007021314121106040303,0.08022650331258774,3,176.0,269.0
1.2.643.5.1.13.13.12.2.77.8252.14080500031007021314121106040303,0.2931431829929352,3,112.0,48.0
1.2.643.5.1.13.13.12.2.77.8252.14080500031007021314121106040303,0.7654890418052673,3,64.0,96.0
1.2.643.5.1.13.13.12.2.77.8252.14080500031007021314121106040303,0.5370484590530396,3,96.0,48.0
1.2.643.5.1.13.13.12.2.77.8252.14080500031007021314121106040303,0.011183887720108032,3,144.0,240.0
1.2.643.5.1.13.13.12.2.77.8252.14080500031007021314121106040303,0.00748072937130928,3,192.0,240.0
1.2.643.5.1.13.13.12.2.77.8252.14080500031007021314121106040303,0.024775614961981773,3,96.0,269.0
1.2.643.5.1.13.13.12.2.77.8252.14080500031007021314121106040303,0.0541984960436821,3,252.0,176.0
1.2.643.5.1.13.13.12.2.77.8252.14080500031007021314121106040303,0.0009846456814557314,3,160.0,176.0
1.2.643.5.1.13.13.12.2.77.8252.14080500031007021314121106040303,0.06739860773086548,3,48.0,208.0
1.2.643.5.1.13.13.12.2.77.8252.07051313070907070603030815070904,0.5868913531303406,3,192.0,256.0
1.2.643.5.1.13.13.12.2.77.8252.07051313070907070603030815070904,0.01861926168203354,3,80.0,160.0
1.2.643.5.1.13.13.12.2.77.8252.07051313070907070603030815070904,0.0008982979343272746,3,144.0,208.0
1.2.643.5.1.13.13.12.2.77.8252.07051313070907070603030815070904,0.01998080499470234,3,252.0,192.0
1.2.643.5.1.13.13.12.2.77.8252.07051313070907070603030815070904,0.5665944814682007,3,208.0,256.0
1.2.643.5.1.13.13.12.2.77.8252.07051313070907070603030815070904,0.08301147818565369,3,64.0,176.0
1.2.643.5.1.13.13.12.2.77.8252.07051313070907070603030815070904,0.0016351481899619102,3,128.0,176.0
1.2.643.5.1.13.13.12.2.77.8252.07051313070907070603030815070904,0.014416307210922241,3,208.0,192.0
1.2.643.5.1.13.13.12.2.77.8252.07051313070907070603030815070904,0.039998605847358704,3,96.0,224.0
1.2.643.5.1.13.13.12.2.77.8252.07051313070907070603030815070904,0.3561328947544098,3,112.0,272.0
1.2.643.5.1.13.13.12.2.77.8252.07051313070907070603030815070904,0.5513905882835388,3,176.0,272.0
1.2.643.5.1.13.13.12.2.77.8252.07051313070907070603030815070904,0.0014990523923188448,3,112.0,144.0
1.2.643.5.1.13.13.12.2.77.8252.07051313070907070603030815070904,0.013816009275615215,3,176.0,64.0
1.2.643.5.1.13.13.12.2.77.8252.07051313070907070603030815070904,0.9586455821990967,3,64.0,296.0
1.2.643.5.1.13.13.12.2.77.8252.07051313070907070603030815070904,0.01900906302034855,3,252.0,160.0
1.2.643.5.1.13.13.12.2.77.8252.07051313070907070603030815070904,0.0005232131225056946,3,160.0,160.0
1.2.643.5.1.13.13.12.2.77.8252.07051313070907070603030815070904,0.0039187041111290455,3,176.0,96.0
1.2.643.5.1.13.13.12.2.77.8252.07051313070907070603030815070904,0.03270233795046806,3,48.0,192.0
1.2.643.5.1.13.13.12.2.77.8252.07051313070907070603030815070904,0.008642012253403664,3,192.0,192.0
1.2.643.5.1.13.13.12.2.77.8252.07051313070907070603030815070904,0.731589674949646,3,192.0,272.0
1.2.643.5.1.13.13.12.2.77.8252.07051313070907070603030815070904,0.0006152329151518643,3,128.0,160.0
1.2.643.5.1.13.13.12.2.77.8252.07051313070907070603030815070904,0.030137639492750168,3,252.0,80.0
1.2.643.5.1.13.13.12.2.77.8252.07051313070907070603030815070904,0.7253637909889221,3,80.0,288.0
1.2.643.5.1.13.13.12.2.77.8252.07051313070907070603030815070904,0.0014750156551599503,3,112.0,160.0
1.2.643.5.1.13.13.12.2.77.8252.07051313070907070603030815070904,0.002971045207232237,3,128.0,80.0
1.2.643.5.1.13.13.12.2.77.8252.07051313070907070603030815070904,0.019643018022179604,3,252.0,176.0
1.2.643.5.1.13.13.12.2.77.8252.07051313070907070603030815070904,0.07239875197410583,3,64.0,160.0
1.2.643.5.1.13.13.12.2.77.8252.07051313070907070603030815070904,0.02150578796863556,3,208.0,160.0
1.2.643.5.1.13.13.12.2.77.8252.07051313070907070603030815070904,0.4433962404727936,3,80.0,64.0
1.2.643.5.1.13.13.12.2.77.8252.07051313070907070603030815070904,0.9082894325256348,3,96.0,296.0
1.2.643.5.1.13.13.12.2.77.8252.07051313070907070603030815070904,0.5752156376838684,3,64.0,64.0
1.2.643.5.1.13.13.12.2.77.8252.07051313070907070603030815070904,0.000838791485875845,3,160.0,208.0
1.2.643.5.1.13.13.12.2.77.8252.07051313070907070603030815070904,0.03345714882016182,3,208.0,144.0
1.2.643.5.1.13.13.12.2.77.8252.07051313070907070603030815070904,0.013839352875947952,3,112.0,128.0
1.2.643.5.1.13.13.12.2.77.8252.07051313070907070603030815070904,0.5218377709388733,3,48.0,48.0
1.2.643.5.1.13.13.12.2.77.8252.07051313070907070603030815070904,0.029845336452126503,3,48.0,176.0
1.2.643.5.1.13.13.12.2.77.8252.07051313070907070603030815070904,0.9271066188812256,3,192.0,288.0
1.2.643.5.1.13.13.12.2.77.8252.07051313070907070603030815070904,0.09363008290529251,3,64.0,192.0
1.2.643.5.1.13.13.12.2.77.8252.07051313070907070603030815070904,0.09841373562812805,3,224.0,64.0
1.2.643.5.1.13.13.12.2.77.8252.07051313070907070603030815070904,0.01772327907383442,3,240.0,160.0
1.2.643.5.1.13.13.12.2.77.8252.07090609050707040704081509101500,0.9999990463256836,3,44.0,22.0
1.2.643.5.1.13.13.12.2.77.8252.07090609050707040704081509101500,0.9999992847442627,3,222.0,15.5
1.2.643.5.1.13.13.12.2.77.8252.07090609050707040704081509101500,0.9921070337295532,3,120.0,8.0
1.2.643.5.1.13.13.12.2.77.8252.07090609050707040704081509101500,0.9999277591705322,3,48.0,48.0
1.2.643.5.1.13.13.12.2.77.8252.07090609050707040704081509101500,0.9997265934944153,3,64.0,48.0
1.2.643.5.1.13.13.12.2.77.8252.07090609050707040704081509101500,0.9989367127418518,3,80.0,48.0
1.2.643.5.1.13.13.12.2.77.8252.07090609050707040704081509101500,0.986412763595581,3,96.0,48.0
1.2.643.5.1.13.13.12.2.77.8252.07090609050707040704081509101500,0.9077367782592773,3,112.0,48.0
1.2.643.5.1.13.13.12.2.77.8252.07090609050707040704081509101500,0.932360827922821,3,128.0,48.0
1.2.643.5.1.13.13.12.2.77.8252.07090609050707040704081509101500,0.9800866842269897,3,144.0,48.0
1.2.643.5.1.13.13.12.2.77.8252.07090609050707040704081509101500,0.9749097228050232,3,160.0,48.0
1.2.643.5.1.13.13.12.2.77.8252.07090609050707040704081509101500,0.9709705710411072,3,176.0,48.0
1.2.643.5.1.13.13.12.2.77.8252.07090609050707040704081509101500,0.9910796284675598,3,192.0,48.0
1.2.643.5.1.13.13.12.2.77.8252.07090609050707040704081509101500,0.9984764456748962,3,208.0,48.0
1.2.643.5.1.13.13.12.2.77.8252.07090609050707040704081509101500,0.9994038343429565,3,224.0,48.0
1.2.643.5.1.13.13.12.2.77.8252.07090609050707040704081509101500,0.9980436563491821,3,240.0,48.0
1.2.643.5.1.13.13.12.2.77.8252.07090609050707040704081509101500,0.9962669014930725,3,252.0,48.0
1.2.643.5.1.13.13.12.2.77.8252.07090609050707040704081509101500,0.9992330074310303,3,48.0,64.0
1.2.643.5.1.13.13.12.2.77.8252.07090609050707040704081509101500,0.9971216320991516,3,64.0,64.0
1.2.643.5.1.13.13.12.2.77.8252.07090609050707040704081509101500,0.16632042825222015,3,224.0,144.0
1.2.643.5.1.13.13.12.2.77.8252.07090609050707040704081509101500,0.04343174025416374,3,96.0,176.0
1.2.643.5.1.13.13.12.2.77.8252.07090609050707040704081509101500,0.057260721921920776,3,112.0,144.0
1.2.643.5.1.13.13.12.2.77.8252.07090609050707040704081509101500,0.24092991650104523,3,224.0,112.0
1.2.643.5.1.13.13.12.2.77.8252.07090609050707040704081509101500,0.03648877888917923,3,112.0,208.0
1.2.643.5.1.13.13.12.2.77.8252.07090609050707040704081509101500,0.08446373045444489,3,224.0,224.0
1.2.643.5.1.13.13.12.2.77.8252.07090609050707040704081509101500,0.011121655814349651,3,144.0,192.0
1.2.643.5.1.13.13.12.2.77.8252.07090609050707040704081509101500,0.017867404967546463,3,192.0,224.0
1.2.643.5.1.13.13.12.2.77.8252.07090609050707040704081509101500,0.2404138296842575,3,252.0,237.0
1.2.643.5.1.13.13.12.2.77.8252.07090609050707040704081509101500,0.019256817176938057,3,192.0,192.0
1.2.643.5.1.13.13.12.2.77.8252.07090609050707040704081509101500,0.039855778217315674,3,48.0,144.0
1.2.643.5.1.13.13.12.2.77.8252.07090609050707040704081509101500,0.03889608755707741,3,128.0,237.0
1.2.643.5.1.13.13.12.2.77.8252.07090609050707040704081509101500,0.04084869474172592,3,208.0,160.0
1.2.643.5.1.13.13.12.2.77.8252.07090609050707040704081509101500,0.07670186460018158,3,192.0,144.0
1.2.643.5.1.13.13.12.2.77.8252.07090609050707040704081509101500,0.02939116768538952,3,208.0,176.0
1.2.643.5.1.13.13.12.2.77.8252.07090609050707040704081509101500,0.022661013528704643,3,160.0,237.0
1.2.643.5.1.13.13.12.2.77.8252.07090609050707040704081509101500,0.0934547707438469,3,252.0,224.0
1.2.643.5.1.13.13.12.2.77.8252.07090609050707040704081509101500,0.05507029592990875,3,192.0,112.0
1.2.643.5.1.13.13.12.2.77.8252.07090609050707040704081509101500,0.024861320853233337,3,208.0,192.0
1.2.643.5.1.13.13.12.2.77.8252.07090609050707040704081509101500,0.05311128497123718,3,112.0,224.0
1.2.643.5.1.13.13.12.2.77.8252.07090609050707040704081509101500,0.02960994653403759,3,240.0,176.0
1.2.643.5.1.13.13.12.2.77.8252.07090609050707040704081509101500,0.10096197575330734,3,96.0,128.0
1.2.643.5.1.13.13.12.2.77.8252.07090609050707040704081509101500,0.02061031572520733,3,128.0,208.0
1.2.643.5.1.13.13.12.2.77.8252.07090609050707040704081509101500,0.02576906979084015,3,112.0,192.0
1.2.643.5.1.13.13.12.2.77.8252.07090609050707040704081509101500,0.04524313285946846,3,176.0,237.0
1.2.643.5.1.13.13.12.2.77.8252.07090609050707040704081509101500,0.08224806189537048,3,224.0,160.0
1.2.643.5.1.13.13.12.2.77.8252.07090609050707040704081509101500,0.032613445073366165,3,252.0,160.0
1.2.643.5.1.13.13.12.2.77.8252.07090609050707040704081509101500,0.016136247664690018,3,144.0,208.0
1.2.643.5.1.13.13.12.2.77.8252.07090609050707040704081509101500,0.012581815011799335,3,160.0,224.0
1.2.643.5.1.13.13.12.2.77.8252.07090609050707040704081509101500,0.015257544815540314,3,128.0,160.0
1.2.643.5.1.13.13.12.2.77.8252.07090609050707040704081509101500,0.08287151157855988,3,80.0,144.0
1.2.643.5.1.13.13.12.2.77.8252.07090609050707040704081509101500,0.006248018238693476,3,160.0,176.0
1.2.643.5.1.13.13.12.2.77.8252.07090609050707040704081509101500,0.033438630402088165,3,160.0,112.0
1.2.643.5.1.13.13.12.2.77.8252.07090609050707040704081509101500,0.03016853891313076,3,252.0,192.0
1.2.643.5.1.13.13.12.2.77.8252.07090609050707040704081509101500,0.013180188834667206,3,128.0,192.0
1.2.643.5.1.13.13.12.2.77.8252.07090609050707040704081509101500,0.060434162616729736,3,112.0,237.0
1.2.643.5.1.13.13.12.2.77.8252.07090609050707040704081509101500,0.04649549722671509,3,96.0,208.0
1.2.643.5.1.13.13.12.2.77.8252.07090609050707040704081509101500,0.024685556069016457,3,128.0,128.0
1.2.643.5.1.13.13.12.2.77.8252.07090609050707040704081509101500,0.029510023072361946,3,128.0,224.0
1.2.643.5.1.13.13.12.2.77.8252.07090609050707040704081509101500,0.2599634826183319,3,64.0,128.0
1.2.643.5.1.13.13.12.2.77.8252.10011315050807060809100706050011,0.9850918650627136,3,79.0,48.0
1.2.643.5.1.13.13.12.2.77.8252.10011315050807060809100706050011,0.9989317059516907,3,51.0,12.0
1.2.643.5.1.13.13.12.2.77.8252.10011315050807060809100706050011,0.9989538192749023,3,267.5,8.0
1.2.643.5.1.13.13.12.2.77.8252.10011315050807060809100706050011,0.9942930936813354,3,48.0,48.0
1.2.643.5.1.13.13.12.2.77.8252.10011315050807060809100706050011,0.991947591304779,3,64.0,48.0
1.2.643.5.1.13.13.12.2.77.8252.10011315050807060809100706050011,0.9828987121582031,3,80.0,48.0
1.2.643.5.1.13.13.12.2.77.8252.10011315050807060809100706050011,0.962745189666748,3,96.0,48.0
1.2.643.5.1.13.13.12.2.77.8252.10011315050807060809100706050011,0.8496550917625427,3,112.0,48.0
1.2.643.5.1.13.13.12.2.77.8252.10011315050807060809100706050011,0.7038232684135437,3,224.0,48.0
1.2.643.5.1.13.13.12.2.77.8252.10011315050807060809100706050011,0.9038342833518982,3,240.0,48.0
1.2.643.5.1.13.13.12.2.77.8252.10011315050807060809100706050011,0.9200441241264343,3,252.0,48.0
1.2.643.5.1.13.13.12.2.77.8252.10011315050807060809100706050011,0.789573073387146,3,48.0,64.0
1.2.643.5.1.13.13.12.2.77.8252.10011315050807060809100706050011,0.7497265338897705,3,64.0,64.0
1.2.643.5.1.13.13.12.2.77.8252.10011315050807060809100706050011,0.8005508184432983,3,80.0,64.0
1.2.643.5.1.13.13.12.2.77.8252.10011315050807060809100706050011,0.7153699398040771,3,96.0,64.0
1.2.643.5.1.13.13.12.2.77.8252.10011315050807060809100706050011,0.607223391532898,3,112.0,64.0
1.2.643.5.1.13.13.12.2.77.8252.10011315050807060809100706050011,0.5703232288360596,3,48.0,80.0
1.2.643.5.1.13.13.12.2.77.8252.10011315050807060809100706050011,0.566288411617279,3,64.0,80.0
1.2.643.5.1.13.13.12.2.77.8252.10011315050807060809100706050011,0.7643215656280518,3,80.0,80.0
1.2.643.5.1.13.13.12.2.77.8252.10011315050807060809100706050011,0.693002462387085,3,96.0,80.0
1.2.643.5.1.13.13.12.2.77.8252.10011315050807060809100706050011,0.595060408115387,3,112.0,80.0
1.2.643.5.1.13.13.12.2.77.8252.10011315050807060809100706050011,0.3286406993865967,3,48.0,96.0
1.2.643.5.1.13.13.12.2.77.8252.10011315050807060809100706050011,0.30901452898979187,3,64.0,96.0
1.2.643.5.1.13.13.12.2.77.8252.10011315050807060809100706050011,0.462655633687973,3,80.0,96.0
1.2.643.5.1.13.13.12.2.77.8252.10011315050807060809100706050011,0.4742538034915924,3,96.0,96.0
1.2.643.5.1.13.13.12.2.77.8252.10011315050807060809100706050011,0.3852691352367401,3,112.0,96.0
1.2.643.5.1.13.13.12.2.77.8252.10011315050807060809100706050011,0.13424843549728394,3,224.0,112.0
1.2.643.5.1.13.13.12.2.77.8252.10011315050807060809100706050011,0.11834056675434113,3,176.0,48.0
1.2.643.5.1.13.13.12.2.77.8252.10011315050807060809100706050011,0.08679264783859253,3,192.0,96.0
1.2.643.5.1.13.13.12.2.77.8252.10011315050807060809100706050011,0.05154081806540489,3,252.0,240.0
1.2.643.5.1.13.13.12.2.77.8252.10011315050807060809100706050011,0.007292905356734991,3,192.0,176.0
1.2.643.5.1.13.13.12.2.77.8252.10011315050807060809100706050011,0.04272584617137909,3,240.0,144.0
1.2.643.5.1.13.13.12.2.77.8252.10011315050807060809100706050011,0.010300442576408386,3,176.0,160.0
1.2.643.5.1.13.13.12.2.77.8252.10011315050807060809100706050011,0.020287415012717247,3,252.0,208.0
1.2.643.5.1.13.13.12.2.77.8252.10011315050807060809100706050011,0.024130158126354218,3,240.0,176.0
1.2.643.5.1.13.13.12.2.77.8252.10011315050807060809100706050011,0.031115557998418808,3,192.0,144.0
1.2.643.5.1.13.13.12.2.77.8252.10011315050807060809100706050011,0.0765799954533577,3,252.0,96.0
1.2.643.5.1.13.13.12.2.77.8252.10011315050807060809100706050011,0.08329588174819946,3,208.0,96.0
1.2.643.5.1.13.13.12.2.77.8252.10011315050807060809100706050011,0.021133579313755035,3,240.0,208.0
1.2.643.5.1.13.13.12.2.77.8252.10011315050807060809100706050011,0.004399285651743412,3,192.0,192.0
1.2.643.5.1.13.13.12.2.77.8252.10011315050807060809100706050011,0.011478968895971775,3,128.0,144.0
1.2.643.5.1.13.13.12.2.77.8252.10011315050807060809100706050011,0.027896763756871223,3,48.0,208.0
1.2.643.5.1.13.13.12.2.77.8252.10011315050807060809100706050011,0.007049772888422012,3,128.0,160.0
1.2.643.5.1.13.13.12.2.77.8252.10011315050807060809100706050011,0.031809382140636444,3,224.0,240.0
1.2.643.5.1.13.13.12.2.77.8252.10011315050807060809100706050011,0.02012336626648903,3,252.0,192.0
1.2.643.5.1.13.13.12.2.77.8252.10011315050807060809100706050011,0.03148944675922394,3,64.0,256.0
1.2.643.5.1.13.13.12.2.77.8252.10011315050807060809100706050011,0.0032813448924571276,3,176.0,208.0
1.2.643.5.1.13.13.12.2.77.8252.10011315050807060809100706050011,0.00183424586430192,3,128.0,256.0
1.2.643.5.1.13.13.12.2.77.8252.10011315050807060809100706050011,0.2975411117076874,3,252.0,270.0
1.2.643.5.1.13.13.12.2.77.8252.10011315050807060809100706050011,0.14234711229801178,3,208.0,270.0
1.2.643.5.1.13.13.12.2.77.8252.10011315050807060809100706050011,0.011237496510148048,3,208.0,192.0
1.2.643.5.1.13.13.12.2.77.8252.10011315050807060809100706050011,0.015317052602767944,3,144.0,224.0
1.2.643.5.1.13.13.12.2.77.8252.10011315050807060809100706050011,0.014452033676207066,3,112.0,160.0
1.2.643.5.1.13.13.12.2.77.8252.10011315050807060809100706050011,0.04168625921010971,3,64.0,192.0
1.2.643.5.1.13.13.12.2.77.8252.10011315050807060809100706050011,0.030140532180666924,3,252.0,144.0
1.2.643.5.1.13.13.12.2.77.8252.10011315050807060809100706050011,0.01749744638800621,3,96.0,240.0
1.2.643.5.1.13.13.12.2.77.8252.10011315050807060809100706050011,0.027670416980981827,3,96.0,208.0
1.2.643.5.1.13.13.12.2.77.8252.10011315050807060809100706050011,0.03469743952155113,3,80.0,144.0
1.2.643.5.1.13.13.12.2.77.8252.10011315050807060809100706050011,0.007496433798223734,3,192.0,208.0
1.2.643.5.1.13.13.12.2.77.8252.10011315050807060809100706050011,0.12003170698881149,3,252.0,256.0
1.2.643.5.1.13.13.12.2.77.8252.10011315050807060809100706050011,0.006661903113126755,3,128.0,192.0
1.2.643.5.1.13.13.12.2.77.8252.10011315050807060809100706050011,0.034017425030469894,3,192.0,128.0
1.2.643.5.1.13.13.12.2.77.8252.10011315050807060809100706050011,0.058944277465343475,3,224.0,256.0
1.2.643.5.1.13.13.12.2.77.8252.10011315050807060809100706050011,0.013874291442334652,3,112.0,240.0
1.2.643.5.1.13.13.12.2.77.8252.10011315050807060809100706050011,0.013021060265600681,3,112.0,192.0
1.2.643.5.1.13.13.12.2.77.8252.10011315050807060809100706050011,0.028130225837230682,3,224.0,176.0
1.2.643.5.1.13.13.12.2.77.8252.02030504060005060505040905021305,0.017131848260760307,3,64.0,160.0
1.2.643.5.1.13.13.12.2.77.8252.02030504060005060505040905021305,0.0968058705329895,3,176.0,96.0
1.2.643.5.1.13.13.12.2.77.8252.02030504060005060505040905021305,0.049649130553007126,3,144.0,269.0
1.2.643.5.1.13.13.12.2.77.8252.02030504060005060505040905021305,0.02321767248213291,3,176.0,240.0
1.2.643.5.1.13.13.12.2.77.8252.02030504060005060505040905021305,0.08440542966127396,3,48.0,48.0
1.2.643.5.1.13.13.12.2.77.8252.02030504060005060505040905021305,0.18125906586647034,3,80.0,48.0
1.2.643.5.1.13.13.12.2.77.8252.02030504060005060505040905021305,0.08785662055015564,3,192.0,48.0
1.2.643.5.1.13.13.12.2.77.8252.02030504060005060505040905021305,0.020295478403568268,3,240.0,224.0
1.2.643.5.1.13.13.12.2.77.8252.02030504060005060505040905021305,0.040286511182785034,3,208.0,144.0
1.2.643.5.1.13.13.12.2.77.8252.02030504060005060505040905021305,0.09873227030038834,3,80.0,96.0
1.2.643.5.1.13.13.12.2.77.8252.02030504060005060505040905021305,0.021441951394081116,3,240.0,269.0
1.2.643.5.1.13.13.12.2.77.8252.02030504060005060505040905021305,0.015509005635976791,3,80.0,208.0
1.2.643.5.1.13.13.12.2.77.8252.02030504060005060505040905021305,0.06813177466392517,3,176.0,80.0
1.2.643.5.1.13.13.12.2.77.8252.02030504060005060505040905021305,0.07945894449949265,3,252.0,64.0
1.2.643.5.1.13.13.12.2.77.8252.02030504060005060505040905021305,0.05694529041647911,3,128.0,160.0
1.2.643.5.1.13.13.12.2.77.8252.02030504060005060505040905021305,0.021662618964910507,3,64.0,256.0
1.2.643.5.1.13.13.12.2.77.8252.02030504060005060505040905021305,0.0837857648730278,3,224.0,112.0
1.2.643.5.1.13.13.12.2.77.8252.02030504060005060505040905021305,0.045969367027282715,3,208.0,160.0
1.2.643.5.1.13.13.12.2.77.8252.02030504060005060505040905021305,0.02851390652358532,3,192.0,160.0
1.2.643.5.1.13.13.12.2.77.8252.02030504060005060505040905021305,0.1187080517411232,3,160.0,112.0
1.2.643.5.1.13.13.12.2.77.8252.02030504060005060505040905021305,0.009847321547567844,3,192.0,256.0
1.2.643.5.1.13.13.12.2.77.8252.02030504060005060505040905021305,0.014886680990457535,3,160.0,240.0
1.2.643.5.1.13.13.12.2.77.8252.02030504060005060505040905021305,0.0248432420194149,3,176.0,224.0
1.2.643.5.1.13.13.12.2.77.8252.02030504060005060505040905021305,0.0194452702999115,3,48.0,160.0
1.2.643.5.1.13.13.12.2.77.8252.02030504060005060505040905021305,0.023059753701090813,3,144.0,208.0
1.2.643.5.1.13.13.12.2.77.8252.02030504060005060505040905021305,0.02191328816115856,3,48.0,240.0
1.2.643.5.1.13.13.12.2.77.8252.02030504060005060505040905021305,0.02103404328227043,3,64.0,176.0
1.2.643.5.1.13.13.12.2.77.8252.02030504060005060505040905021305,0.01939966529607773,3,240.0,176.0
1.2.643.5.1.13.13.12.2.77.8252.02030504060005060505040905021305,0.030673664063215256,3,80.0,144.0
1.2.643.5.1.13.13.12.2.77.8252.02030504060005060505040905021305,0.021678559482097626,3,64.0,224.0
1.2.643.5.1.13.13.12.2.77.8252.02030504060005060505040905021305,0.02191328816115856,3,252.0,240.0
1.2.643.5.1.13.13.12.2.77.8252.02030504060005060505040905021305,0.028105363249778748,3,224.0,160.0
1.2.643.5.1.13.13.12.2.77.8252.02030504060005060505040905021305,0.17847459018230438,3,112.0,80.0
1.2.643.5.1.13.13.12.2.77.8252.02030504060005060505040905021305,0.05029808357357979,3,176.0,144.0
1.2.643.5.1.13.13.12.2.77.8252.02030504060005060505040905021305,0.07930953800678253,3,128.0,269.0
1.2.643.5.1.13.13.12.2.77.8252.02030504060005060505040905021305,0.02289210818707943,3,64.0,128.0
1.2.643.5.1.13.13.12.2.77.8252.02030504060005060505040905021305,0.03187752515077591,3,224.0,144.0
1.2.643.5.1.13.13.12.2.77.8252.02030504060005060505040905021305,0.03458105027675629,3,160.0,128.0
1.2.643.5.1.13.13.12.2.77.8252.02030504060005060505040905021305,0.17262296378612518,3,144.0,48.0
1.2.643.5.1.13.13.12.2.77.8252.02030504060005060505040905021305,0.07789631187915802,3,128.0,112.0
1.2.643.5.1.13.13.12.2.77.8252.05060902130204131205041207051405,0.7624242901802063,3,64.0,64.0
1.2.643.5.1.13.13.12.2.77.8252.05060902130204131205041207051405,0.10187438130378723,3,192.0,112.0
1.2.643.5.1.13.13.12.2.77.8252.05060902130204131205041207051405,0.6486068367958069,3,192.0,64.0
1.2.643.5.1.13.13.12.2.77.8252.05060902130204131205041207051405,0.060037001967430115,3,64.0,269.0
1.2.643.5.1.13.13.12.2.77.8252.05060902130204131205041207051405,0.06615622341632843,3,224.0,224.0
1.2.643.5.1.13.13.12.2.77.8252.05060902130204131205041207051405,0.7593836188316345,3,192.0,48.0
1.2.643.5.1.13.13.12.2.77.8252.05060902130204131205041207051405,0.11495393514633179,3,160.0,160.0
1.2.643.5.1.13.13.12.2.77.8252.05060902130204131205041207051405,0.20156635344028473,3,96.0,160.0
1.2.643.5.1.13.13.12.2.77.8252.05060902130204131205041207051405,0.1760740578174591,3,252.0,64.0
1.2.643.5.1.13.13.12.2.77.8252.05060902130204131205041207051405,0.2409096211194992,3,160.0,128.0
1.2.643.5.1.13.13.12.2.77.8252.05060902130204131205041207051405,0.07850278913974762,3,240.0,96.0
1.2.643.5.1.13.13.12.2.77.8252.05060902130204131205041207051405,0.20915204286575317,3,96.0,176.0
1.2.643.5.1.13.13.12.2.77.8252.05060902130204131205041207051405,0.10639335960149765,3,144.0,208.0
1.2.643.5.1.13.13.12.2.77.8252.05060902130204131205041207051405,0.05252239480614662,3,192.0,208.0
1.2.643.5.1.13.13.12.2.77.8252.05060902130204131205041207051405,0.025816114619374275,3,252.0,176.0
1.2.643.5.1.13.13.12.2.77.8252.05060902130204131205041207051405,0.06532702594995499,3,160.0,208.0
1.2.643.5.1.13.13.12.2.77.8252.05060902130204131205041207051405,0.27225178480148315,3,192.0,96.0
1.2.643.5.1.13.13.12.2.77.8252.05060902130204131205041207051405,0.4792495667934418,3,96.0,128.0
1.2.643.5.1.13.13.12.2.77.8252.05060902130204131205041207051405,0.1173584833741188,3,128.0,192.0
1.2.643.5.1.13.13.12.2.77.8252.05060902130204131205041207051405,0.08326754719018936,3,176.0,224.0
1.2.643.5.1.13.13.12.2.77.8252.05060902130204131205041207051405,0.03766082599759102,3,240.0,112.0
1.2.643.5.1.13.13.12.2.77.8252.05060902130204131205041207051405,0.03884066268801689,3,128.0,256.0
1.2.643.5.1.13.13.12.2.77.8252.05060902130204131205041207051405,0.029739895835518837,3,48.0,192.0
1.2.643.5.1.13.13.12.2.77.8252.05060902130204131205041207051405,0.3591928780078888,3,144.0,176.0
1.2.643.5.1.13.13.12.2.77.8252.05060902130204131205041207051405,0.8476719856262207,3,112.0,64.0
1.2.643.5.1.13.13.12.2.77.8252.05060902130204131205041207051405,0.07354313135147095,3,128.0,224.0
1.2.643.5.1.13.13.12.2.77.8252.05060902130204131205041207051405,0.33768436312675476,3,96.0,144.0
1.2.643.5.1.13.13.12.2.77.8252.05060902130204131205041207051405,0.709852933883667,3,160.0,64.0
1.2.643.5.1.13.13.12.2.77.8252.05060902130204131205041207051405,0.0883101150393486,3,208.0,160.0
1.2.643.5.1.13.13.12.2.77.8252.05060902130204131205041207051405,0.441572904586792,3,48.0,80.0
1.2.643.5.1.13.13.12.2.77.8252.05060902130204131205041207051405,0.6876220107078552,3,64.0,80.0
1.2.643.5.1.13.13.12.2.77.8252.05060902130204131205041207051405,0.1724814772605896,3,240.0,80.0
1.2.643.5.1.13.13.12.2.77.8252.05060902130204131205041207051405,0.06664902716875076,3,252.0,269.0
1.2.643.5.1.13.13.12.2.77.8252.05060902130204131205041207051405,0.09338118135929108,3,96.0,208.0
1.2.643.5.1.13.13.12.2.77.8252.05060902130204131205041207051405,0.09383879601955414,3,252.0,80.0
1.2.643.5.1.13.13.12.2.77.8252.05060902130204131205041207051405,0.7572969198226929,3,96.0,96.0
1.2.643.5.1.13.13.12.2.77.8252.05060902130204131205041207051405,0.11653728038072586,3,80.0,160.0
1.2.643.5.1.13.13.12.2.77.8252.05060902130204131205041207051405,0.13945165276527405,3,208.0,240.0
1.2.643.5.1.13.13.12.2.77.8252.05060902130204131205041207051405,0.7784380316734314,3,128.0,64.0
1.2.643.5.1.13.13.12.2.77.8252.05060902130204131205041207051405,0.048914749175310135,3,224.0,144.0
1.2.643.5.1.13.13.12.2.77.8252.12071112070710000412111310090807,0.03849295526742935,3,160.0,160.0
1.2.643.5.1.13.13.12.2.77.8252.12071112070710000412111310090807,0.29373544454574585,3,96.0,112.0
1.2.643.5.1.13.13.12.2.77.8252.12071112070710000412111310090807,0.36330902576446533,3,160.0,80.0
1.2.643.5.1.13.13.12.2.77.8252.12071112070710000412111310090807,0.252937376499176,3,224.0,240.0
1.2.643.5.1.13.13.12.2.77.8252.12071112070710000412111310090807,0.031260691583156586,3,64.0,160.0
1.2.643.5.1.13.13.12.2.77.8252.12071112070710000412111310090807,0.7075982689857483,3,96.0,48.0
1.2.643.5.1.13.13.12.2.77.8252.12071112070710000412111310090807,0.1207115650177002,3,208.0,128.0
1.2.643.5.1.13.13.12.2.77.8252.12071112070710000412111310090807,0.10261707752943039,3,48.0,241.0
1.2.643.5.1.13.13.12.2.77.8252.12071112070710000412111310090807,0.004293506965041161,3,160.0,224.0
1.2.643.5.1.13.13.12.2.77.8252.12071112070710000412111310090807,0.17043113708496094,3,192.0,96.0
1.2.643.5.1.13.13.12.2.77.8252.12071112070710000412111310090807,0.1259208470582962,3,224.0,224.0
1.2.643.5.1.13.13.12.2.77.8252.12071112070710000412111310090807,0.30633291602134705,3,96.0,128.0
1.2.643.5.1.13.13.12.2.77.8252.12071112070710000412111310090807,0.650429368019104,3,192.0,64.0
1.2.643.5.1.13.13.12.2.77.8252.12071112070710000412111310090807,0.029642527922987938,3,176.0,240.0
1.2.643.5.1.13.13.12.2.77.8252.12071112070710000412111310090807,0.023416291922330856,3,112.0,176.0
1.2.643.5.1.13.13.12.2.77.8252.12071112070710000412111310090807,0.06562940776348114,3,64.0,128.0
1.2.643.5.1.13.13.12.2.77.8252.12071112070710000412111310090807,0.126995250582695,3,208.0,112.0
1.2.643.5.1.13.13.12.2.77.8252.12071112070710000412111310090807,0.08216314017772675,3,64.0,224.0
1.2.643.5.1.13.13.12.2.77.8252.12071112070710000412111310090807,0.15412886440753937,3,96.0,144.0
1.2.643.5.1.13.13.12.2.77.8252.12071112070710000412111310090807,0.4963460862636566,3,112.0,80.0
1.2.643.5.1.13.13.12.2.77.8252.12071112070710000412111310090807,0.05695072188973427,3,252.0,128.0
1.2.643.5.1.13.13.12.2.77.8252.12071112070710000412111310090807,0.1405401974916458,3,208.0,240.0
1.2.643.5.1.13.13.12.2.77.8252.12071112070710000412111310090807,0.32827115058898926,3,192.0,80.0
1.2.643.5.1.13.13.12.2.77.8252.12071112070710000412111310090807,0.14450287818908691,3,208.0,96.0
1.2.643.5.1.13.13.12.2.77.8252.12071112070710000412111310090807,0.044855996966362,3,240.0,144.0
1.2.643.5.1.13.13.12.2.77.8252.12071112070710000412111310090807,0.14240962266921997,3,64.0,80.0
1.2.643.5.1.13.13.12.2.77.8252.12071112070710000412111310090807,0.16062723100185394,3,64.0,240.0
1.2.643.5.1.13.13.12.2.77.8252.12071112070710000412111310090807,0.07325521111488342,3,224.0,208.0
1.2.643.5.1.13.13.12.2.77.8252.12071112070710000412111310090807,0.032245129346847534,3,144.0,176.0
1.2.643.5.1.13.13.12.2.77.8252.12071112070710000412111310090807,0.16893132030963898,3,64.0,241.0
1.2.643.5.1.13.13.12.2.77.8252.12071112070710000412111310090807,0.5764852166175842,3,160.0,64.0
1.2.643.5.1.13.13.12.2.77.8252.12071112070710000412111310090807,0.31677529215812683,3,112.0,128.0
1.2.643.5.1.13.13.12.2.77.8252.12071112070710000412111310090807,0.028221365064382553,3,64.0,176.0
1.2.643.5.1.13.13.12.2.77.8252.12071112070710000412111310090807,0.15362487733364105,3,192.0,128.0
1.2.643.5.1.13.13.12.2.77.8252.12071112070710000412111310090807,0.7222992181777954,3,112.0,64.0
1.2.643.5.1.13.13.12.2.77.8252.12071112070710000412111310090807,0.0037274574860930443,3,128.0,192.0
1.2.643.5.1.13.13.12.2.77.8252.12071112070710000412111310090807,0.7571438550949097,3,80.0,64.0
1.2.643.5.1.13.13.12.2.77.8252.12071112070710000412111310090807,0.4675652086734772,3,224.0,64.0
1.2.643.5.1.13.13.12.2.77.8252.12071112070710000412111310090807,0.07345953583717346,3,208.0,160.0
1.2.643.5.1.13.13.12.2.77.8252.12071112070710000412111310090807,0.24702799320220947,3,252.0,241.0
1.2.643.5.1.13.13.12.2.77.8252.05150512091506110304120408070606,0.030765125527977943,3,48.0,256.0
1.2.643.5.1.13.13.12.2.77.8252.05150512091506110304120408070606,0.02433047816157341,3,48.0,160.0
1.2.643.5.1.13.13.12.2.77.8252.05150512091506110304120408070606,0.10048045217990875,3,160.0,160.0
1.2.643.5.1.13.13.12.2.77.8252.05150512091506110304120408070606,0.24696235358715057,3,80.0,112.0
1.2.643.5.1.13.13.12.2.77.8252.05150512091506110304120408070606,0.025649502873420715,3,80.0,224.0
1.2.643.5.1.13.13.12.2.77.8252.05150512091506110304120408070606,0.026588695123791695,3,80.0,208.0
1.2.643.5.1.13.13.12.2.77.8252.05150512091506110304120408070606,0.08308112621307373,3,176.0,270.0
1.2.643.5.1.13.13.12.2.77.8252.05150512091506110304120408070606,0.030341429635882378,3,240.0,176.0
1.2.643.5.1.13.13.12.2.77.8252.05150512091506110304120408070606,0.27354148030281067,3,48.0,80.0
1.2.643.5.1.13.13.12.2.77.8252.05150512091506110304120408070606,0.09544219821691513,3,208.0,64.0
1.2.643.5.1.13.13.12.2.77.8252.05150512091506110304120408070606,0.42065122723579407,3,80.0,96.0
1.2.643.5.1.13.13.12.2.77.8252.05150512091506110304120408070606,0.08760368078947067,3,208.0,270.0
1.2.643.5.1.13.13.12.2.77.8252.05150512091506110304120408070606,0.07660923153162003,3,192.0,96.0
1.2.643.5.1.13.13.12.2.77.8252.05150512091506110304120408070606,0.18017391860485077,3,144.0,96.0
1.2.643.5.1.13.13.12.2.77.8252.05150512091506110304120408070606,0.38762423396110535,3,96.0,64.0
1.2.643.5.1.13.13.12.2.77.8252.05150512091506110304120408070606,0.05053985118865967,3,224.0,240.0
1.2.643.5.1.13.13.12.2.77.8252.05150512091506110304120408070606,0.10754873603582382,3,128.0,80.0
1.2.643.5.1.13.13.12.2.77.8252.05150512091506110304120408070606,0.036709751933813095,3,208.0,208.0
1.2.643.5.1.13.13.12.2.77.8252.05150512091506110304120408070606,0.07633118331432343,3,192.0,80.0
1.2.643.5.1.13.13.12.2.77.8252.05150512091506110304120408070606,0.021139657124876976,3,240.0,144.0
1.2.643.5.1.13.13.12.2.77.8252.05150512091506110304120408070606,0.1321694552898407,3,160.0,80.0
1.2.643.5.1.13.13.12.2.77.8252.05150512091506110304120408070606,0.07881245017051697,3,112.0,240.0
1.2.643.5.1.13.13.12.2.77.8252.05150512091506110304120408070606,0.09778805077075958,3,176.0,96.0
1.2.643.5.1.13.13.12.2.77.8252.05150512091506110304120408070606,0.024840261787176132,3,224.0,176.0
1.2.643.5.1.13.13.12.2.77.8252.05150512091506110304120408070606,0.21433597803115845,3,176.0,128.0
1.2.643.5.1.13.13.12.2.77.8252.05150512091506110304120408070606,0.09038142114877701,3,128.0,96.0
1.2.643.5.1.13.13.12.2.77.8252.05150512091506110304120408070606,0.11858809739351273,3,192.0,224.0
1.2.643.5.1.13.13.12.2.77.8252.05150512091506110304120408070606,0.3383755683898926,3,96.0,96.0
1.2.643.5.1.13.13.12.2.77.8252.05150512091506110304120408070606,0.10086020827293396,3,208.0,80.0
1.2.643.5.1.13.13.12.2.77.8252.05150512091506110304120408070606,0.08974648267030716,3,128.0,208.0
1.2.643.5.1.13.13.12.2.77.8252.05150512091506110304120408070606,0.05247126892209053,3,208.0,192.0
1.2.643.5.1.13.13.12.2.77.8252.05150512091506110304120408070606,0.020758407190442085,3,64.0,192.0
1.2.643.5.1.13.13.12.2.77.8252.05150512091506110304120408070606,0.14564411342144012,3,96.0,144.0
1.2.643.5.1.13.13.12.2.77.8252.05150512091506110304120408070606,0.13764820992946625,3,64.0,112.0
1.2.643.5.1.13.13.12.2.77.8252.05150512091506110304120408070606,0.0537848174571991,3,160.0,224.0
1.2.643.5.1.13.13.12.2.77.8252.05150512091506110304120408070606,0.07720423489809036,3,112.0,160.0
1.2.643.5.1.13.13.12.2.77.8252.05150512091506110304120408070606,0.14500892162322998,3,112.0,112.0
1.2.643.5.1.13.13.12.2.77.8252.05150512091506110304120408070606,0.023083558306097984,3,252.0,240.0
1.2.643.5.1.13.13.12.2.77.8252.05150512091506110304120408070606,0.045583851635456085,3,112.0,192.0
1.2.643.5.1.13.13.12.2.77.8252.05150512091506110304120408070606,0.08206944167613983,3,128.0,64.0
1.2.643.5.1.13.13.12.2.77.8252.09071502150602001009041214040315,0.8231139779090881,3,58.5,92.5
1.2.643.5.1.13.13.12.2.77.8252.09071502150602001009041214040315,0.28369569778442383,3,51.5,81.5
1.2.643.5.1.13.13.12.2.77.8252.09071502150602001009041214040315,0.38328149914741516,3,33.5,37.5
1.2.643.5.1.13.13.12.2.77.8252.09071502150602001009041214040315,0.5230409502983093,3,26.5,26.5
1.2.643.5.1.13.13.12.2.77.8252.09071502150602001009041214040315,0.9045183658599854,3,206.5,73.0
1.2.643.5.1.13.13.12.2.77.8252.09071502150602001009041214040315,0.9475939869880676,3,214.0,66.0
1.2.643.5.1.13.13.12.2.77.8252.09071502150602001009041214040315,0.6933110356330872,3,234.0,32.5
1.2.643.5.1.13.13.12.2.77.8252.09071502150602001009041214040315,0.49770018458366394,3,245.5,19.5
1.2.643.5.1.13.13.12.2.77.8252.09071502150602001009041214040315,0.027210766449570656,3,144.0,208.0
1.2.643.5.1.13.13.12.2.77.8252.09071502150602001009041214040315,0.6198287010192871,3,80.0,80.0
1.2.643.5.1.13.13.12.2.77.8252.09071502150602001009041214040315,0.18524526059627533,3,252.0,96.0
1.2.643.5.1.13.13.12.2.77.8252.09071502150602001009041214040315,0.028151165693998337,3,48.0,240.0
1.2.643.5.1.13.13.12.2.77.8252.09071502150602001009041214040315,0.010811234824359417,3,96.0,240.0
1.2.643.5.1.13.13.12.2.77.8252.09071502150602001009041214040315,0.13163183629512787,3,112.0,96.0
1.2.643.5.1.13.13.12.2.77.8252.09071502150602001009041214040315,0.007747376337647438,3,144.0,240.0
1.2.643.5.1.13.13.12.2.77.8252.09071502150602001009041214040315,0.026192475110292435,3,176.0,128.0
1.2.643.5.1.13.13.12.2.77.8252.09071502150602001009041214040315,0.021522516384720802,3,252.0,176.0
1.2.643.5.1.13.13.12.2.77.8252.09071502150602001009041214040315,0.04068939760327339,3,192.0,176.0
1.2.643.5.1.13.13.12.2.77.8252.09071502150602001009041214040315,0.0827338844537735,3,208.0,256.0
1.2.643.5.1.13.13.12.2.77.8252.09071502150602001009041214040315,0.21221423149108887,3,112.0,48.0
1.2.643.5.1.13.13.12.2.77.8252.09071502150602001009041214040315,0.03479256108403206,3,192.0,256.0
1.2.643.5.1.13.13.12.2.77.8252.09071502150602001009041214040315,0.021039925515651703,3,96.0,270.0
1.2.643.5.1.13.13.12.2.77.8252.09071502150602001009041214040315,0.026387600228190422,3,240.0,176.0
1.2.643.5.1.13.13.12.2.77.8252.09071502150602001009041214040315,0.28127193450927734,3,112.0,64.0
1.2.643.5.1.13.13.12.2.77.8252.09071502150602001009041214040315,0.07959790527820587,3,128.0,96.0
1.2.643.5.1.13.13.12.2.77.8252.09071502150602001009041214040315,0.05232451856136322,3,128.0,160.0
1.2.643.5.1.13.13.12.2.77.8252.09071502150602001009041214040315,0.026416882872581482,3,240.0,208.0
1.2.643.5.1.13.13.12.2.77.8252.09071502150602001009041214040315,0.026588713750243187,3,160.0,176.0
1.2.643.5.1.13.13.12.2.77.8252.09071502150602001009041214040315,0.7626559734344482,3,80.0,96.0
1.2.643.5.1.13.13.12.2.77.8252.09071502150602001009041214040315,0.014377948828041553,3,112.0,224.0
1.2.643.5.1.13.13.12.2.77.8252.09071502150602001009041214040315,0.5998987555503845,3,192.0,80.0
1.2.643.5.1.13.13.12.2.77.8252.09071502150602001009041214040315,0.06451242417097092,3,252.0,128.0
1.2.643.5.1.13.13.12.2.77.8252.09071502150602001009041214040315,0.06609708815813065,3,96.0,176.0
1.2.643.5.1.13.13.12.2.77.8252.09071502150602001009041214040315,0.018825408071279526,3,176.0,144.0
1.2.643.5.1.13.13.12.2.77.8252.09071502150602001009041214040315,0.019128959625959396,3,160.0,128.0
1.2.643.5.1.13.13.12.2.77.8252.09071502150602001009041214040315,0.2570679485797882,3,240.0,270.0
1.2.643.5.1.13.13.12.2.77.8252.09071502150602001009041214040315,0.033898960798978806,3,252.0,224.0
1.2.643.5.1.13.13.12.2.77.8252.09071502150602001009041214040315,0.00554537633433938,3,112.0,240.0
1.2.643.5.1.13.13.12.2.77.8252.09071502150602001009041214040315,0.395440936088562,3,48.0,160.0
1.2.643.5.1.13.13.12.2.77.8252.09071502150602001009041214040315,0.03604378551244736,3,64.0,240.0
1.2.643.5.1.13.13.12.2.77.8252.09071502150602001009041214040315,0.021766433492302895,3,144.0,192.0
1.2.643.5.1.13.13.12.2.77.8252.09071502150602001009041214040315,0.0444677360355854,3,128.0,176.0
1.2.643.5.1.13.13.12.2.77.8252.09071502150602001009041214040315,0.906783401966095,3,64.0,112.0
1.2.643.5.1.13.13.12.2.77.8252.09071502150602001009041214040315,0.7389383316040039,3,224.0,80.0
1.2.643.5.1.13.13.12.2.77.8252.09071502150602001009041214040315,0.014026847667992115,3,176.0,240.0
1.2.643.5.1.13.13.12.2.77.8252.09071502150602001009041214040315,0.3950956165790558,3,96.0,80.0
1.2.643.5.1.13.13.12.2.77.8252.09071502150602001009041214040315,0.17268268764019012,3,240.0,112.0
1.2.643.5.1.13.13.12.2.77.8252.09071502150602001009041214040315,0.8523823022842407,3,208.0,80.0
1.2.643.5.1.13.13.12.2.77.8252.11081308031311040302130506061304,0.5994318127632141,3,43.5,77.0
1.2.643.5.1.13.13.12.2.77.8252.11081308031311040302130506061304,0.6233508586883545,3,37.5,52.5
1.2.643.5.1.13.13.12.2.77.8252.11081308031311040302130506061304,0.8548873662948608,3,175.5,26.0
1.2.643.5.1.13.13.12.2.77.8252.11081308031311040302130506061304,0.9481960535049438,3,206.5,59.5
1.2.643.5.1.13.13.12.2.77.8252.11081308031311040302130506061304,0.965618371963501,3,200.0,36.0
1.2.643.5.1.13.13.12.2.77.8252.11081308031311040302130506061304,0.21760696172714233,3,224.0,256.0
1.2.643.5.1.13.13.12.2.77.8252.11081308031311040302130506061304,0.6717579364776611,3,128.0,192.0
1.2.643.5.1.13.13.12.2.77.8252.11081308031311040302130506061304,0.45026007294654846,3,112.0,176.0
1.2.643.5.1.13.13.12.2.77.8252.11081308031311040302130506061304,0.5894656777381897,3,144.0,128.0
1.2.643.5.1.13.13.12.2.77.8252.11081308031311040302130506061304,0.1402326375246048,3,252.0,267.0
1.2.643.5.1.13.13.12.2.77.8252.11081308031311040302130506061304,0.15188883244991302,3,80.0,240.0
1.2.643.5.1.13.13.12.2.77.8252.11081308031311040302130506061304,0.3491472005844116,3,144.0,64.0
1.2.643.5.1.13.13.12.2.77.8252.11081308031311040302130506061304,0.5344166159629822,3,80.0,48.0
1.2.643.5.1.13.13.12.2.77.8252.11081308031311040302130506061304,0.682895302772522,3,128.0,224.0
1.2.643.5.1.13.13.12.2.77.8252.11081308031311040302130506061304,0.22509543597698212,3,208.0,192.0
1.2.643.5.1.13.13.12.2.77.8252.11081308031311040302130506061304,0.5807982087135315,3,64.0,80.0
1.2.643.5.1.13.13.12.2.77.8252.11081308031311040302130506061304,0.4946745038032532,3,176.0,176.0
1.2.643.5.1.13.13.12.2.77.8252.11081308031311040302130506061304,0.887454628944397,3,224.0,48.0
1.2.643.5.1.13.13.12.2.77.8252.11081308031311040302130506061304,0.9573058485984802,3,192.0,96.0
1.2.643.5.1.13.13.12.2.77.8252.11081308031311040302130506061304,0.7438309192657471,3,64.0,96.0
1.2.643.5.1.13.13.12.2.77.8252.11081308031311040302130506061304,0.7226948142051697,3,80.0,128.0
1.2.643.5.1.13.13.12.2.77.8252.11081308031311040302130506061304,0.33082103729248047,3,128.0,80.0
1.2.643.5.1.13.13.12.2.77.8252.11081308031311040302130506061304,0.2791479527950287,3,112.0,64.0
1.2.643.5.1.13.13.12.2.77.8252.11081308031311040302130506061304,0.8036768436431885,3,224.0,96.0
1.2.643.5.1.13.13.12.2.77.8252.11081308031311040302130506061304,0.662891149520874,3,80.0,112.0
1.2.643.5.1.13.13.12.2.77.8252.11081308031311040302130506061304,0.607173502445221,3,144.0,192.0
1.2.643.5.1.13.13.12.2.77.8252.11081308031311040302130506061304,0.6462885141372681,3,48.0,48.0
1.2.643.5.1.13.13.12.2.77.8252.11081308031311040302130506061304,0.404574453830719,3,176.0,224.0
1.2.643.5.1.13.13.12.2.77.8252.11081308031311040302130506061304,0.061663661152124405,3,252.0,176.0
1.2.643.5.1.13.13.12.2.77.8252.11081308031311040302130506061304,0.022562190890312195,3,48.0,224.0
1.2.643.5.1.13.13.12.2.77.8252.11081308031311040302130506061304,0.8979516625404358,3,224.0,80.0
1.2.643.5.1.13.13.12.2.77.8252.11081308031311040302130506061304,0.06700417399406433,3,64.0,224.0
1.2.643.5.1.13.13.12.2.77.8252.11081308031311040302130506061304,0.735029399394989,3,128.0,176.0
1.2.643.5.1.13.13.12.2.77.8252.11081308031311040302130506061304,0.42727378010749817,3,112.0,240.0
1.2.643.5.1.13.13.12.2.77.8252.11081308031311040302130506061304,0.5629569292068481,3,160.0,224.0
1.2.643.5.1.13.13.12.2.77.8252.11081308031311040302130506061304,0.19486555457115173,3,96.0,208.0
1.2.643.5.1.13.13.12.2.77.8252.11081308031311040302130506061304,0.7931404709815979,3,224.0,112.0
1.2.643.5.1.13.13.12.2.77.8252.11081308031311040302130506061304,0.7123476266860962,3,208.0,144.0
1.2.643.5.1.13.13.12.2.77.8252.11081308031311040302130506061304,0.558092474937439,3,176.0,256.0
1.2.643.5.1.13.13.12.2.77.8252.11081308031311040302130506061304,0.727905809879303,3,176.0,144.0
1.2.643.5.1.13.13.12.2.77.8252.11081308031311040302130506061304,0.3461382985115051,3,176.0,192.0
1.2.643.5.1.13.13.12.2.77.8252.11081308031311040302130506061304,0.3861558735370636,3,112.0,256.0
1.2.643.5.1.13.13.12.2.77.8252.11081308031311040302130506061304,0.02015889249742031,3,48.0,240.0
1.2.643.5.1.13.13.12.2.77.8252.11081308031311040302130506061304,0.03784874826669693,3,224.0,208.0
1.2.643.5.1.13.13.12.2.77.8252.11081308031311040302130506061304,0.577064037322998,3,64.0,64.0
1.2.643.5.1.13.13.12.2.77.8252.15141302131508150312140605060212,0.5248984098434448,4,44.0,30.0
1.2.643.5.1.13.13.12.2.77.8252.15141302131508150312140605060212,0.44339632987976074,4,48.0,48.0
1.2.643.5.1.13.13.12.2.77.8252.15141302131508150312140605060212,0.4120330810546875,4,64.0,48.0
1.2.643.5.1.13.13.12.2.77.8252.15141302131508150312140605060212,0.37408947944641113,4,80.0,48.0
1.2.643.5.1.13.13.12.2.77.8252.15141302131508150312140605060212,0.33951959013938904,4,48.0,64.0
1.2.643.5.1.13.13.12.2.77.8252.15141302131508150312140605060212,0.3434574604034424,4,64.0,64.0
1.2.643.5.1.13.13.12.2.77.8252.15141302131508150312140605060212,0.019339725375175476,4,128.0,208.0
1.2.643.5.1.13.13.12.2.77.8252.15141302131508150312140605060212,0.017239885404706,4,128.0,160.0
1.2.643.5.1.13.13.12.2.77.8252.15141302131508150312140605060212,0.06178288161754608,4,208.0,192.0
1.2.643.5.1.13.13.12.2.77.8252.15141302131508150312140605060212,0.008413697592914104,4,128.0,240.0
1.2.643.5.1.13.13.12.2.77.8252.15141302131508150312140605060212,0.02711990848183632,4,64.0,256.0
1.2.643.5.1.13.13.12.2.77.8252.15141302131508150312140605060212,0.10758014023303986,4,176.0,96.0
1.2.643.5.1.13.13.12.2.77.8252.15141302131508150312140605060212,0.10701469331979752,4,208.0,270.0
1.2.643.5.1.13.13.12.2.77.8252.15141302131508150312140605060212,0.036753542721271515,4,160.0,208.0
1.2.643.5.1.13.13.12.2.77.8252.15141302131508150312140605060212,0.1549045294523239,4,176.0,48.0
1.2.643.5.1.13.13.12.2.77.8252.15141302131508150312140605060212,0.013924150727689266,4,112.0,256.0
1.2.643.5.1.13.13.12.2.77.8252.15141302131508150312140605060212,0.022238481789827347,4,252.0,128.0
1.2.643.5.1.13.13.12.2.77.8252.15141302131508150312140605060212,0.01747903600335121,4,96.0,270.0
1.2.643.5.1.13.13.12.2.77.8252.15141302131508150312140605060212,0.011923540383577347,4,144.0,224.0
1.2.643.5.1.13.13.12.2.77.8252.15141302131508150312140605060212,0.19146932661533356,4,224.0,256.0
1.2.643.5.1.13.13.12.2.77.8252.15141302131508150312140605060212,0.23102572560310364,4,252.0,48.0
1.2.643.5.1.13.13.12.2.77.8252.15141302131508150312140605060212,0.061792612075805664,4,176.0,176.0
1.2.643.5.1.13.13.12.2.77.8252.15141302131508150312140605060212,0.045057788491249084,4,48.0,160.0
1.2.643.5.1.13.13.12.2.77.8252.15141302131508150312140605060212,0.04642155393958092,4,176.0,256.0
1.2.643.5.1.13.13.12.2.77.8252.15141302131508150312140605060212,0.04352017119526863,4,48.0,224.0
1.2.643.5.1.13.13.12.2.77.8252.15141302131508150312140605060212,0.05289359763264656,4,160.0,80.0
1.2.643.5.1.13.13.12.2.77.8252.15141302131508150312140605060212,0.06037895008921623,4,80.0,176.0
1.2.643.5.1.13.13.12.2.77.8252.15141302131508150312140605060212,0.0032698914874345064,4,144.0,256.0
1.2.643.5.1.13.13.12.2.77.8252.15141302131508150312140605060212,0.04745399206876755,4,80.0,160.0
1.2.643.5.1.13.13.12.2.77.8252.15141302131508150312140605060212,0.06640849262475967,4,208.0,208.0
1.2.643.5.1.13.13.12.2.77.8252.15141302131508150312140605060212,0.009442656300961971,4,160.0,270.0
1.2.643.5.1.13.13.12.2.77.8252.15141302131508150312140605060212,0.1049501895904541,4,48.0,270.0
1.2.643.5.1.13.13.12.2.77.8252.15141302131508150312140605060212,0.07529988884925842,4,176.0,208.0
1.2.643.5.1.13.13.12.2.77.8252.15141302131508150312140605060212,0.03156737983226776,4,80.0,240.0
1.2.643.5.1.13.13.12.2.77.8252.15141302131508150312140605060212,0.012463333085179329,4,160.0,256.0
1.2.643.5.1.13.13.12.2.77.8252.15141302131508150312140605060212,0.04566467925906181,4,48.0,144.0
1.2.643.5.1.13.13.12.2.77.8252.15141302131508150312140605060212,0.015891075134277344,4,144.0,208.0
1.2.643.5.1.13.13.12.2.77.8252.15141302131508150312140605060212,0.15886475145816803,4,240.0,64.0
1.2.643.5.1.13.13.12.2.77.8252.15141302131508150312140605060212,0.017498396337032318,4,112.0,240.0
1.2.643.5.1.13.13.12.2.77.8252.15141302131508150312140605060212,0.03801718354225159,4,96.0,208.0
1.2.643.5.1.13.13.12.2.77.8252.15141302131508150312140605060212,0.030928373336791992,4,64.0,270.0
1.2.643.5.1.13.13.12.2.77.8252.15141302131508150312140605060212,0.27310511469841003,4,208.0,48.0
1.2.643.5.1.13.13.12.2.77.8252.15141302131508150312140605060212,0.03300907462835312,4,208.0,128.0
1.2.643.5.1.13.13.12.2.77.8252.15141302131508150312140605060212,0.08078599721193314,4,192.0,80.0
1.2.643.5.1.13.13.12.2.77.8252.15141302131508150312140605060212,0.23298662900924683,4,224.0,48.0
1.2.643.5.1.13.13.12.2.77.8252.15141302131508150312140605060212,0.030260616913437843,4,112.0,160.0
1.2.643.5.1.13.13.12.2.77.8252.02030112081401101404040904010405,0.16981741786003113,4,69.0,74.5
1.2.643.5.1.13.13.12.2.77.8252.02030112081401101404040904010405,0.18945448100566864,4,214.5,55.5
1.2.643.5.1.13.13.12.2.77.8252.02030112081401101404040904010405,0.19770829379558563,4,37.0,45.5
1.2.643.5.1.13.13.12.2.77.8252.02030112081401101404040904010405,0.18702930212020874,4,249.0,23.5
1.2.643.5.1.13.13.12.2.77.8252.02030112081401101404040904010405,0.07724480330944061,4,224.0,128.0
1.2.643.5.1.13.13.12.2.77.8252.02030112081401101404040904010405,0.014964485540986061,4,192.0,176.0
1.2.643.5.1.13.13.12.2.77.8252.02030112081401101404040904010405,0.0480482392013073,4,112.0,96.0
1.2.643.5.1.13.13.12.2.77.8252.02030112081401101404040904010405,0.018844610080122948,4,252.0,144.0
1.2.643.5.1.13.13.12.2.77.8252.02030112081401101404040904010405,0.0044359019957482815,4,176.0,192.0
1.2.643.5.1.13.13.12.2.77.8252.02030112081401101404040904010405,0.011310107074677944,4,192.0,192.0
1.2.643.5.1.13.13.12.2.77.8252.02030112081401101404040904010405,0.0640878826379776,4,80.0,48.0
1.2.643.5.1.13.13.12.2.77.8252.02030112081401101404040904010405,0.05857745185494423,4,64.0,128.0
1.2.643.5.1.13.13.12.2.77.8252.02030112081401101404040904010405,0.06636711210012436,4,224.0,112.0
1.2.643.5.1.13.13.12.2.77.8252.02030112081401101404040904010405,0.0578242726624012,4,240.0,96.0
1.2.643.5.1.13.13.12.2.77.8252.02030112081401101404040904010405,0.07460663467645645,4,224.0,192.0
1.2.643.5.1.13.13.12.2.77.8252.02030112081401101404040904010405,0.13762331008911133,4,224.0,239.0
1.2.643.5.1.13.13.12.2.77.8252.02030112081401101404040904010405,0.0024000254925340414,4,160.0,192.0
1.2.643.5.1.13.13.12.2.77.8252.02030112081401101404040904010405,0.01915600895881653,4,96.0,128.0
1.2.643.5.1.13.13.12.2.77.8252.02030112081401101404040904010405,0.04556423798203468,4,224.0,160.0
1.2.643.5.1.13.13.12.2.77.8252.02030112081401101404040904010405,0.033221758902072906,4,192.0,239.0
1.2.643.5.1.13.13.12.2.77.8252.02030112081401101404040904010405,0.0217781700193882,4,48.0,176.0
1.2.643.5.1.13.13.12.2.77.8252.02030112081401101404040904010405,0.011679752729833126,4,144.0,96.0
1.2.643.5.1.13.13.12.2.77.8252.02030112081401101404040904010405,0.04904944449663162,4,80.0,239.0
1.2.643.5.1.13.13.12.2.77.8252.02030112081401101404040904010405,0.13546031713485718,4,208.0,80.0
1.2.643.5.1.13.13.12.2.77.8252.02030112081401101404040904010405,0.03123536705970764,4,96.0,112.0
1.2.643.5.1.13.13.12.2.77.8252.02030112081401101404040904010405,0.2744663655757904,4,208.0,64.0
1.2.643.5.1.13.13.12.2.77.8252.02030112081401101404040904010405,0.006154532078653574,4,160.0,128.0
1.2.643.5.1.13.13.12.2.77.8252.02030112081401101404040904010405,0.06302494555711746,4,48.0,128.0
1.2.643.5.1.13.13.12.2.77.8252.02030112081401101404040904010405,0.21358349919319153,4,252.0,48.0
1.2.643.5.1.13.13.12.2.77.8252.02030112081401101404040904010405,0.022196820005774498,4,48.0,239.0
1.2.643.5.1.13.13.12.2.77.8252.02030112081401101404040904010405,0.02220909297466278,4,48.0,192.0
1.2.643.5.1.13.13.12.2.77.8252.02030112081401101404040904010405,0.04107419773936272,4,48.0,144.0
1.2.643.5.1.13.13.12.2.77.8252.02030112081401101404040904010405,0.025179117918014526,4,80.0,192.0
1.2.643.5.1.13.13.12.2.77.8252.02030112081401101404040904010405,0.27924102544784546,4,224.0,64.0
1.2.643.5.1.13.13.12.2.77.8252.02030112081401101404040904010405,0.06865628808736801,4,128.0,64.0
1.2.643.5.1.13.13.12.2.77.8252.02030112081401101404040904010405,0.03126830980181694,4,208.0,160.0
1.2.643.5.1.13.13.12.2.77.8252.02030112081401101404040904010405,0.07546155154705048,4,192.0,112.0
1.2.643.5.1.13.13.12.2.77.8252.02030112081401101404040904010405,0.021481133997440338,4,64.0,176.0
1.2.643.5.1.13.13.12.2.77.8252.02030112081401101404040904010405,0.00926399976015091,4,160.0,224.0
1.2.643.5.1.13.13.12.2.77.8252.02030112081401101404040904010405,0.10181263834238052,4,192.0,48.0
1.2.643.5.1.13.13.12.2.77.8252.02030112081401101404040904010405,0.03549656644463539,4,112.0,112.0
1.2.643.5.1.13.13.12.2.77.8252.02030112081401101404040904010405,0.12764793634414673,4,240.0,80.0
1.2.643.5.1.13.13.12.2.77.8252.02030112081401101404040904010405,0.022539755329489708,4,240.0,160.0
1.2.643.5.1.13.13.12.2.77.8252.02030112081401101404040904010405,0.021626261994242668,4,252.0,224.0
1.2.643.5.1.13.13.12.2.77.8252.03050114141207061001080502130215,0.9958959817886353,4,75.0,77.0
1.2.643.5.1.13.13.12.2.77.8252.03050114141207061001080502130215,0.979013979434967,4,78.5,106.5
1.2.643.5.1.13.13.12.2.77.8252.03050114141207061001080502130215,0.9986568689346313,4,96.5,75.0
1.2.643.5.1.13.13.12.2.77.8252.03050114141207061001080502130215,0.9893612265586853,4,117.5,73.5
1.2.643.5.1.13.13.12.2.77.8252.03050114141207061001080502130215,0.8842374682426453,4,121.0,102.5
1.2.643.5.1.13.13.12.2.77.8252.03050114141207061001080502130215,0.9901493787765503,4,100.5,105.5
1.2.643.5.1.13.13.12.2.77.8252.03050114141207061001080502130215,0.9789494276046753,4,48.0,48.0
1.2.643.5.1.13.13.12.2.77.8252.03050114141207061001080502130215,0.9778362512588501,4,64.0,48.0
1.2.643.5.1.13.13.12.2.77.8252.03050114141207061001080502130215,0.9572147727012634,4,80.0,48.0
1.2.643.5.1.13.13.12.2.77.8252.03050114141207061001080502130215,0.9595504403114319,4,96.0,48.0
1.2.643.5.1.13.13.12.2.77.8252.03050114141207061001080502130215,0.9247003793716431,4,112.0,48.0
1.2.643.5.1.13.13.12.2.77.8252.03050114141207061001080502130215,0.7158800363540649,4,128.0,48.0
1.2.643.5.1.13.13.12.2.77.8252.03050114141207061001080502130215,0.432314395904541,4,144.0,48.0
1.2.643.5.1.13.13.12.2.77.8252.03050114141207061001080502130215,0.4022347927093506,4,160.0,48.0
1.2.643.5.1.13.13.12.2.77.8252.03050114141207061001080502130215,0.9854888319969177,4,48.0,64.0
1.2.643.5.1.13.13.12.2.77.8252.03050114141207061001080502130215,0.9941821694374084,4,64.0,64.0
1.2.643.5.1.13.13.12.2.77.8252.03050114141207061001080502130215,0.9948412775993347,4,80.0,64.0
1.2.643.5.1.13.13.12.2.77.8252.03050114141207061001080502130215,0.997922956943512,4,96.0,64.0
1.2.643.5.1.13.13.12.2.77.8252.03050114141207061001080502130215,0.9935745596885681,4,112.0,64.0
1.2.643.5.1.13.13.12.2.77.8252.03050114141207061001080502130215,0.9444833397865295,4,128.0,64.0
1.2.643.5.1.13.13.12.2.77.8252.03050114141207061001080502130215,0.7753611207008362,4,144.0,64.0
1.2.643.5.1.13.13.12.2.77.8252.03050114141207061001080502130215,0.5975331664085388,4,160.0,64.0
1.2.643.5.1.13.13.12.2.77.8252.03050114141207061001080502130215,0.9761185050010681,4,48.0,80.0
1.2.643.5.1.13.13.12.2.77.8252.03050114141207061001080502130215,0.9960152506828308,4,64.0,80.0
1.2.643.5.1.13.13.12.2.77.8252.03050114141207061001080502130215,0.9970882534980774,4,80.0,80.0
1.2.643.5.1.13.13.12.2.77.8252.03050114141207061001080502130215,0.9984038472175598,4,96.0,80.0
1.2.643.5.1.13.13.12.2.77.8252.03050114141207061001080502130215,0.9941808581352234,4,112.0,80.0
1.2.643.5.1.13.13.12.2.77.8252.03050114141207061001080502130215,0.945549726486206,4,128.0,80.0
1.2.643.5.1.13.13.12.2.77.8252.03050114141207061001080502130215,0.6317978501319885,4,144.0,80.0
1.2.643.5.1.13.13.12.2.77.8252.03050114141207061001080502130215,0.31352803111076355,4,160.0,80.0
1.2.643.5.1.13.13.12.2.77.8252.03050114141207061001080502130215,0.9425655603408813,4,48.0,96.0
1.2.643.5.1.13.13.12.2.77.8252.03050114141207061001080502130215,0.9903810620307922,4,64.0,96.0
1.2.643.5.1.13.13.12.2.77.8252.03050114141207061001080502130215,0.9923073649406433,4,80.0,96.0
1.2.643.5.1.13.13.12.2.77.8252.03050114141207061001080502130215,0.9951485991477966,4,96.0,96.0
1.2.643.5.1.13.13.12.2.77.8252.03050114141207061001080502130215,0.9827044606208801,4,112.0,96.0
1.2.643.5.1.13.13.12.2.77.8252.03050114141207061001080502130215,0.7614254951477051,4,128.0,96.0
1.2.643.5.1.13.13.12.2.77.8252.03050114141207061001080502130215,0.305919885635376,4,144.0,96.0
1.2.643.5.1.13.13.12.2.77.8252.03050114141207061001080502130215,0.0746065229177475,4,160.0,96.0
1.2.643.5.1.13.13.12.2.77.8252.03050114141207061001080502130215,0.8333220481872559,4,48.0,112.0
1.2.643.5.1.13.13.12.2.77.8252.03050114141207061001080502130215,0.9697592854499817,4,64.0,112.0
1.2.643.5.1.13.13.12.2.77.8252.03050114141207061001080502130215,0.978925347328186,4,80.0,112.0
1.2.643.5.1.13.13.12.2.77.8252.03050114141207061001080502130215,0.9822299480438232,4,96.0,112.0
1.2.643.5.1.13.13.12.2.77.8252.03050114141207061001080502130215,0.9333759546279907,4,112.0,112.0
1.2.643.5.1.13.13.12.2.77.8252.03050114141207061001080502130215,0.47321203351020813,4,128.0,112.0
1.2.643.5.1.13.13.12.2.77.8252.03050114141207061001080502130215,0.1151680275797844,4,144.0,112.0
1.2.643.5.1.13.13.12.2.77.8252.03050114141207061001080502130215,0.023032300174236298,4,160.0,112.0
1.2.643.5.1.13.13.12.2.77.8252.03050114141207061001080502130215,0.281873494386673,4,48.0,128.0
1.2.643.5.1.13.13.12.2.77.8252.03050114141207061001080502130215,0.5971835255622864,4,64.0,128.0
1.2.643.5.1.13.13.12.2.77.8252.03050114141207061001080502130215,0.686173141002655,4,80.0,128.0
1.2.643.5.1.13.13.12.2.77.8252.03050114141207061001080502130215,0.6829411387443542,4,96.0,128.0
1.2.643.5.1.13.13.12.2.77.8252.03050114141207061001080502130215,0.3799254596233368,4,112.0,128.0
1.2.643.5.1.13.13.12.2.77.8252.03050114141207061001080502130215,0.09485011547803879,4,128.0,128.0
1.2.643.5.1.13.13.12.2.77.8252.03050114141207061001080502130215,0.03860149532556534,4,144.0,128.0
1.2.643.5.1.13.13.12.2.77.8252.03050114141207061001080502130215,0.011624285019934177,4,160.0,128.0
1.2.643.5.1.13.13.12.2.77.8252.03050114141207061001080502130215,0.11207126826047897,4,48.0,144.0
1.2.643.5.1.13.13.12.2.77.8252.03050114141207061001080502130215,0.25228914618492126,4,64.0,144.0
1.2.643.5.1.13.13.12.2.77.8252.03050114141207061001080502130215,0.4363078474998474,4,80.0,144.0
1.2.643.5.1.13.13.12.2.77.8252.03050114141207061001080502130215,0.29446589946746826,4,96.0,144.0
1.2.643.5.1.13.13.12.2.77.8252.03050114141207061001080502130215,0.18513381481170654,4,112.0,144.0
1.2.643.5.1.13.13.12.2.77.8252.03050114141207061001080502130215,0.06349913030862808,4,128.0,144.0
1.2.643.5.1.13.13.12.2.77.8252.03050114141207061001080502130215,0.038969580084085464,4,144.0,144.0
1.2.643.5.1.13.13.12.2.77.8252.03050114141207061001080502130215,0.014270996674895287,4,160.0,144.0
1.2.643.5.1.13.13.12.2.77.8252.03050114141207061001080502130215,0.1060447096824646,4,176.0,224.0
1.2.643.5.1.13.13.12.2.77.8252.03050114141207061001080502130215,0.021703962236642838,4,240.0,192.0
1.2.643.5.1.13.13.12.2.77.8252.03050114141207061001080502130215,0.04663480818271637,4,96.0,224.0
1.2.643.5.1.13.13.12.2.77.8252.03050114141207061001080502130215,0.04231877624988556,4,252.0,112.0
1.2.643.5.1.13.13.12.2.77.8252.03050114141207061001080502130215,0.024334870278835297,4,192.0,192.0
1.2.643.5.1.13.13.12.2.77.8252.03050114141207061001080502130215,0.36443042755126953,4,208.0,64.0
1.2.643.5.1.13.13.12.2.77.8252.03050114141207061001080502130215,0.24434752762317657,4,224.0,80.0
1.2.643.5.1.13.13.12.2.77.8252.03050114141207061001080502130215,0.09553418308496475,4,208.0,96.0
1.2.643.5.1.13.13.12.2.77.8252.03050114141207061001080502130215,0.15674512088298798,4,208.0,208.0
1.2.643.5.1.13.13.12.2.77.8252.03050114141207061001080502130215,0.11538707464933395,4,252.0,80.0
1.2.643.5.1.13.13.12.2.77.8252.03050114141207061001080502130215,0.47911807894706726,4,224.0,48.0
1.2.643.5.1.13.13.12.2.77.8252.03050114141207061001080502130215,0.0431029312312603,4,240.0,128.0
1.2.643.5.1.13.13.12.2.77.8252.03050114141207061001080502130215,0.15344391763210297,4,240.0,80.0
1.2.643.5.1.13.13.12.2.77.8252.03050114141207061001080502130215,0.056421730667352676,4,144.0,208.0
1.2.643.5.1.13.13.12.2.77.8252.03050114141207061001080502130215,0.03550432622432709,4,112.0,208.0
1.2.643.5.1.13.13.12.2.77.8252.03050114141207061001080502130215,0.12269499897956848,4,64.0,239.0
1.2.643.5.1.13.13.12.2.77.8252.03050114141207061001080502130215,0.05251709744334221,4,128.0,224.0
1.2.643.5.1.13.13.12.2.77.8252.03050114141207061001080502130215,0.10230427235364914,4,80.0,208.0
1.2.643.5.1.13.13.12.2.77.8252.03050114141207061001080502130215,0.10041282325983047,4,144.0,224.0
1.2.643.5.1.13.13.12.2.77.8252.03050114141207061001080502130215,0.20844049751758575,4,224.0,208.0
1.2.643.5.1.13.13.12.2.77.8252.03050114141207061001080502130215,0.04761466756463051,4,240.0,112.0
1.2.643.5.1.13.13.12.2.77.8252.03050114141207061001080502130215,0.021686242893338203,4,48.0,192.0
1.2.643.5.1.13.13.12.2.77.8252.03050114141207061001080502130215,0.1188468188047409,4,224.0,192.0
1.2.643.5.1.13.13.12.2.77.8252.03050114141207061001080502130215,0.03891685977578163,4,48.0,224.0
1.2.643.5.1.13.13.12.2.77.8252.03050114141207061001080502130215,0.046655479818582535,4,64.0,224.0
1.2.643.5.1.13.13.12.2.77.8252.03050114141207061001080502130215,0.04074500501155853,4,252.0,239.0
1.2.643.5.1.13.13.12.2.77.8252.03050114141207061001080502130215,0.21433302760124207,4,224.0,224.0
1.2.643.5.1.13.13.12.2.77.8252.03050114141207061001080502130215,0.01985388807952404,4,208.0,160.0
1.2.643.5.1.13.13.12.2.77.8252.03050114141207061001080502130215,0.0803096815943718,4,48.0,239.0
1.2.643.5.1.13.13.12.2.77.8252.03050114141207061001080502130215,0.025660891085863113,4,48.0,208.0
1.2.643.5.1.13.13.12.2.77.8252.03050114141207061001080502130215,0.0389152392745018,4,252.0,128.0
1.2.643.5.1.13.13.12.2.77.8252.03050114141207061001080502130215,0.0342920683324337,4,208.0,144.0
1.2.643.5.1.13.13.12.2.77.8252.03050114141207061001080502130215,0.0567048117518425,4,192.0,208.0
1.2.643.5.1.13.13.12.2.77.8252.03050114141207061001080502130215,0.2739752531051636,4,224.0,239.0
1.2.643.5.1.13.13.12.2.77.8252.03050114141207061001080502130215,0.344793438911438,4,224.0,64.0
1.2.643.5.1.13.13.12.2.77.8252.03050114141207061001080502130215,0.12679541110992432,4,160.0,224.0
1.2.643.5.1.13.13.12.2.77.8252.03050114141207061001080502130215,0.051486652344465256,4,240.0,239.0
1.2.643.5.1.13.13.12.2.77.8252.03050114141207061001080502130215,0.266338974237442,4,192.0,239.0
1.2.643.5.1.13.13.12.2.77.8252.03050114141207061001080502130215,0.06996971368789673,4,252.0,96.0
1.2.643.5.1.13.13.12.2.77.8252.03050114141207061001080502130215,0.06613610684871674,4,208.0,192.0
1.2.643.5.1.13.13.12.2.77.8252.13140203110104081414101201001405,0.012294717133045197,4,160.0,144.0
1.2.643.5.1.13.13.12.2.77.8252.13140203110104081414101201001405,0.021859988570213318,4,192.0,208.0
1.2.643.5.1.13.13.12.2.77.8252.13140203110104081414101201001405,0.008642301894724369,4,96.0,160.0
1.2.643.5.1.13.13.12.2.77.8252.13140203110104081414101201001405,0.0171199943870306,4,160.0,208.0
1.2.643.5.1.13.13.12.2.77.8252.13140203110104081414101201001405,0.07513048499822617,4,48.0,144.0
1.2.643.5.1.13.13.12.2.77.8252.13140203110104081414101201001405,0.03144849091768265,4,176.0,176.0
1.2.643.5.1.13.13.12.2.77.8252.13140203110104081414101201001405,0.029208414256572723,4,176.0,160.0
1.2.643.5.1.13.13.12.2.77.8252.13140203110104081414101201001405,0.021364958956837654,4,252.0,160.0
1.2.643.5.1.13.13.12.2.77.8252.13140203110104081414101201001405,0.2389415204524994,4,48.0,80.0
1.2.643.5.1.13.13.12.2.77.8252.13140203110104081414101201001405,0.08713266253471375,4,240.0,240.0
1.2.643.5.1.13.13.12.2.77.8252.13140203110104081414101201001405,0.07883833348751068,4,192.0,48.0
1.2.643.5.1.13.13.12.2.77.8252.13140203110104081414101201001405,0.00977372657507658,4,128.0,224.0
1.2.643.5.1.13.13.12.2.77.8252.13140203110104081414101201001405,0.01541817281395197,4,160.0,160.0
1.2.643.5.1.13.13.12.2.77.8252.13140203110104081414101201001405,0.051536597311496735,4,48.0,192.0
1.2.643.5.1.13.13.12.2.77.8252.13140203110104081414101201001405,0.017348509281873703,4,176.0,96.0
1.2.643.5.1.13.13.12.2.77.8252.13140203110104081414101201001405,0.06316675245761871,4,176.0,48.0
1.2.643.5.1.13.13.12.2.77.8252.13140203110104081414101201001405,0.02124503068625927,4,224.0,128.0
1.2.643.5.1.13.13.12.2.77.8252.13140203110104081414101201001405,0.049059294164180756,4,160.0,48.0
1.2.643.5.1.13.13.12.2.77.8252.13140203110104081414101201001405,0.02214990183711052,4,240.0,192.0
1.2.643.5.1.13.13.12.2.77.8252.13140203110104081414101201001405,0.020815415307879448,4,224.0,144.0
1.2.643.5.1.13.13.12.2.77.8252.13140203110104081414101201001405,0.28385159373283386,4,48.0,48.0
1.2.643.5.1.13.13.12.2.77.8252.13140203110104081414101201001405,0.05065402388572693,4,64.0,80.0
1.2.643.5.1.13.13.12.2.77.8252.13140203110104081414101201001405,0.03637633100152016,4,208.0,64.0
1.2.643.5.1.13.13.12.2.77.8252.13140203110104081414101201001405,0.01494912151247263,4,64.0,192.0
1.2.643.5.1.13.13.12.2.77.8252.13140203110104081414101201001405,0.03838678449392319,4,64.0,240.0
1.2.643.5.1.13.13.12.2.77.8252.13140203110104081414101201001405,0.01998576708137989,4,224.0,176.0
1.2.643.5.1.13.13.12.2.77.8252.13140203110104081414101201001405,0.022844940423965454,4,176.0,208.0
1.2.643.5.1.13.13.12.2.77.8252.13140203110104081414101201001405,0.04981590062379837,4,208.0,243.0
1.2.643.5.1.13.13.12.2.77.8252.13140203110104081414101201001405,0.010035811923444271,4,160.0,96.0
1.2.643.5.1.13.13.12.2.77.8252.13140203110104081414101201001405,0.023158112540841103,4,96.0,224.0
1.2.643.5.1.13.13.12.2.77.8252.13140203110104081414101201001405,0.02418965846300125,4,240.0,96.0
1.2.643.5.1.13.13.12.2.77.8252.13140203110104081414101201001405,0.009013845585286617,4,160.0,240.0
1.2.643.5.1.13.13.12.2.77.8252.13140203110104081414101201001405,0.05111785605549812,4,48.0,160.0
1.2.643.5.1.13.13.12.2.77.8252.13140203110104081414101201001405,0.02246290072798729,4,192.0,240.0
1.2.643.5.1.13.13.12.2.77.8252.13140203110104081414101201001405,0.010408627800643444,4,144.0,192.0
1.2.643.5.1.13.13.12.2.77.8252.13140203110104081414101201001405,0.09823032468557358,4,224.0,240.0
1.2.643.5.1.13.13.12.2.77.8252.13140203110104081414101201001405,0.024810364469885826,4,224.0,48.0
1.2.643.5.1.13.13.12.2.77.8252.13140203110104081414101201001405,0.016038890928030014,4,96.0,128.0
1.2.643.5.1.13.13.12.2.77.8252.13140203110104081414101201001405,0.006525382865220308,4,128.0,128.0
1.2.643.5.1.13.13.12.2.77.8252.13140203110104081414101201001405,0.013024160638451576,4,160.0,80.0
1.2.643.5.1.13.13.12.2.77.8252.12031311070507060813050800031313,0.903203010559082,4,33.5,57.5
1.2.643.5.1.13.13.12.2.77.8252.12031311070507060813050800031313,0.009124279022216797,4,176.0,208.0
1.2.643.5.1.13.13.12.2.77.8252.12031311070507060813050800031313,0.04892992228269577,4,176.0,96.0
1.2.643.5.1.13.13.12.2.77.8252.12031311070507060813050800031313,0.06434180587530136,4,160.0,64.0
1.2.643.5.1.13.13.12.2.77.8252.12031311070507060813050800031313,0.11061830073595047,4,96.0,80.0
1.2.643.5.1.13.13.12.2.77.8252.12031311070507060813050800031313,0.06331972777843475,4,80.0,144.0
1.2.643.5.1.13.13.12.2.77.8252.12031311070507060813050800031313,0.26144134998321533,4,208.0,80.0
1.2.643.5.1.13.13.12.2.77.8252.12031311070507060813050800031313,0.021228216588497162,4,80.0,192.0
1.2.643.5.1.13.13.12.2.77.8252.12031311070507060813050800031313,0.5535517334938049,4,224.0,48.0
1.2.643.5.1.13.13.12.2.77.8252.12031311070507060813050800031313,0.02120705135166645,4,192.0,144.0
1.2.643.5.1.13.13.12.2.77.8252.12031311070507060813050800031313,0.047328513115644455,4,224.0,240.0
1.2.643.5.1.13.13.12.2.77.8252.12031311070507060813050800031313,0.04649440571665764,4,48.0,241.0
1.2.643.5.1.13.13.12.2.77.8252.12031311070507060813050800031313,0.1347622126340866,4,48.0,128.0
1.2.643.5.1.13.13.12.2.77.8252.12031311070507060813050800031313,0.09820730239152908,4,224.0,144.0
1.2.643.5.1.13.13.12.2.77.8252.12031311070507060813050800031313,0.025430137291550636,4,240.0,176.0
1.2.643.5.1.13.13.12.2.77.8252.12031311070507060813050800031313,0.1072898805141449,4,240.0,241.0
1.2.643.5.1.13.13.12.2.77.8252.12031311070507060813050800031313,0.018235452473163605,4,96.0,224.0
1.2.643.5.1.13.13.12.2.77.8252.12031311070507060813050800031313,0.04400850832462311,4,112.0,240.0
1.2.643.5.1.13.13.12.2.77.8252.12031311070507060813050800031313,0.07169782370328903,4,224.0,160.0
1.2.643.5.1.13.13.12.2.77.8252.12031311070507060813050800031313,0.013797103427350521,4,208.0,192.0
1.2.643.5.1.13.13.12.2.77.8252.12031311070507060813050800031313,0.08690133690834045,4,96.0,128.0
1.2.643.5.1.13.13.12.2.77.8252.12031311070507060813050800031313,0.029124369844794273,4,48.0,224.0
1.2.643.5.1.13.13.12.2.77.8252.12031311070507060813050800031313,0.060555074363946915,4,112.0,48.0
1.2.643.5.1.13.13.12.2.77.8252.12031311070507060813050800031313,0.45641815662384033,4,240.0,96.0
1.2.643.5.1.13.13.12.2.77.8252.12031311070507060813050800031313,0.045974716544151306,4,48.0,240.0
1.2.643.5.1.13.13.12.2.77.8252.12031311070507060813050800031313,0.04104653373360634,4,96.0,160.0
1.2.643.5.1.13.13.12.2.77.8252.12031311070507060813050800031313,0.1841966211795807,4,224.0,128.0
1.2.643.5.1.13.13.12.2.77.8252.12031311070507060813050800031313,0.020937563851475716,4,128.0,112.0
1.2.643.5.1.13.13.12.2.77.8252.12031311070507060813050800031313,0.05613596364855766,4,144.0,64.0
1.2.643.5.1.13.13.12.2.77.8252.12031311070507060813050800031313,0.010902635753154755,4,192.0,176.0
1.2.643.5.1.13.13.12.2.77.8252.12031311070507060813050800031313,0.017521586269140244,4,208.0,241.0
1.2.643.5.1.13.13.12.2.77.8252.12031311070507060813050800031313,0.009576823562383652,4,128.0,176.0
1.2.643.5.1.13.13.12.2.77.8252.12031311070507060813050800031313,0.008562842383980751,4,208.0,208.0
1.2.643.5.1.13.13.12.2.77.8252.12031311070507060813050800031313,0.2866491377353668,4,252.0,112.0
1.2.643.5.1.13.13.12.2.77.8252.12031311070507060813050800031313,0.028367754071950912,4,96.0,192.0
1.2.643.5.1.13.13.12.2.77.8252.12031311070507060813050800031313,0.7133784890174866,4,240.0,48.0
1.2.643.5.1.13.13.12.2.77.8252.12031311070507060813050800031313,0.004047971684485674,4,160.0,176.0
1.2.643.5.1.13.13.12.2.77.8252.12031311070507060813050800031313,0.007803270127624273,4,128.0,208.0
1.2.643.5.1.13.13.12.2.77.8252.12031311070507060813050800031313,0.02549196593463421,4,112.0,192.0
1.2.643.5.1.13.13.12.2.77.8252.12031311070507060813050800031313,0.014920085668563843,4,128.0,144.0
1.2.643.5.1.13.13.12.2.77.8252.12031311070507060813050800031313,0.04379703477025032,4,48.0,160.0
1.2.643.5.1.13.13.12.2.77.8252.10051211011505050506141504040101,0.044907812029123306,4,160.0,48.0
1.2.643.5.1.13.13.12.2.77.8252.10051211011505050506141504040101,0.08331136405467987,4,252.0,128.0
1.2.643.5.1.13.13.12.2.77.8252.10051211011505050506141504040101,0.09932154417037964,4,240.0,208.0
1.2.643.5.1.13.13.12.2.77.8252.10051211011505050506141504040101,0.0886809229850769,4,128.0,128.0
1.2.643.5.1.13.13.12.2.77.8252.10051211011505050506141504040101,0.34180325269699097,4,224.0,96.0
1.2.643.5.1.13.13.12.2.77.8252.10051211011505050506141504040101,0.00833970494568348,4,176.0,192.0
1.2.643.5.1.13.13.12.2.77.8252.10051211011505050506141504040101,0.35631969571113586,4,80.0,112.0
1.2.643.5.1.13.13.12.2.77.8252.10051211011505050506141504040101,0.3506045639514923,4,128.0,80.0
1.2.643.5.1.13.13.12.2.77.8252.10051211011505050506141504040101,0.025865310803055763,4,112.0,176.0
1.2.643.5.1.13.13.12.2.77.8252.10051211011505050506141504040101,0.024851489812135696,4,192.0,160.0
1.2.643.5.1.13.13.12.2.77.8252.10051211011505050506141504040101,0.022281605750322342,4,48.0,224.0
1.2.643.5.1.13.13.12.2.77.8252.10051211011505050506141504040101,0.04260173439979553,4,80.0,240.0
1.2.643.5.1.13.13.12.2.77.8252.10051211011505050506141504040101,0.2566874027252197,4,48.0,80.0
1.2.643.5.1.13.13.12.2.77.8252.10051211011505050506141504040101,0.03451280668377876,4,224.0,243.0
1.2.643.5.1.13.13.12.2.77.8252.10051211011505050506141504040101,0.16902345418930054,4,144.0,64.0
1.2.643.5.1.13.13.12.2.77.8252.10051211011505050506141504040101,0.18577156960964203,4,208.0,48.0
1.2.643.5.1.13.13.12.2.77.8252.10051211011505050506141504040101,0.39330539107322693,4,176.0,96.0
1.2.643.5.1.13.13.12.2.77.8252.10051211011505050506141504040101,0.24121680855751038,4,48.0,48.0
1.2.643.5.1.13.13.12.2.77.8252.10051211011505050506141504040101,0.013162394985556602,4,192.0,224.0
1.2.643.5.1.13.13.12.2.77.8252.10051211011505050506141504040101,0.004044925794005394,4,160.0,224.0
1.2.643.5.1.13.13.12.2.77.8252.10051211011505050506141504040101,0.06764457374811172,4,64.0,243.0
1.2.643.5.1.13.13.12.2.77.8252.10051211011505050506141504040101,0.020968277007341385,4,192.0,240.0
1.2.643.5.1.13.13.12.2.77.8252.10051211011505050506141504040101,0.07133812457323074,4,64.0,144.0
1.2.643.5.1.13.13.12.2.77.8252.10051211011505050506141504040101,0.040864598006010056,4,48.0,160.0
1.2.643.5.1.13.13.12.2.77.8252.10051211011505050506141504040101,0.11185884475708008,4,208.0,112.0
1.2.643.5.1.13.13.12.2.77.8252.10051211011505050506141504040101,0.00605842936784029,4,144.0,208.0
1.2.643.5.1.13.13.12.2.77.8252.10051211011505050506141504040101,0.11599302291870117,4,144.0,128.0
1.2.643.5.1.13.13.12.2.77.8252.10051211011505050506141504040101,0.026721235364675522,4,224.0,208.0
1.2.643.5.1.13.13.12.2.77.8252.10051211011505050506141504040101,0.007922129705548286,4,144.0,224.0
1.2.643.5.1.13.13.12.2.77.8252.10051211011505050506141504040101,0.02897993102669716,4,96.0,224.0
1.2.643.5.1.13.13.12.2.77.8252.10051211011505050506141504040101,0.00522848404943943,4,144.0,243.0
1.2.643.5.1.13.13.12.2.77.8252.10051211011505050506141504040101,0.019128965213894844,4,96.0,240.0
1.2.643.5.1.13.13.12.2.77.8252.10051211011505050506141504040101,0.02238939329981804,4,192.0,243.0
1.2.643.5.1.13.13.12.2.77.8252.10051211011505050506141504040101,0.03103659674525261,4,144.0,144.0
1.2.643.5.1.13.13.12.2.77.8252.10051211011505050506141504040101,0.01145744975656271,4,144.0,192.0
1.2.643.5.1.13.13.12.2.77.8252.10051211011505050506141504040101,0.05619107186794281,4,144.0,48.0
1.2.643.5.1.13.13.12.2.77.8252.10051211011505050506141504040101,0.4625973105430603,4,240.0,48.0
1.2.643.5.1.13.13.12.2.77.8252.10051211011505050506141504040101,0.05740509182214737,4,252.0,243.0
1.2.643.5.1.13.13.12.2.77.8252.10051211011505050506141504040101,0.08847621828317642,4,96.0,144.0
1.2.643.5.1.13.13.12.2.77.8252.10051211011505050506141504040101,0.08964056521654129,4,240.0,243.0
1.2.643.5.1.13.13.12.2.77.8252.07120809010109050202061111011110,0.30165132880210876,4,275.5,276.0
1.2.643.5.1.13.13.12.2.77.8252.07120809010109050202061111011110,0.23077255487442017,4,128.5,16.5
1.2.643.5.1.13.13.12.2.77.8252.07120809010109050202061111011110,0.582496166229248,4,131.5,40.5
1.2.643.5.1.13.13.12.2.77.8252.07120809010109050202061111011110,0.2809670865535736,4,96.0,48.0
1.2.643.5.1.13.13.12.2.77.8252.07120809010109050202061111011110,0.36441344022750854,4,112.0,48.0
1.2.643.5.1.13.13.12.2.77.8252.07120809010109050202061111011110,0.44377002120018005,4,128.0,48.0
1.2.643.5.1.13.13.12.2.77.8252.07120809010109050202061111011110,0.49586713314056396,4,144.0,48.0
1.2.643.5.1.13.13.12.2.77.8252.07120809010109050202061111011110,0.6793786883354187,4,160.0,48.0
1.2.643.5.1.13.13.12.2.77.8252.07120809010109050202061111011110,0.7001217603683472,4,176.0,48.0
1.2.643.5.1.13.13.12.2.77.8252.07120809010109050202061111011110,0.3816336989402771,4,96.0,64.0
1.2.643.5.1.13.13.12.2.77.8252.07120809010109050202061111011110,0.3911225199699402,4,112.0,64.0
1.2.643.5.1.13.13.12.2.77.8252.07120809010109050202061111011110,0.37853458523750305,4,128.0,64.0
1.2.643.5.1.13.13.12.2.77.8252.07120809010109050202061111011110,0.4095923900604248,4,144.0,64.0
1.2.643.5.1.13.13.12.2.77.8252.07120809010109050202061111011110,0.5398693084716797,4,160.0,64.0
1.2.643.5.1.13.13.12.2.77.8252.07120809010109050202061111011110,0.402133047580719,4,176.0,64.0
1.2.643.5.1.13.13.12.2.77.8252.07120809010109050202061111011110,0.34001684188842773,4,96.0,80.0
1.2.643.5.1.13.13.12.2.77.8252.07120809010109050202061111011110,0.3231426477432251,4,112.0,80.0
1.2.643.5.1.13.13.12.2.77.8252.07120809010109050202061111011110,0.3834521472454071,4,128.0,80.0
1.2.643.5.1.13.13.12.2.77.8252.07120809010109050202061111011110,0.4035743772983551,4,144.0,80.0
1.2.643.5.1.13.13.12.2.77.8252.07120809010109050202061111011110,0.5106083154678345,4,160.0,80.0
1.2.643.5.1.13.13.12.2.77.8252.07120809010109050202061111011110,0.3902619183063507,4,176.0,80.0
1.2.643.5.1.13.13.12.2.77.8252.07120809010109050202061111011110,0.17389987409114838,4,240.0,240.0
1.2.643.5.1.13.13.12.2.77.8252.07120809010109050202061111011110,0.17412926256656647,4,252.0,240.0
1.2.643.5.1.13.13.12.2.77.8252.07120809010109050202061111011110,0.2672940492630005,4,240.0,256.0
1.2.643.5.1.13.13.12.2.77.8252.07120809010109050202061111011110,0.2697605490684509,4,252.0,256.0
1.2.643.5.1.13.13.12.2.77.8252.07120809010109050202061111011110,0.3327004909515381,4,240.0,267.0
1.2.643.5.1.13.13.12.2.77.8252.07120809010109050202061111011110,0.32808876037597656,4,252.0,267.0
1.2.643.5.1.13.13.12.2.77.8252.07120809010109050202061111011110,0.28888192772865295,4,48.0,112.0
1.2.643.5.1.13.13.12.2.77.8252.07120809010109050202061111011110,0.025129638612270355,4,252.0,144.0
1.2.643.5.1.13.13.12.2.77.8252.07120809010109050202061111011110,0.12074863910675049,4,128.0,192.0
1.2.643.5.1.13.13.12.2.77.8252.07120809010109050202061111011110,0.10718616843223572,4,208.0,128.0
1.2.643.5.1.13.13.12.2.77.8252.07120809010109050202061111011110,0.11321492493152618,4,176.0,128.0
1.2.643.5.1.13.13.12.2.77.8252.07120809010109050202061111011110,0.04734189808368683,4,48.0,240.0
1.2.643.5.1.13.13.12.2.77.8252.07120809010109050202061111011110,0.0495130755007267,4,160.0,240.0
1.2.643.5.1.13.13.12.2.77.8252.07120809010109050202061111011110,0.061140358448028564,4,224.0,96.0
1.2.643.5.1.13.13.12.2.77.8252.07120809010109050202061111011110,0.06756478548049927,4,176.0,144.0
1.2.643.5.1.13.13.12.2.77.8252.07120809010109050202061111011110,0.030700530856847763,4,224.0,128.0
1.2.643.5.1.13.13.12.2.77.8252.07120809010109050202061111011110,0.20240747928619385,4,112.0,160.0
1.2.643.5.1.13.13.12.2.77.8252.07120809010109050202061111011110,0.10758325457572937,4,224.0,80.0
1.2.643.5.1.13.13.12.2.77.8252.07120809010109050202061111011110,0.022279387339949608,4,240.0,176.0
1.2.643.5.1.13.13.12.2.77.8252.07120809010109050202061111011110,0.1428953856229782,4,48.0,160.0
1.2.643.5.1.13.13.12.2.77.8252.07120809010109050202061111011110,0.05140802264213562,4,160.0,224.0
1.2.643.5.1.13.13.12.2.77.8252.07120809010109050202061111011110,0.040295567363500595,4,252.0,64.0
1.2.643.5.1.13.13.12.2.77.8252.07120809010109050202061111011110,0.0612252801656723,4,240.0,64.0
1.2.643.5.1.13.13.12.2.77.8252.07120809010109050202061111011110,0.0784735232591629,4,160.0,176.0
1.2.643.5.1.13.13.12.2.77.8252.07120809010109050202061111011110,0.22935688495635986,4,112.0,144.0
1.2.643.5.1.13.13.12.2.77.8252.07120809010109050202061111011110,0.02791833132505417,4,96.0,240.0
1.2.643.5.1.13.13.12.2.77.8252.07120809010109050202061111011110,0.4179508686065674,4,80.0,128.0
1.2.643.5.1.13.13.12.2.77.8252.07120809010109050202061111011110,0.04641720652580261,4,80.0,256.0
1.2.643.5.1.13.13.12.2.77.8252.07120809010109050202061111011110,0.016047915443778038,4,112.0,256.0
1.2.643.5.1.13.13.12.2.77.8252.07120809010109050202061111011110,0.1038137748837471,4,96.0,176.0
1.2.643.5.1.13.13.12.2.77.8252.07120809010109050202061111011110,0.026428353041410446,4,128.0,256.0
1.2.643.5.1.13.13.12.2.77.8252.07120809010109050202061111011110,0.03039400838315487,4,240.0,96.0
1.2.643.5.1.13.13.12.2.77.8252.07120809010109050202061111011110,0.2478998303413391,4,128.0,128.0
1.2.643.5.1.13.13.12.2.77.8252.07120809010109050202061111011110,0.05681125447154045,4,80.0,267.0
1.2.643.5.1.13.13.12.2.77.8252.07120809010109050202061111011110,0.17736181616783142,4,128.0,160.0
1.2.643.5.1.13.13.12.2.77.8252.07120809010109050202061111011110,0.076586052775383,4,208.0,144.0
1.2.643.5.1.13.13.12.2.77.8252.07120809010109050202061111011110,0.10850705206394196,4,144.0,224.0
1.2.643.5.1.13.13.12.2.77.8252.07120809010109050202061111011110,0.028436489403247833,4,252.0,80.0
1.2.643.5.1.13.13.12.2.77.8252.07120809010109050202061111011110,0.04538960009813309,4,192.0,208.0
1.2.643.5.1.13.13.12.2.77.8252.07120809010109050202061111011110,0.15268166363239288,4,48.0,144.0
1.2.643.5.1.13.13.12.2.77.8252.07120809010109050202061111011110,0.22901548445224762,4,96.0,128.0
1.2.643.5.1.13.13.12.2.77.8252.07120809010109050202061111011110,0.08155621588230133,4,96.0,192.0
1.2.643.5.1.13.13.12.2.77.8252.07120809010109050202061111011110,0.02220909297466278,4,252.0,192.0
1.2.643.5.1.13.13.12.2.77.8252.07120809010109050202061111011110,0.02124067395925522,4,128.0,267.0
1.2.643.5.1.13.13.12.2.77.8252.07120809010109050202061111011110,0.17032021284103394,4,144.0,144.0
1.2.643.5.1.13.13.12.2.77.8252.07120809010109050202061111011110,0.03625756874680519,4,176.0,192.0
1.2.643.5.1.13.13.12.2.77.8252.01091510011014070612050311031410,0.03043978288769722,4,64.0,176.0
1.2.643.5.1.13.13.12.2.77.8252.01091510011014070612050311031410,0.05453307926654816,4,48.0,48.0
1.2.643.5.1.13.13.12.2.77.8252.01091510011014070612050311031410,0.04366704821586609,4,80.0,128.0
1.2.643.5.1.13.13.12.2.77.8252.01091510011014070612050311031410,0.0034867047797888517,4,176.0,241.0
1.2.643.5.1.13.13.12.2.77.8252.01091510011014070612050311031410,0.08158858120441437,4,224.0,64.0
1.2.643.5.1.13.13.12.2.77.8252.01091510011014070612050311031410,0.02980831451714039,4,176.0,96.0
1.2.643.5.1.13.13.12.2.77.8252.01091510011014070612050311031410,0.06938247382640839,4,64.0,208.0
1.2.643.5.1.13.13.12.2.77.8252.01091510011014070612050311031410,0.11963716894388199,4,252.0,241.0
1.2.643.5.1.13.13.12.2.77.8252.01091510011014070612050311031410,0.040176812559366226,4,48.0,208.0
1.2.643.5.1.13.13.12.2.77.8252.01091510011014070612050311031410,0.016075367107987404,4,112.0,240.0
1.2.643.5.1.13.13.12.2.77.8252.01091510011014070612050311031410,0.06883646547794342,4,224.0,144.0
1.2.643.5.1.13.13.12.2.77.8252.01091510011014070612050311031410,0.009603600017726421,4,176.0,160.0
1.2.643.5.1.13.13.12.2.77.8252.01091510011014070612050311031410,0.04461505264043808,4,192.0,80.0
1.2.643.5.1.13.13.12.2.77.8252.01091510011014070612050311031410,0.03200220316648483,4,224.0,241.0
1.2.643.5.1.13.13.12.2.77.8252.01091510011014070612050311031410,0.027491552755236626,4,96.0,224.0
1.2.643.5.1.13.13.12.2.77.8252.01091510011014070612050311031410,0.07866225391626358,4,224.0,80.0
1.2.643.5.1.13.13.12.2.77.8252.01091510011014070612050311031410,0.037617746740579605,4,192.0,96.0
1.2.643.5.1.13.13.12.2.77.8252.01091510011014070612050311031410,0.034568868577480316,4,64.0,80.0
1.2.643.5.1.13.13.12.2.77.8252.01091510011014070612050311031410,0.0655871257185936,4,144.0,64.0
1.2.643.5.1.13.13.12.2.77.8252.01091510011014070612050311031410,0.0808151513338089,4,80.0,192.0
1.2.643.5.1.13.13.12.2.77.8252.01091510011014070612050311031410,0.009600321762263775,4,160.0,192.0
1.2.643.5.1.13.13.12.2.77.8252.01091510011014070612050311031410,0.06323396414518356,4,144.0,80.0
1.2.643.5.1.13.13.12.2.77.8252.01091510011014070612050311031410,0.03191336244344711,4,112.0,128.0
1.2.643.5.1.13.13.12.2.77.8252.01091510011014070612050311031410,0.06672491133213043,4,112.0,64.0
1.2.643.5.1.13.13.12.2.77.8252.01091510011014070612050311031410,0.0650605708360672,4,208.0,176.0
1.2.643.5.1.13.13.12.2.77.8252.01091510011014070612050311031410,0.06541605293750763,4,80.0,240.0
1.2.643.5.1.13.13.12.2.77.8252.01091510011014070612050311031410,0.029158450663089752,4,48.0,192.0
1.2.643.5.1.13.13.12.2.77.8252.01091510011014070612050311031410,0.059722356498241425,4,80.0,160.0
1.2.643.5.1.13.13.12.2.77.8252.01091510011014070612050311031410,0.019443228840827942,4,192.0,192.0
1.2.643.5.1.13.13.12.2.77.8252.01091510011014070612050311031410,0.06502745300531387,4,80.0,241.0
1.2.643.5.1.13.13.12.2.77.8252.01091510011014070612050311031410,0.024942850694060326,4,64.0,96.0
1.2.643.5.1.13.13.12.2.77.8252.01091510011014070612050311031410,0.043832696974277496,4,80.0,112.0
1.2.643.5.1.13.13.12.2.77.8252.01091510011014070612050311031410,0.1038585975766182,4,48.0,241.0
1.2.643.5.1.13.13.12.2.77.8252.01091510011014070612050311031410,0.05321735516190529,4,176.0,80.0
1.2.643.5.1.13.13.12.2.77.8252.01091510011014070612050311031410,0.09127886593341827,4,208.0,48.0
1.2.643.5.1.13.13.12.2.77.8252.01091510011014070612050311031410,0.01187498401850462,4,160.0,160.0
1.2.643.5.1.13.13.12.2.77.8252.01091510011014070612050311031410,0.02061902917921543,4,192.0,112.0
1.2.643.5.1.13.13.12.2.77.8252.01091510011014070612050311031410,0.12287353724241257,4,64.0,224.0
1.2.643.5.1.13.13.12.2.77.8252.01091510011014070612050311031410,0.05206410586833954,4,128.0,80.0
1.2.643.5.1.13.13.12.2.77.8252.01091510011014070612050311031410,0.022656656801700592,4,208.0,241.0
1.2.643.5.1.13.13.12.2.77.8252.08001013010106001102020015031109,0.1434706151485443,4,192.0,112.0
1.2.643.5.1.13.13.12.2.77.8252.08001013010106001102020015031109,0.04991465061903,4,208.0,240.0
1.2.643.5.1.13.13.12.2.77.8252.08001013010106001102020015031109,0.008925043046474457,4,160.0,144.0
1.2.643.5.1.13.13.12.2.77.8252.08001013010106001102020015031109,0.017709286883473396,4,192.0,243.0
1.2.643.5.1.13.13.12.2.77.8252.08001013010106001102020015031109,0.6339634656906128,4,240.0,80.0
1.2.643.5.1.13.13.12.2.77.8252.08001013010106001102020015031109,0.021805793046951294,4,48.0,192.0
1.2.643.5.1.13.13.12.2.77.8252.08001013010106001102020015031109,0.7395259737968445,4,224.0,48.0
1.2.643.5.1.13.13.12.2.77.8252.08001013010106001102020015031109,0.00479342183098197,4,144.0,208.0
1.2.643.5.1.13.13.12.2.77.8252.08001013010106001102020015031109,0.026052353903651237,4,48.0,160.0
1.2.643.5.1.13.13.12.2.77.8252.08001013010106001102020015031109,0.6108636260032654,4,252.0,48.0
1.2.643.5.1.13.13.12.2.77.8252.08001013010106001102020015031109,0.022931378334760666,4,48.0,176.0
1.2.643.5.1.13.13.12.2.77.8252.08001013010106001102020015031109,0.1801997721195221,4,160.0,80.0
1.2.643.5.1.13.13.12.2.77.8252.08001013010106001102020015031109,0.0938538983464241,4,144.0,64.0
1.2.643.5.1.13.13.12.2.77.8252.08001013010106001102020015031109,0.015548128634691238,4,192.0,240.0
1.2.643.5.1.13.13.12.2.77.8252.08001013010106001102020015031109,0.19814875721931458,4,252.0,96.0
1.2.643.5.1.13.13.12.2.77.8252.08001013010106001102020015031109,0.0054603153839707375,4,128.0,208.0
1.2.643.5.1.13.13.12.2.77.8252.08001013010106001102020015031109,0.010563135147094727,4,112.0,208.0
1.2.643.5.1.13.13.12.2.77.8252.08001013010106001102020015031109,0.21142789721488953,4,48.0,96.0
1.2.643.5.1.13.13.12.2.77.8252.08001013010106001102020015031109,0.020601091906428337,4,96.0,240.0
1.2.643.5.1.13.13.12.2.77.8252.08001013010106001102020015031109,0.5179060101509094,4,224.0,80.0
1.2.643.5.1.13.13.12.2.77.8252.08001013010106001102020015031109,0.2430381029844284,4,80.0,80.0
1.2.643.5.1.13.13.12.2.77.8252.08001013010106001102020015031109,0.12832893431186676,4,240.0,144.0
1.2.643.5.1.13.13.12.2.77.8252.08001013010106001102020015031109,0.034973740577697754,4,48.0,224.0
1.2.643.5.1.13.13.12.2.77.8252.08001013010106001102020015031109,0.7057521343231201,4,240.0,48.0
1.2.643.5.1.13.13.12.2.77.8252.08001013010106001102020015031109,0.5880064964294434,4,192.0,64.0
1.2.643.5.1.13.13.12.2.77.8252.08001013010106001102020015031109,0.42146971821784973,4,176.0,64.0
1.2.643.5.1.13.13.12.2.77.8252.08001013010106001102020015031109,0.05818334221839905,4,48.0,128.0
1.2.643.5.1.13.13.12.2.77.8252.08001013010106001102020015031109,0.004088912159204483,4,144.0,243.0
1.2.643.5.1.13.13.12.2.77.8252.08001013010106001102020015031109,0.7284954786300659,4,224.0,64.0
1.2.643.5.1.13.13.12.2.77.8252.08001013010106001102020015031109,0.0941760316491127,4,48.0,240.0
1.2.643.5.1.13.13.12.2.77.8252.08001013010106001102020015031109,0.7741098403930664,4,240.0,64.0
1.2.643.5.1.13.13.12.2.77.8252.08001013010106001102020015031109,0.5037727355957031,4,176.0,48.0
1.2.643.5.1.13.13.12.2.77.8252.08001013010106001102020015031109,0.15391235053539276,4,96.0,64.0
1.2.643.5.1.13.13.12.2.77.8252.08001013010106001102020015031109,0.006133468355983496,4,128.0,160.0
1.2.643.5.1.13.13.12.2.77.8252.08001013010106001102020015031109,0.029253121465444565,4,252.0,160.0
1.2.643.5.1.13.13.12.2.77.8252.08001013010106001102020015031109,0.2281004935503006,4,128.0,48.0
1.2.643.5.1.13.13.12.2.77.8252.08001013010106001102020015031109,0.022217636927962303,4,252.0,192.0
1.2.643.5.1.13.13.12.2.77.8252.08001013010106001102020015031109,0.05939469859004021,4,64.0,144.0
1.2.643.5.1.13.13.12.2.77.8252.08001013010106001102020015031109,0.03397848457098007,4,224.0,208.0
1.2.643.5.1.13.13.12.2.77.8252.08001013010106001102020015031109,0.022293949499726295,4,80.0,192.0
1.2.643.5.1.13.13.12.2.77.8252.10070914150303091307080902000612,0.005202315282076597,4,143.5,95.0
1.2.643.5.1.13.13.12.2.77.8252.10070914150303091307080902000612,0.09617292881011963,4,112.0,48.0
1.2.643.5.1.13.13.12.2.77.8252.10070914150303091307080902000612,0.07449708133935928,4,128.0,48.0
1.2.643.5.1.13.13.12.2.77.8252.10070914150303091307080902000612,0.05997989699244499,4,144.0,48.0
1.2.643.5.1.13.13.12.2.77.8252.10070914150303091307080902000612,0.06525614857673645,4,160.0,48.0
1.2.643.5.1.13.13.12.2.77.8252.10070914150303091307080902000612,0.044722799211740494,4,96.0,64.0
1.2.643.5.1.13.13.12.2.77.8252.10070914150303091307080902000612,0.01780286431312561,4,112.0,64.0
1.2.643.5.1.13.13.12.2.77.8252.10070914150303091307080902000612,0.013154631480574608,4,128.0,64.0
1.2.643.5.1.13.13.12.2.77.8252.10070914150303091307080902000612,0.012693393044173717,4,144.0,64.0
1.2.643.5.1.13.13.12.2.77.8252.10070914150303091307080902000612,0.016568344086408615,4,160.0,64.0
1.2.643.5.1.13.13.12.2.77.8252.10070914150303091307080902000612,0.022006072103977203,4,176.0,64.0
1.2.643.5.1.13.13.12.2.77.8252.10070914150303091307080902000612,0.020007774233818054,4,96.0,80.0
1.2.643.5.1.13.13.12.2.77.8252.10070914150303091307080902000612,0.00737727340310812,4,112.0,80.0
1.2.643.5.1.13.13.12.2.77.8252.10070914150303091307080902000612,0.005671825259923935,4,128.0,80.0
1.2.643.5.1.13.13.12.2.77.8252.10070914150303091307080902000612,0.006007161922752857,4,144.0,80.0
1.2.643.5.1.13.13.12.2.77.8252.10070914150303091307080902000612,0.0070955450646579266,4,160.0,80.0
1.2.643.5.1.13.13.12.2.77.8252.10070914150303091307080902000612,0.011246554553508759,4,176.0,80.0
1.2.643.5.1.13.13.12.2.77.8252.10070914150303091307080902000612,0.015352332964539528,4,96.0,96.0
1.2.643.5.1.13.13.12.2.77.8252.10070914150303091307080902000612,0.005372945219278336,4,112.0,96.0
1.2.643.5.1.13.13.12.2.77.8252.10070914150303091307080902000612,0.004528128542006016,4,128.0,96.0
1.2.643.5.1.13.13.12.2.77.8252.10070914150303091307080902000612,0.005345179699361324,4,144.0,96.0
1.2.643.5.1.13.13.12.2.77.8252.10070914150303091307080902000612,0.004707735497504473,4,160.0,96.0
1.2.643.5.1.13.13.12.2.77.8252.10070914150303091307080902000612,0.007209641393274069,4,176.0,96.0
1.2.643.5.1.13.13.12.2.77.8252.10070914150303091307080902000612,0.02077244222164154,4,96.0,112.0
1.2.643.5.1.13.13.12.2.77.8252.10070914150303091307080902000612,0.0072348834946751595,4,112.0,112.0
1.2.643.5.1.13.13.12.2.77.8252.10070914150303091307080902000612,0.0051095313392579556,4,128.0,112.0
1.2.643.5.1.13.13.12.2.77.8252.10070914150303091307080902000612,0.006437206175178289,4,144.0,112.0
1.2.643.5.1.13.13.12.2.77.8252.10070914150303091307080902000612,0.005732994060963392,4,160.0,112.0
1.2.643.5.1.13.13.12.2.77.8252.10070914150303091307080902000612,0.007294486276805401,4,176.0,112.0
1.2.643.5.1.13.13.12.2.77.8252.10070914150303091307080902000612,0.005165000446140766,4,112.0,128.0
1.2.643.5.1.13.13.12.2.77.8252.10070914150303091307080902000612,0.003433600766584277,4,128.0,128.0
1.2.643.5.1.13.13.12.2.77.8252.10070914150303091307080902000612,0.004317825194448233,4,144.0,128.0
1.2.643.5.1.13.13.12.2.77.8252.10070914150303091307080902000612,0.00576143991202116,4,160.0,128.0
1.2.643.5.1.13.13.12.2.77.8252.10070914150303091307080902000612,0.008601617999374866,4,176.0,128.0
1.2.643.5.1.13.13.12.2.77.8252.10070914150303091307080902000612,0.04119456559419632,4,240.0,80.0
1.2.643.5.1.13.13.12.2.77.8252.10070914150303091307080902000612,0.019702767953276634,4,112.0,192.0
1.2.643.5.1.13.13.12.2.77.8252.10070914150303091307080902000612,0.05388839542865753,4,80.0,192.0
1.2.643.5.1.13.13.12.2.77.8252.10070914150303091307080902000612,0.02086317539215088,4,252.0,144.0
1.2.643.5.1.13.13.12.2.77.8252.10070914150303091307080902000612,0.02153487503528595,4,240.0,176.0
1.2.643.5.1.13.13.12.2.77.8252.10070914150303091307080902000612,0.0960371196269989,4,48.0,256.0
1.2.643.5.1.13.13.12.2.77.8252.10070914150303091307080902000612,0.024328451603651047,4,48.0,192.0
1.2.643.5.1.13.13.12.2.77.8252.10070914150303091307080902000612,0.02632489614188671,4,252.0,224.0
1.2.643.5.1.13.13.12.2.77.8252.10070914150303091307080902000612,0.02402563951909542,4,240.0,112.0
1.2.643.5.1.13.13.12.2.77.8252.10070914150303091307080902000612,0.3101583421230316,4,224.0,256.0
1.2.643.5.1.13.13.12.2.77.8252.10070914150303091307080902000612,0.02072329632937908,4,240.0,160.0
1.2.643.5.1.13.13.12.2.77.8252.10070914150303091307080902000612,0.14482726156711578,4,80.0,240.0
1.2.643.5.1.13.13.12.2.77.8252.10070914150303091307080902000612,0.057808320969343185,4,160.0,240.0
1.2.643.5.1.13.13.12.2.77.8252.10070914150303091307080902000612,0.24466192722320557,4,48.0,112.0
1.2.643.5.1.13.13.12.2.77.8252.10070914150303091307080902000612,0.03058508224785328,4,252.0,96.0
1.2.643.5.1.13.13.12.2.77.8252.10070914150303091307080902000612,0.4411700665950775,4,208.0,267.0
1.2.643.5.1.13.13.12.2.77.8252.10070914150303091307080902000612,0.11248284578323364,4,252.0,256.0
1.2.643.5.1.13.13.12.2.77.8252.10070914150303091307080902000612,0.012369783595204353,4,144.0,192.0
1.2.643.5.1.13.13.12.2.77.8252.10070914150303091307080902000612,0.014816606417298317,4,128.0,192.0
1.2.643.5.1.13.13.12.2.77.8252.10070914150303091307080902000612,0.04531422629952431,4,176.0,224.0
1.2.643.5.1.13.13.12.2.77.8252.10070914150303091307080902000612,0.19945713877677917,4,176.0,267.0
1.2.643.5.1.13.13.12.2.77.8252.10070914150303091307080902000612,0.07828414440155029,4,208.0,208.0
1.2.643.5.1.13.13.12.2.77.8252.10070914150303091307080902000612,0.1219637468457222,4,80.0,256.0
1.2.643.5.1.13.13.12.2.77.8252.10070914150303091307080902000612,0.14396148920059204,4,48.0,267.0
1.2.643.5.1.13.13.12.2.77.8252.10070914150303091307080902000612,0.04672575369477272,4,160.0,224.0
1.2.643.5.1.13.13.12.2.77.8252.10070914150303091307080902000612,0.0416073277592659,4,144.0,224.0
1.2.643.5.1.13.13.12.2.77.8252.10070914150303091307080902000612,0.051098816096782684,4,128.0,240.0
1.2.643.5.1.13.13.12.2.77.8252.10070914150303091307080902000612,0.06353463977575302,4,128.0,208.0
1.2.643.5.1.13.13.12.2.77.8252.10070914150303091307080902000612,0.15321962535381317,4,224.0,240.0
1.2.643.5.1.13.13.12.2.77.8252.10070914150303091307080902000612,0.01488899439573288,4,176.0,192.0
1.2.643.5.1.13.13.12.2.77.8252.10070914150303091307080902000612,0.026737958192825317,4,96.0,192.0
1.2.643.5.1.13.13.12.2.77.8252.10070914150303091307080902000612,0.08100114017724991,4,96.0,256.0
1.2.643.5.1.13.13.12.2.77.8252.10070914150303091307080902000612,0.04487251117825508,4,252.0,64.0
1.2.643.5.1.13.13.12.2.77.8252.10070914150303091307080902000612,0.09493083506822586,4,176.0,256.0
1.2.643.5.1.13.13.12.2.77.8252.10070914150303091307080902000612,0.06916309148073196,4,48.0,240.0
1.2.643.5.1.13.13.12.2.77.8252.10070914150303091307080902000612,0.2607705891132355,4,208.0,256.0
1.2.643.5.1.13.13.12.2.77.8252.10070914150303091307080902000612,0.040428146719932556,4,48.0,160.0
1.2.643.5.1.13.13.12.2.77.8252.10070914150303091307080902000612,0.04431736469268799,4,128.0,224.0
1.2.643.5.1.13.13.12.2.77.8252.10070914150303091307080902000612,0.054576676338911057,4,192.0,224.0
1.2.643.5.1.13.13.12.2.77.8252.10070914150303091307080902000612,0.04723406955599785,4,252.0,240.0
1.2.643.5.1.13.13.12.2.77.8252.04100315041404021215101114140602,0.026534028351306915,4,48.0,176.0
1.2.643.5.1.13.13.12.2.77.8252.04100315041404021215101114140602,0.02105576917529106,4,96.0,48.0
1.2.643.5.1.13.13.12.2.77.8252.04100315041404021215101114140602,0.006245087832212448,4,144.0,160.0
1.2.643.5.1.13.13.12.2.77.8252.04100315041404021215101114140602,0.014540265314280987,4,112.0,64.0
1.2.643.5.1.13.13.12.2.77.8252.04100315041404021215101114140602,0.15375596284866333,4,80.0,224.0
1.2.643.5.1.13.13.12.2.77.8252.04100315041404021215101114140602,0.03626714274287224,4,128.0,96.0
1.2.643.5.1.13.13.12.2.77.8252.04100315041404021215101114140602,0.006116035394370556,4,128.0,208.0
1.2.643.5.1.13.13.12.2.77.8252.04100315041404021215101114140602,0.3298957049846649,4,252.0,48.0
1.2.643.5.1.13.13.12.2.77.8252.04100315041404021215101114140602,0.22478541731834412,4,64.0,144.0
1.2.643.5.1.13.13.12.2.77.8252.04100315041404021215101114140602,0.09409956634044647,4,48.0,144.0
1.2.643.5.1.13.13.12.2.77.8252.04100315041404021215101114140602,0.1071779802441597,4,64.0,176.0
1.2.643.5.1.13.13.12.2.77.8252.04100315041404021215101114140602,0.05629490315914154,4,144.0,256.0
1.2.643.5.1.13.13.12.2.77.8252.04100315041404021215101114140602,0.055594637989997864,4,240.0,160.0
1.2.643.5.1.13.13.12.2.77.8252.04100315041404021215101114140602,0.003554340684786439,4,176.0,176.0
1.2.643.5.1.13.13.12.2.77.8252.04100315041404021215101114140602,0.0883212611079216,4,80.0,256.0
1.2.643.5.1.13.13.12.2.77.8252.04100315041404021215101114140602,0.03649081662297249,4,96.0,128.0
1.2.643.5.1.13.13.12.2.77.8252.04100315041404021215101114140602,0.11966588348150253,4,64.0,208.0
1.2.643.5.1.13.13.12.2.77.8252.04100315041404021215101114140602,0.01799570396542549,4,112.0,144.0
1.2.643.5.1.13.13.12.2.77.8252.04100315041404021215101114140602,0.08691612631082535,4,64.0,48.0
1.2.643.5.1.13.13.12.2.77.8252.04100315041404021215101114140602,0.06558671593666077,4,48.0,224.0
1.2.643.5.1.13.13.12.2.77.8252.04100315041404021215101114140602,0.12126532196998596,4,64.0,96.0
1.2.643.5.1.13.13.12.2.77.8252.04100315041404021215101114140602,0.02302195504307747,4,80.0,48.0
1.2.643.5.1.13.13.12.2.77.8252.04100315041404021215101114140602,0.020411090925335884,4,96.0,80.0
1.2.643.5.1.13.13.12.2.77.8252.04100315041404021215101114140602,0.05812527984380722,4,80.0,176.0
1.2.643.5.1.13.13.12.2.77.8252.04100315041404021215101114140602,0.6042096018791199,4,224.0,64.0
1.2.643.5.1.13.13.12.2.77.8252.04100315041404021215101114140602,0.038033802062273026,4,252.0,112.0
1.2.643.5.1.13.13.12.2.77.8252.04100315041404021215101114140602,0.021028533577919006,4,112.0,48.0
1.2.643.5.1.13.13.12.2.77.8252.04100315041404021215101114140602,0.06004753336310387,4,128.0,256.0
1.2.643.5.1.13.13.12.2.77.8252.04100315041404021215101114140602,0.15734563767910004,4,224.0,224.0
1.2.643.5.1.13.13.12.2.77.8252.04100315041404021215101114140602,0.03224799409508705,4,252.0,144.0
1.2.643.5.1.13.13.12.2.77.8252.04100315041404021215101114140602,0.07907840609550476,4,48.0,80.0
1.2.643.5.1.13.13.12.2.77.8252.04100315041404021215101114140602,0.04903514310717583,4,176.0,240.0
1.2.643.5.1.13.13.12.2.77.8252.04100315041404021215101114140602,0.09448651224374771,4,176.0,80.0
1.2.643.5.1.13.13.12.2.77.8252.04100315041404021215101114140602,0.08354398608207703,4,48.0,96.0
1.2.643.5.1.13.13.12.2.77.8252.04100315041404021215101114140602,0.06185058504343033,4,80.0,192.0
1.2.643.5.1.13.13.12.2.77.8252.04100315041404021215101114140602,0.3210562467575073,4,192.0,48.0
1.2.643.5.1.13.13.12.2.77.8252.04100315041404021215101114140602,0.0864388570189476,4,224.0,176.0
1.2.643.5.1.13.13.12.2.77.8252.04100315041404021215101114140602,0.72129225730896,4,224.0,48.0
1.2.643.5.1.13.13.12.2.77.8252.04100315041404021215101114140602,0.05091271176934242,4,96.0,224.0
1.2.643.5.1.13.13.12.2.77.8252.04100315041404021215101114140602,0.023344431072473526,4,144.0,267.0
1.2.643.5.1.13.13.12.2.77.8252.13030903151515081500090603041412,0.9644642472267151,4,229.5,10.0
1.2.643.5.1.13.13.12.2.77.8252.13030903151515081500090603041412,0.8746973276138306,4,192.0,48.0
1.2.643.5.1.13.13.12.2.77.8252.13030903151515081500090603041412,0.8162810206413269,4,208.0,48.0
1.2.643.5.1.13.13.12.2.77.8252.13030903151515081500090603041412,0.7942811846733093,4,224.0,48.0
1.2.643.5.1.13.13.12.2.77.8252.13030903151515081500090603041412,0.6350771188735962,4,240.0,48.0
1.2.643.5.1.13.13.12.2.77.8252.13030903151515081500090603041412,0.45616281032562256,4,252.0,48.0
1.2.643.5.1.13.13.12.2.77.8252.13030903151515081500090603041412,0.20330999791622162,4,192.0,96.0
1.2.643.5.1.13.13.12.2.77.8252.13030903151515081500090603041412,0.10883715748786926,4,64.0,192.0
1.2.643.5.1.13.13.12.2.77.8252.13030903151515081500090603041412,0.026935547590255737,4,252.0,240.0
1.2.643.5.1.13.13.12.2.77.8252.13030903151515081500090603041412,0.05866459384560585,4,208.0,256.0
1.2.643.5.1.13.13.12.2.77.8252.13030903151515081500090603041412,0.04334712028503418,4,144.0,176.0
1.2.643.5.1.13.13.12.2.77.8252.13030903151515081500090603041412,0.05824393406510353,4,240.0,112.0
1.2.643.5.1.13.13.12.2.77.8252.13030903151515081500090603041412,0.016907786950469017,4,176.0,240.0
1.2.643.5.1.13.13.12.2.77.8252.13030903151515081500090603041412,0.03441894054412842,4,240.0,240.0
1.2.643.5.1.13.13.12.2.77.8252.13030903151515081500090603041412,0.464232861995697,4,96.0,96.0
1.2.643.5.1.13.13.12.2.77.8252.13030903151515081500090603041412,0.14457614719867706,4,48.0,96.0
1.2.643.5.1.13.13.12.2.77.8252.13030903151515081500090603041412,0.06065787002444267,4,96.0,267.0
1.2.643.5.1.13.13.12.2.77.8252.13030903151515081500090603041412,0.010865157470107079,4,112.0,192.0
1.2.643.5.1.13.13.12.2.77.8252.13030903151515081500090603041412,0.04664053022861481,4,224.0,208.0
1.2.643.5.1.13.13.12.2.77.8252.13030903151515081500090603041412,0.06263864040374756,4,192.0,144.0
1.2.643.5.1.13.13.12.2.77.8252.13030903151515081500090603041412,0.2635917365550995,4,176.0,96.0
1.2.643.5.1.13.13.12.2.77.8252.13030903151515081500090603041412,0.08305509388446808,4,240.0,256.0
1.2.643.5.1.13.13.12.2.77.8252.13030903151515081500090603041412,0.08528479933738708,4,64.0,256.0
1.2.643.5.1.13.13.12.2.77.8252.13030903151515081500090603041412,0.02372617833316326,4,240.0,192.0
1.2.643.5.1.13.13.12.2.77.8252.13030903151515081500090603041412,0.14882804453372955,4,128.0,128.0
1.2.643.5.1.13.13.12.2.77.8252.13030903151515081500090603041412,0.05467025935649872,4,252.0,256.0
1.2.643.5.1.13.13.12.2.77.8252.13030903151515081500090603041412,0.09079719334840775,4,96.0,176.0
1.2.643.5.1.13.13.12.2.77.8252.13030903151515081500090603041412,0.031172623857855797,4,192.0,224.0
1.2.643.5.1.13.13.12.2.77.8252.13030903151515081500090603041412,0.07446500658988953,4,48.0,176.0
1.2.643.5.1.13.13.12.2.77.8252.13030903151515081500090603041412,0.17476734519004822,4,176.0,128.0
1.2.643.5.1.13.13.12.2.77.8252.13030903151515081500090603041412,0.020731881260871887,4,252.0,144.0
1.2.643.5.1.13.13.12.2.77.8252.13030903151515081500090603041412,0.03911922499537468,4,128.0,160.0
1.2.643.5.1.13.13.12.2.77.8252.13030903151515081500090603041412,0.09578659385442734,4,48.0,64.0
1.2.643.5.1.13.13.12.2.77.8252.13030903151515081500090603041412,0.044736068695783615,4,192.0,160.0
1.2.643.5.1.13.13.12.2.77.8252.13030903151515081500090603041412,0.19339504837989807,4,80.0,144.0
1.2.643.5.1.13.13.12.2.77.8252.13030903151515081500090603041412,0.03419828414916992,4,48.0,192.0
1.2.643.5.1.13.13.12.2.77.8252.13030903151515081500090603041412,0.2659292221069336,4,64.0,48.0
1.2.643.5.1.13.13.12.2.77.8252.13030903151515081500090603041412,0.16700880229473114,4,96.0,144.0
1.2.643.5.1.13.13.12.2.77.8252.13030903151515081500090603041412,0.027387239038944244,4,240.0,144.0
1.2.643.5.1.13.13.12.2.77.8252.13030903151515081500090603041412,0.11000550538301468,4,128.0,112.0
1.2.643.5.1.13.13.12.2.77.8252.13030903151515081500090603041412,0.047104183584451675,4,224.0,160.0
1.2.643.5.1.13.13.12.2.77.8252.13030903151515081500090603041412,0.3408612310886383,4,160.0,96.0
1.2.643.5.1.13.13.12.2.77.8252.13030903151515081500090603041412,0.10911636054515839,4,144.0,112.0
1.2.643.5.1.13.13.12.2.77.8252.13030903151515081500090603041412,0.3763497769832611,4,80.0,96.0
1.2.643.5.1.13.13.12.2.77.8252.13030903151515081500090603041412,0.02452106773853302,4,240.0,208.0
1.2.643.5.1.13.13.12.2.77.8252.13030903151515081500090603041412,0.02510657161474228,4,240.0,224.0
1.2.643.5.1.13.13.12.2.77.8252.04050904100201141507070306131511,0.9971379041671753,4,36.0,12.0
1.2.643.5.1.13.13.12.2.77.8252.04050904100201141507070306131511,0.8325841426849365,4,230.5,7.0
1.2.643.5.1.13.13.12.2.77.8252.04050904100201141507070306131511,0.9042280912399292,4,48.0,48.0
1.2.643.5.1.13.13.12.2.77.8252.04050904100201141507070306131511,0.5126689076423645,4,64.0,48.0
1.2.643.5.1.13.13.12.2.77.8252.04050904100201141507070306131511,0.2287152111530304,4,80.0,48.0
1.2.643.5.1.13.13.12.2.77.8252.04050904100201141507070306131511,0.09787458181381226,4,192.0,48.0
1.2.643.5.1.13.13.12.2.77.8252.04050904100201141507070306131511,0.6202826499938965,4,208.0,48.0
1.2.643.5.1.13.13.12.2.77.8252.04050904100201141507070306131511,0.7306336164474487,4,224.0,48.0
1.2.643.5.1.13.13.12.2.77.8252.04050904100201141507070306131511,0.7963084578514099,4,240.0,48.0
1.2.643.5.1.13.13.12.2.77.8252.04050904100201141507070306131511,0.7917155623435974,4,252.0,48.0
1.2.643.5.1.13.13.12.2.77.8252.04050904100201141507070306131511,0.43734318017959595,4,240.0,128.0
1.2.643.5.1.13.13.12.2.77.8252.04050904100201141507070306131511,0.02742018550634384,4,240.0,208.0
1.2.643.5.1.13.13.12.2.77.8252.04050904100201141507070306131511,0.006327665410935879,4,128.0,144.0
1.2.643.5.1.13.13.12.2.77.8252.04050904100201141507070306131511,0.021729597821831703,4,252.0,208.0
1.2.643.5.1.13.13.12.2.77.8252.04050904100201141507070306131511,0.6179201006889343,4,48.0,128.0
1.2.643.5.1.13.13.12.2.77.8252.04050904100201141507070306131511,0.046141136437654495,4,224.0,208.0
1.2.643.5.1.13.13.12.2.77.8252.04050904100201141507070306131511,0.0019349653739482164,4,144.0,160.0
1.2.643.5.1.13.13.12.2.77.8252.04050904100201141507070306131511,0.07618685811758041,4,80.0,112.0
1.2.643.5.1.13.13.12.2.77.8252.04050904100201141507070306131511,0.017068814486265182,4,160.0,144.0
1.2.643.5.1.13.13.12.2.77.8252.04050904100201141507070306131511,0.08490506559610367,4,48.0,208.0
1.2.643.5.1.13.13.12.2.77.8252.04050904100201141507070306131511,0.004102751147001982,4,176.0,192.0
1.2.643.5.1.13.13.12.2.77.8252.04050904100201141507070306131511,0.034051503986120224,4,208.0,240.0
1.2.643.5.1.13.13.12.2.77.8252.04050904100201141507070306131511,0.1716124415397644,4,48.0,192.0
1.2.643.5.1.13.13.12.2.77.8252.04050904100201141507070306131511,0.003532386850565672,4,128.0,128.0
1.2.643.5.1.13.13.12.2.77.8252.04050904100201141507070306131511,0.05584433302283287,4,224.0,224.0
1.2.643.5.1.13.13.12.2.77.8252.04050904100201141507070306131511,0.09086395800113678,4,224.0,176.0
1.2.643.5.1.13.13.12.2.77.8252.04050904100201141507070306131511,0.4058358669281006,4,48.0,160.0
1.2.643.5.1.13.13.12.2.77.8252.04050904100201141507070306131511,0.1735406517982483,4,208.0,160.0
1.2.643.5.1.13.13.12.2.77.8252.04050904100201141507070306131511,0.6559188365936279,4,224.0,96.0
1.2.643.5.1.13.13.12.2.77.8252.04050904100201141507070306131511,0.6057376265525818,4,224.0,128.0
1.2.643.5.1.13.13.12.2.77.8252.04050904100201141507070306131511,0.10657613724470139,4,64.0,224.0
1.2.643.5.1.13.13.12.2.77.8252.04050904100201141507070306131511,0.04466570168733597,4,80.0,208.0
1.2.643.5.1.13.13.12.2.77.8252.04050904100201141507070306131511,0.029789311811327934,4,240.0,224.0
1.2.643.5.1.13.13.12.2.77.8252.04050904100201141507070306131511,0.007157609332352877,4,112.0,240.0
1.2.643.5.1.13.13.12.2.77.8252.04050904100201141507070306131511,0.0075981891714036465,4,144.0,96.0
1.2.643.5.1.13.13.12.2.77.8252.04050904100201141507070306131511,0.013233358971774578,4,112.0,144.0
1.2.643.5.1.13.13.12.2.77.8252.04050904100201141507070306131511,0.06046798825263977,4,224.0,192.0
1.2.643.5.1.13.13.12.2.77.8252.04050904100201141507070306131511,0.005793815944343805,4,112.0,112.0
1.2.643.5.1.13.13.12.2.77.8252.04050904100201141507070306131511,0.2675965428352356,4,64.0,112.0
1.2.643.5.1.13.13.12.2.77.8252.04050904100201141507070306131511,0.06873391568660736,4,240.0,240.0
1.2.643.5.1.13.13.12.2.77.8252.04050904100201141507070306131511,0.004144292790442705,4,112.0,208.0
1.2.643.5.1.13.13.12.2.77.8252.04050904100201141507070306131511,0.033849336206912994,4,96.0,144.0
1.2.643.5.1.13.13.12.2.77.8252.04050904100201141507070306131511,0.004612419288605452,4,112.0,176.0
1.2.643.5.1.13.13.12.2.77.8252.04050904100201141507070306131511,0.0039072721265256405,4,176.0,240.0
1.2.643.5.1.13.13.12.2.77.8252.04050904100201141507070306131511,0.0027548098005354404,4,160.0,240.0
1.2.643.5.1.13.13.12.2.77.8252.04050904100201141507070306131511,0.5557134747505188,4,208.0,96.0
1.2.643.5.1.13.13.12.2.77.8252.04050904100201141507070306131511,0.005865841638296843,4,192.0,208.0
1.2.643.5.1.13.13.12.2.77.8252.04050904100201141507070306131511,0.02364744059741497,4,252.0,192.0
1.2.643.5.1.13.13.12.2.77.8252.04050904100201141507070306131511,0.0051702833734452724,4,160.0,160.0
1.2.643.5.1.13.13.12.2.77.8252.04050904100201141507070306131511,0.1746501326560974,4,192.0,144.0
1.2.643.5.1.13.13.12.2.77.8252.04091012040015061107090014081504,0.26107490062713623,4,112.0,80.0
1.2.643.5.1.13.13.12.2.77.8252.04091012040015061107090014081504,0.46473127603530884,4,208.0,241.0
1.2.643.5.1.13.13.12.2.77.8252.04091012040015061107090014081504,0.03862186148762703,4,64.0,144.0
1.2.643.5.1.13.13.12.2.77.8252.04091012040015061107090014081504,0.007490851450711489,4,160.0,160.0
1.2.643.5.1.13.13.12.2.77.8252.04091012040015061107090014081504,0.3392048180103302,4,112.0,241.0
1.2.643.5.1.13.13.12.2.77.8252.04091012040015061107090014081504,0.27708736062049866,4,48.0,241.0
1.2.643.5.1.13.13.12.2.77.8252.04091012040015061107090014081504,0.32161206007003784,4,240.0,112.0
1.2.643.5.1.13.13.12.2.77.8252.04091012040015061107090014081504,0.27464529871940613,4,64.0,224.0
1.2.643.5.1.13.13.12.2.77.8252.04091012040015061107090014081504,0.09704795479774475,4,64.0,192.0
1.2.643.5.1.13.13.12.2.77.8252.04091012040015061107090014081504,0.2802685797214508,4,64.0,64.0
1.2.643.5.1.13.13.12.2.77.8252.04091012040015061107090014081504,0.02570863626897335,4,144.0,176.0
1.2.643.5.1.13.13.12.2.77.8252.04091012040015061107090014081504,0.31039202213287354,4,240.0,192.0
1.2.643.5.1.13.13.12.2.77.8252.04091012040015061107090014081504,0.05646323412656784,4,48.0,192.0
1.2.643.5.1.13.13.12.2.77.8252.04091012040015061107090014081504,0.4389483332633972,4,224.0,240.0
1.2.643.5.1.13.13.12.2.77.8252.04091012040015061107090014081504,0.058713749051094055,4,208.0,144.0
1.2.643.5.1.13.13.12.2.77.8252.04091012040015061107090014081504,0.40973109006881714,4,240.0,224.0
1.2.643.5.1.13.13.12.2.77.8252.04091012040015061107090014081504,0.029390370473265648,4,176.0,128.0
1.2.643.5.1.13.13.12.2.77.8252.04091012040015061107090014081504,0.10453880578279495,4,160.0,96.0
1.2.643.5.1.13.13.12.2.77.8252.04091012040015061107090014081504,0.036950692534446716,4,48.0,128.0
1.2.643.5.1.13.13.12.2.77.8252.04091012040015061107090014081504,0.019687311723828316,4,160.0,128.0
1.2.643.5.1.13.13.12.2.77.8252.04091012040015061107090014081504,0.17768116295337677,4,96.0,80.0
1.2.643.5.1.13.13.12.2.77.8252.04091012040015061107090014081504,0.013226293958723545,4,160.0,192.0
1.2.643.5.1.13.13.12.2.77.8252.04091012040015061107090014081504,0.07650186866521835,4,112.0,112.0
1.2.643.5.1.13.13.12.2.77.8252.04091012040015061107090014081504,0.3184114992618561,4,160.0,80.0
1.2.643.5.1.13.13.12.2.77.8252.04091012040015061107090014081504,0.08564594388008118,4,144.0,96.0
1.2.643.5.1.13.13.12.2.77.8252.04091012040015061107090014081504,0.26793792843818665,4,144.0,80.0
1.2.643.5.1.13.13.12.2.77.8252.04091012040015061107090014081504,0.3258363902568817,4,176.0,48.0
1.2.643.5.1.13.13.12.2.77.8252.04091012040015061107090014081504,0.49508222937583923,4,252.0,208.0
1.2.643.5.1.13.13.12.2.77.8252.04091012040015061107090014081504,0.03401920944452286,4,112.0,128.0
1.2.643.5.1.13.13.12.2.77.8252.04091012040015061107090014081504,0.1691167950630188,4,128.0,224.0
1.2.643.5.1.13.13.12.2.77.8252.04091012040015061107090014081504,0.1593516319990158,4,80.0,80.0
1.2.643.5.1.13.13.12.2.77.8252.04091012040015061107090014081504,0.183572918176651,4,96.0,64.0
1.2.643.5.1.13.13.12.2.77.8252.04091012040015061107090014081504,0.4030947685241699,4,192.0,224.0
1.2.643.5.1.13.13.12.2.77.8252.04091012040015061107090014081504,0.17645913362503052,4,208.0,96.0
1.2.643.5.1.13.13.12.2.77.8252.04091012040015061107090014081504,0.3488776981830597,4,192.0,64.0
1.2.643.5.1.13.13.12.2.77.8252.04091012040015061107090014081504,0.16629035770893097,4,160.0,240.0
1.2.643.5.1.13.13.12.2.77.8252.04091012040015061107090014081504,0.46088674664497375,4,192.0,241.0
1.2.643.5.1.13.13.12.2.77.8252.04091012040015061107090014081504,0.34985560178756714,4,224.0,80.0
1.2.643.5.1.13.13.12.2.77.8252.04091012040015061107090014081504,0.32025566697120667,4,240.0,176.0
1.2.643.5.1.13.13.12.2.77.8252.04091012040015061107090014081504,0.011261384934186935,4,128.0,144.0
1.2.643.5.1.13.13.12.2.77.8252.02120204101515130306021007150210,0.10996081680059433,4,51.5,40.5
1.2.643.5.1.13.13.12.2.77.8252.02120204101515130306021007150210,0.11407922953367233,4,64.5,52.0
1.2.643.5.1.13.13.12.2.77.8252.02120204101515130306021007150210,0.12820585072040558,4,238.0,44.0
1.2.643.5.1.13.13.12.2.77.8252.02120204101515130306021007150210,0.1195993721485138,4,257.0,34.0
1.2.643.5.1.13.13.12.2.77.8252.02120204101515130306021007150210,0.031877681612968445,4,208.0,224.0
1.2.643.5.1.13.13.12.2.77.8252.02120204101515130306021007150210,0.012524375692009926,4,160.0,48.0
1.2.643.5.1.13.13.12.2.77.8252.02120204101515130306021007150210,0.01862514577805996,4,80.0,224.0
1.2.643.5.1.13.13.12.2.77.8252.02120204101515130306021007150210,0.007109903730452061,4,144.0,64.0
1.2.643.5.1.13.13.12.2.77.8252.02120204101515130306021007150210,0.008883634582161903,4,112.0,160.0
1.2.643.5.1.13.13.12.2.77.8252.02120204101515130306021007150210,0.1731862872838974,4,64.0,267.0
1.2.643.5.1.13.13.12.2.77.8252.02120204101515130306021007150210,0.11878438293933868,4,80.0,267.0
1.2.643.5.1.13.13.12.2.77.8252.02120204101515130306021007150210,0.056942395865917206,4,112.0,64.0
1.2.643.5.1.13.13.12.2.77.8252.02120204101515130306021007150210,0.10932652652263641,4,64.0,112.0
1.2.643.5.1.13.13.12.2.77.8252.02120204101515130306021007150210,0.006447208113968372,4,176.0,112.0
1.2.643.5.1.13.13.12.2.77.8252.02120204101515130306021007150210,0.0032431522849947214,4,144.0,144.0
1.2.643.5.1.13.13.12.2.77.8252.02120204101515130306021007150210,0.0770951509475708,4,252.0,144.0
1.2.643.5.1.13.13.12.2.77.8252.02120204101515130306021007150210,0.041230760514736176,4,192.0,192.0
1.2.643.5.1.13.13.12.2.77.8252.02120204101515130306021007150210,0.006456734612584114,4,96.0,176.0
1.2.643.5.1.13.13.12.2.77.8252.02120204101515130306021007150210,0.020104261115193367,4,48.0,208.0
1.2.643.5.1.13.13.12.2.77.8252.02120204101515130306021007150210,0.043394166976213455,4,192.0,267.0
1.2.643.5.1.13.13.12.2.77.8252.02120204101515130306021007150210,0.08131792396306992,4,208.0,256.0
1.2.643.5.1.13.13.12.2.77.8252.02120204101515130306021007150210,0.018913911655545235,4,208.0,96.0
1.2.643.5.1.13.13.12.2.77.8252.02120204101515130306021007150210,0.0746990516781807,4,48.0,112.0
1.2.643.5.1.13.13.12.2.77.8252.02120204101515130306021007150210,0.14744511246681213,4,224.0,128.0
1.2.643.5.1.13.13.12.2.77.8252.02120204101515130306021007150210,0.06221624091267586,4,252.0,224.0
1.2.643.5.1.13.13.12.2.77.8252.02120204101515130306021007150210,0.0007255047094076872,4,144.0,176.0
1.2.643.5.1.13.13.12.2.77.8252.02120204101515130306021007150210,0.02436784841120243,4,208.0,208.0
1.2.643.5.1.13.13.12.2.77.8252.02120204101515130306021007150210,0.020945701748132706,4,144.0,256.0
1.2.643.5.1.13.13.12.2.77.8252.02120204101515130306021007150210,0.043077461421489716,4,224.0,224.0
1.2.643.5.1.13.13.12.2.77.8252.02120204101515130306021007150210,0.008334198035299778,4,160.0,224.0
1.2.643.5.1.13.13.12.2.77.8252.02120204101515130306021007150210,0.02019992284476757,4,48.0,192.0
1.2.643.5.1.13.13.12.2.77.8252.02120204101515130306021007150210,0.2476542443037033,4,240.0,267.0
1.2.643.5.1.13.13.12.2.77.8252.02120204101515130306021007150210,0.09228916466236115,4,224.0,96.0
1.2.643.5.1.13.13.12.2.77.8252.02120204101515130306021007150210,0.024622712284326553,4,208.0,160.0
1.2.643.5.1.13.13.12.2.77.8252.02120204101515130306021007150210,0.05912942439317703,4,240.0,96.0
1.2.643.5.1.13.13.12.2.77.8252.02120204101515130306021007150210,0.09907260537147522,4,224.0,267.0
1.2.643.5.1.13.13.12.2.77.8252.02120204101515130306021007150210,0.07215206325054169,4,208.0,267.0
1.2.643.5.1.13.13.12.2.77.8252.02120204101515130306021007150210,0.022029830142855644,4,192.0,64.0
1.2.643.5.1.13.13.12.2.77.8252.02120204101515130306021007150210,0.2084972858428955,4,240.0,256.0
1.2.643.5.1.13.13.12.2.77.8252.02120204101515130306021007150210,0.04379119351506233,4,64.0,160.0
1.2.643.5.1.13.13.12.2.77.8252.02120204101515130306021007150210,0.03511147201061249,4,64.0,176.0
1.2.643.5.1.13.13.12.2.77.8252.02120204101515130306021007150210,0.023864613845944405,4,208.0,176.0
1.2.643.5.1.13.13.12.2.77.8252.02120204101515130306021007150210,0.052455272525548935,4,252.0,96.0
1.2.643.5.1.13.13.12.2.77.8252.02120204101515130306021007150210,0.035854585468769073,4,192.0,224.0
1.2.643.5.1.13.13.12.2.77.8252.14060403060314010506081209070311,0.10897349566221237,4,36.5,28.0
1.2.643.5.1.13.13.12.2.77.8252.14060403060314010506081209070311,0.03443542867898941,4,46.0,40.0
1.2.643.5.1.13.13.12.2.77.8252.14060403060314010506081209070311,0.15728186070919037,4,243.0,39.5
1.2.643.5.1.13.13.12.2.77.8252.14060403060314010506081209070311,0.09896465390920639,4,255.5,29.5
1.2.643.5.1.13.13.12.2.77.8252.14060403060314010506081209070311,0.06264598667621613,4,235.0,152.5
1.2.643.5.1.13.13.12.2.77.8252.14060403060314010506081209070311,0.5525320768356323,4,57.0,149.0
1.2.643.5.1.13.13.12.2.77.8252.14060403060314010506081209070311,0.017696773633360863,4,144.0,96.0
1.2.643.5.1.13.13.12.2.77.8252.14060403060314010506081209070311,0.1474350392818451,4,224.0,144.0
1.2.643.5.1.13.13.12.2.77.8252.14060403060314010506081209070311,0.05532172694802284,4,240.0,224.0
1.2.643.5.1.13.13.12.2.77.8252.14060403060314010506081209070311,0.08107117563486099,4,80.0,176.0
1.2.643.5.1.13.13.12.2.77.8252.14060403060314010506081209070311,0.048680245876312256,4,240.0,176.0
1.2.643.5.1.13.13.12.2.77.8252.14060403060314010506081209070311,0.0711638554930687,4,252.0,128.0
1.2.643.5.1.13.13.12.2.77.8252.14060403060314010506081209070311,0.30924445390701294,4,48.0,128.0
1.2.643.5.1.13.13.12.2.77.8252.14060403060314010506081209070311,0.09745578467845917,4,64.0,208.0
1.2.643.5.1.13.13.12.2.77.8252.14060403060314010506081209070311,0.1587221920490265,4,224.0,256.0
1.2.643.5.1.13.13.12.2.77.8252.14060403060314010506081209070311,0.5888555645942688,4,224.0,48.0
1.2.643.5.1.13.13.12.2.77.8252.14060403060314010506081209070311,0.009614617563784122,4,160.0,128.0
1.2.643.5.1.13.13.12.2.77.8252.14060403060314010506081209070311,0.007776170969009399,4,128.0,112.0
1.2.643.5.1.13.13.12.2.77.8252.14060403060314010506081209070311,0.28237026929855347,4,240.0,48.0
1.2.643.5.1.13.13.12.2.77.8252.14060403060314010506081209070311,0.05528723821043968,4,64.0,224.0
1.2.643.5.1.13.13.12.2.77.8252.14060403060314010506081209070311,0.12137170135974884,4,224.0,160.0
1.2.643.5.1.13.13.12.2.77.8252.14060403060314010506081209070311,0.04221966117620468,4,208.0,208.0
1.2.643.5.1.13.13.12.2.77.8252.14060403060314010506081209070311,0.00538285169750452,4,128.0,160.0
1.2.643.5.1.13.13.12.2.77.8252.14060403060314010506081209070311,0.1370832324028015,4,48.0,240.0
1.2.643.5.1.13.13.12.2.77.8252.14060403060314010506081209070311,0.03786930441856384,4,240.0,208.0
1.2.643.5.1.13.13.12.2.77.8252.14060403060314010506081209070311,0.011721538379788399,4,128.0,256.0
1.2.643.5.1.13.13.12.2.77.8252.14060403060314010506081209070311,0.024305718019604683,4,112.0,64.0
1.2.643.5.1.13.13.12.2.77.8252.14060403060314010506081209070311,0.3216075599193573,4,192.0,48.0
1.2.643.5.1.13.13.12.2.77.8252.14060403060314010506081209070311,0.009694010019302368,4,160.0,144.0
1.2.643.5.1.13.13.12.2.77.8252.14060403060314010506081209070311,0.018495526164770126,4,128.0,64.0
1.2.643.5.1.13.13.12.2.77.8252.14060403060314010506081209070311,0.16095849871635437,4,224.0,267.0
1.2.643.5.1.13.13.12.2.77.8252.14060403060314010506081209070311,0.062313489615917206,4,240.0,144.0
1.2.643.5.1.13.13.12.2.77.8252.14060403060314010506081209070311,0.00619544368237257,4,144.0,144.0
1.2.643.5.1.13.13.12.2.77.8252.14060403060314010506081209070311,0.013124365359544754,4,176.0,176.0
1.2.643.5.1.13.13.12.2.77.8252.14060403060314010506081209070311,0.3313157260417938,4,48.0,160.0
1.2.643.5.1.13.13.12.2.77.8252.14060403060314010506081209070311,0.11498469114303589,4,208.0,144.0
1.2.643.5.1.13.13.12.2.77.8252.14060403060314010506081209070311,0.05107252299785614,4,192.0,128.0
1.2.643.5.1.13.13.12.2.77.8252.14060403060314010506081209070311,0.013768680393695831,4,192.0,224.0
1.2.643.5.1.13.13.12.2.77.8252.14060403060314010506081209070311,0.037085555493831635,4,80.0,267.0
1.2.643.5.1.13.13.12.2.77.8252.14060403060314010506081209070311,0.12265221774578094,4,224.0,240.0
1.2.643.5.1.13.13.12.2.77.8252.14060403060314010506081209070311,0.3168998062610626,4,240.0,64.0
1.2.643.5.1.13.13.12.2.77.8252.14060403060314010506081209070311,0.14400936663150787,4,64.0,192.0
1.2.643.5.1.13.13.12.2.77.8252.14060403060314010506081209070311,0.16718299686908722,4,252.0,267.0
1.2.643.5.1.13.13.12.2.77.8252.14060403060314010506081209070311,0.021372588351368904,4,112.0,192.0
1.2.643.5.1.13.13.12.2.77.8252.14060403060314010506081209070311,0.07880053669214249,4,208.0,160.0
1.2.643.5.1.13.13.12.2.77.8252.14060403060314010506081209070311,0.225362166762352,4,252.0,48.0
1.2.643.5.1.13.13.12.2.77.8252.15000310101315070007100105150401,0.2961958348751068,4,41.5,64.0
1.2.643.5.1.13.13.12.2.77.8252.15000310101315070007100105150401,0.23657311499118805,4,35.0,53.0
1.2.643.5.1.13.13.12.2.77.8252.15000310101315070007100105150401,0.2132580578327179,4,48.0,256.0
1.2.643.5.1.13.13.12.2.77.8252.15000310101315070007100105150401,0.124933160841465,4,80.0,96.0
1.2.643.5.1.13.13.12.2.77.8252.15000310101315070007100105150401,0.02240019291639328,4,252.0,160.0
1.2.643.5.1.13.13.12.2.77.8252.15000310101315070007100105150401,0.2453884482383728,4,224.0,270.0
1.2.643.5.1.13.13.12.2.77.8252.15000310101315070007100105150401,0.006806200370192528,4,176.0,144.0
1.2.643.5.1.13.13.12.2.77.8252.15000310101315070007100105150401,0.0410304069519043,4,252.0,96.0
1.2.643.5.1.13.13.12.2.77.8252.15000310101315070007100105150401,0.19574008882045746,4,208.0,270.0
1.2.643.5.1.13.13.12.2.77.8252.15000310101315070007100105150401,0.1097620278596878,4,144.0,48.0
1.2.643.5.1.13.13.12.2.77.8252.15000310101315070007100105150401,0.04322679713368416,4,224.0,112.0
1.2.643.5.1.13.13.12.2.77.8252.15000310101315070007100105150401,0.01275788526982069,4,96.0,192.0
1.2.643.5.1.13.13.12.2.77.8252.15000310101315070007100105150401,0.09267480671405792,4,80.0,144.0
1.2.643.5.1.13.13.12.2.77.8252.15000310101315070007100105150401,0.037193410098552704,4,252.0,208.0
1.2.643.5.1.13.13.12.2.77.8252.15000310101315070007100105150401,0.18765945732593536,4,64.0,256.0
1.2.643.5.1.13.13.12.2.77.8252.15000310101315070007100105150401,0.058812323957681656,4,144.0,270.0
1.2.643.5.1.13.13.12.2.77.8252.15000310101315070007100105150401,0.02331741899251938,4,240.0,160.0
1.2.643.5.1.13.13.12.2.77.8252.15000310101315070007100105150401,0.19483189284801483,4,96.0,270.0
1.2.643.5.1.13.13.12.2.77.8252.15000310101315070007100105150401,0.008770357817411423,4,144.0,144.0
1.2.643.5.1.13.13.12.2.77.8252.15000310101315070007100105150401,0.011381431482732296,4,128.0,112.0
1.2.643.5.1.13.13.12.2.77.8252.15000310101315070007100105150401,0.008042586036026478,4,160.0,112.0
1.2.643.5.1.13.13.12.2.77.8252.15000310101315070007100105150401,0.1054997369647026,4,224.0,224.0
1.2.643.5.1.13.13.12.2.77.8252.15000310101315070007100105150401,0.1284896433353424,4,80.0,256.0
1.2.643.5.1.13.13.12.2.77.8252.15000310101315070007100105150401,0.01579681970179081,4,128.0,96.0
1.2.643.5.1.13.13.12.2.77.8252.15000310101315070007100105150401,0.20836909115314484,4,252.0,256.0
1.2.643.5.1.13.13.12.2.77.8252.15000310101315070007100105150401,0.3734084665775299,4,48.0,64.0
1.2.643.5.1.13.13.12.2.77.8252.15000310101315070007100105150401,0.03774121031165123,4,208.0,144.0
1.2.643.5.1.13.13.12.2.77.8252.15000310101315070007100105150401,0.08118607848882675,4,240.0,224.0
1.2.643.5.1.13.13.12.2.77.8252.15000310101315070007100105150401,0.04792594164609909,4,64.0,224.0
1.2.643.5.1.13.13.12.2.77.8252.15000310101315070007100105150401,0.04760837182402611,4,144.0,80.0
1.2.643.5.1.13.13.12.2.77.8252.15000310101315070007100105150401,0.09989617019891739,4,224.0,208.0
1.2.643.5.1.13.13.12.2.77.8252.15000310101315070007100105150401,0.05561770871281624,4,224.0,192.0
1.2.643.5.1.13.13.12.2.77.8252.15000310101315070007100105150401,0.027529466897249222,4,176.0,224.0
1.2.643.5.1.13.13.12.2.77.8252.15000310101315070007100105150401,0.014210597611963749,4,192.0,144.0
1.2.643.5.1.13.13.12.2.77.8252.15000310101315070007100105150401,0.2879123389720917,4,48.0,80.0
1.2.643.5.1.13.13.12.2.77.8252.15000310101315070007100105150401,0.23077194392681122,4,96.0,48.0
1.2.643.5.1.13.13.12.2.77.8252.15000310101315070007100105150401,0.013517141342163086,4,144.0,128.0
1.2.643.5.1.13.13.12.2.77.8252.15000310101315070007100105150401,0.0881764143705368,4,80.0,112.0
1.2.643.5.1.13.13.12.2.77.8252.15000310101315070007100105150401,0.017420344054698944,4,176.0,80.0
1.2.643.5.1.13.13.12.2.77.8252.15000310101315070007100105150401,0.01060236431658268,4,160.0,240.0
1.2.643.5.1.13.13.12.2.77.8252.15000310101315070007100105150401,0.15242375433444977,4,48.0,240.0
1.2.643.5.1.13.13.12.2.77.8252.15000310101315070007100105150401,0.21533271670341492,4,224.0,256.0
1.2.643.5.1.13.13.12.2.77.8252.12111312010203070900101115051015,0.340093195438385,4,47.0,74.5
1.2.643.5.1.13.13.12.2.77.8252.12111312010203070900101115051015,0.4476624131202698,4,62.0,83.5
1.2.643.5.1.13.13.12.2.77.8252.12111312010203070900101115051015,0.4693433344364166,4,31.5,38.0
1.2.643.5.1.13.13.12.2.77.8252.12111312010203070900101115051015,0.5758455395698547,4,22.0,22.5
1.2.643.5.1.13.13.12.2.77.8252.12111312010203070900101115051015,0.3042749762535095,4,225.5,65.5
1.2.643.5.1.13.13.12.2.77.8252.12111312010203070900101115051015,0.3153739869594574,4,225.5,44.0
1.2.643.5.1.13.13.12.2.77.8252.12111312010203070900101115051015,0.01182432472705841,4,208.0,240.0
1.2.643.5.1.13.13.12.2.77.8252.12111312010203070900101115051015,0.17828917503356934,4,224.0,112.0
1.2.643.5.1.13.13.12.2.77.8252.12111312010203070900101115051015,0.4262477159500122,4,48.0,48.0
1.2.643.5.1.13.13.12.2.77.8252.12111312010203070900101115051015,0.02257775329053402,4,240.0,208.0
1.2.643.5.1.13.13.12.2.77.8252.12111312010203070900101115051015,0.004641436040401459,4,112.0,240.0
1.2.643.5.1.13.13.12.2.77.8252.12111312010203070900101115051015,0.001121619250625372,4,176.0,208.0
1.2.643.5.1.13.13.12.2.77.8252.12111312010203070900101115051015,0.002135682385414839,4,160.0,269.0
1.2.643.5.1.13.13.12.2.77.8252.12111312010203070900101115051015,0.13074533641338348,4,160.0,48.0
1.2.643.5.1.13.13.12.2.77.8252.12111312010203070900101115051015,0.023096222430467606,4,64.0,192.0
1.2.643.5.1.13.13.12.2.77.8252.12111312010203070900101115051015,0.0007985320989973843,4,160.0,192.0
1.2.643.5.1.13.13.12.2.77.8252.12111312010203070900101115051015,0.07610073685646057,4,224.0,128.0
1.2.643.5.1.13.13.12.2.77.8252.12111312010203070900101115051015,0.07793889194726944,4,252.0,256.0
1.2.643.5.1.13.13.12.2.77.8252.12111312010203070900101115051015,0.029830537736415863,4,224.0,176.0
1.2.643.5.1.13.13.12.2.77.8252.12111312010203070900101115051015,0.2542634606361389,4,48.0,96.0
1.2.643.5.1.13.13.12.2.77.8252.12111312010203070900101115051015,0.006342914421111345,4,112.0,256.0
1.2.643.5.1.13.13.12.2.77.8252.12111312010203070900101115051015,0.022908179089426994,4,176.0,96.0
1.2.643.5.1.13.13.12.2.77.8252.12111312010203070900101115051015,0.03634186461567879,4,252.0,128.0
1.2.643.5.1.13.13.12.2.77.8252.12111312010203070900101115051015,0.021667011082172394,4,252.0,144.0
1.2.643.5.1.13.13.12.2.77.8252.12111312010203070900101115051015,0.28695690631866455,4,96.0,48.0
1.2.643.5.1.13.13.12.2.77.8252.12111312010203070900101115051015,0.0037224125117063522,4,176.0,160.0
1.2.643.5.1.13.13.12.2.77.8252.12111312010203070900101115051015,0.08446653187274933,4,96.0,96.0
1.2.643.5.1.13.13.12.2.77.8252.12111312010203070900101115051015,0.1116085797548294,4,252.0,269.0
1.2.643.5.1.13.13.12.2.77.8252.12111312010203070900101115051015,0.025674650445580482,4,48.0,160.0
1.2.643.5.1.13.13.12.2.77.8252.12111312010203070900101115051015,0.037386879324913025,4,80.0,128.0
1.2.643.5.1.13.13.12.2.77.8252.12111312010203070900101115051015,0.11330988258123398,4,252.0,80.0
1.2.643.5.1.13.13.12.2.77.8252.12111312010203070900101115051015,0.08141438663005829,4,252.0,96.0
1.2.643.5.1.13.13.12.2.77.8252.12111312010203070900101115051015,0.011760855093598366,4,80.0,224.0
1.2.643.5.1.13.13.12.2.77.8252.12111312010203070900101115051015,0.009580053389072418,4,96.0,256.0
1.2.643.5.1.13.13.12.2.77.8252.12111312010203070900101115051015,0.28737515211105347,4,208.0,64.0
1.2.643.5.1.13.13.12.2.77.8252.12111312010203070900101115051015,0.24915972352027893,4,224.0,80.0
1.2.643.5.1.13.13.12.2.77.8252.12111312010203070900101115051015,0.011205037124454975,4,80.0,240.0
1.2.643.5.1.13.13.12.2.77.8252.12111312010203070900101115051015,0.017545752227306366,4,192.0,128.0
1.2.643.5.1.13.13.12.2.77.8252.12111312010203070900101115051015,0.004281762521713972,4,192.0,176.0
1.2.643.5.1.13.13.12.2.77.8252.12111312010203070900101115051015,0.011190887540578842,4,112.0,192.0
1.2.643.5.1.13.13.12.2.77.8252.12111312010203070900101115051015,0.07646187394857407,4,208.0,96.0
1.2.643.5.1.13.13.12.2.77.8252.12111312010203070900101115051015,0.009106048382818699,4,144.0,96.0
1.2.643.5.1.13.13.12.2.77.8252.12111312010203070900101115051015,0.006388087756931782,4,192.0,144.0
1.2.643.5.1.13.13.12.2.77.8252.12111312010203070900101115051015,0.05018284171819687,4,48.0,269.0
1.2.643.5.1.13.13.12.2.77.8252.12111312010203070900101115051015,0.0297525804489851,4,208.0,256.0
1.2.643.5.1.13.13.12.2.77.8252.12111312010203070900101115051015,0.20763258635997772,4,252.0,64.0
1.2.643.5.1.13.13.12.2.77.8252.07111115111305011108141412010801,0.07049492001533508,4,96.0,80.0
1.2.643.5.1.13.13.12.2.77.8252.07111115111305011108141412010801,0.13508056104183197,4,208.0,64.0
1.2.643.5.1.13.13.12.2.77.8252.07111115111305011108141412010801,0.6895415186882019,4,224.0,96.0
1.2.643.5.1.13.13.12.2.77.8252.07111115111305011108141412010801,0.011368164792656898,4,144.0,80.0
1.2.643.5.1.13.13.12.2.77.8252.07111115111305011108141412010801,0.37911781668663025,4,48.0,80.0
1.2.643.5.1.13.13.12.2.77.8252.07111115111305011108141412010801,0.08265948295593262,4,64.0,208.0
1.2.643.5.1.13.13.12.2.77.8252.07111115111305011108141412010801,0.07678577303886414,4,252.0,176.0
1.2.643.5.1.13.13.12.2.77.8252.07111115111305011108141412010801,0.017363350838422775,4,160.0,64.0
1.2.643.5.1.13.13.12.2.77.8252.07111115111305011108141412010801,0.04585055261850357,4,80.0,48.0
1.2.643.5.1.13.13.12.2.77.8252.07111115111305011108141412010801,0.01975652575492859,4,112.0,48.0
1.2.643.5.1.13.13.12.2.77.8252.07111115111305011108141412010801,0.5457538962364197,4,224.0,80.0
1.2.643.5.1.13.13.12.2.77.8252.07111115111305011108141412010801,0.5780489444732666,4,240.0,64.0
1.2.643.5.1.13.13.12.2.77.8252.07111115111305011108141412010801,0.030921200290322304,4,112.0,176.0
1.2.643.5.1.13.13.12.2.77.8252.07111115111305011108141412010801,0.1114208921790123,4,48.0,160.0
1.2.643.5.1.13.13.12.2.77.8252.07111115111305011108141412010801,0.07325603812932968,4,208.0,256.0
1.2.643.5.1.13.13.12.2.77.8252.07111115111305011108141412010801,0.022000525146722794,4,144.0,144.0
1.2.643.5.1.13.13.12.2.77.8252.07111115111305011108141412010801,0.04250210523605347,4,64.0,48.0
1.2.643.5.1.13.13.12.2.77.8252.07111115111305011108141412010801,0.062302447855472565,4,192.0,48.0
1.2.643.5.1.13.13.12.2.77.8252.07111115111305011108141412010801,0.022904515266418457,4,176.0,256.0
1.2.643.5.1.13.13.12.2.77.8252.07111115111305011108141412010801,0.02006937935948372,4,160.0,192.0
1.2.643.5.1.13.13.12.2.77.8252.07111115111305011108141412010801,0.021295592188835144,4,112.0,224.0
1.2.643.5.1.13.13.12.2.77.8252.07111115111305011108141412010801,0.04237021878361702,4,224.0,240.0
1.2.643.5.1.13.13.12.2.77.8252.07111115111305011108141412010801,0.01660177856683731,4,128.0,256.0
1.2.643.5.1.13.13.12.2.77.8252.07111115111305011108141412010801,0.40886619687080383,4,208.0,96.0
1.2.643.5.1.13.13.12.2.77.8252.07111115111305011108141412010801,0.0036333706229925156,4,160.0,240.0
1.2.643.5.1.13.13.12.2.77.8252.07111115111305011108141412010801,0.262363076210022,4,48.0,64.0
1.2.643.5.1.13.13.12.2.77.8252.07111115111305011108141412010801,0.2305365651845932,4,192.0,96.0
1.2.643.5.1.13.13.12.2.77.8252.07111115111305011108141412010801,0.03653484955430031,4,96.0,64.0
1.2.643.5.1.13.13.12.2.77.8252.07111115111305011108141412010801,0.020737728103995323,4,144.0,176.0
1.2.643.5.1.13.13.12.2.77.8252.07111115111305011108141412010801,0.07558687031269073,4,224.0,256.0
1.2.643.5.1.13.13.12.2.77.8252.07111115111305011108141412010801,0.018735744059085846,4,144.0,128.0
1.2.643.5.1.13.13.12.2.77.8252.07111115111305011108141412010801,0.10694146901369095,4,64.0,192.0
1.2.643.5.1.13.13.12.2.77.8252.07111115111305011108141412010801,0.03159872815012932,4,128.0,176.0
1.2.643.5.1.13.13.12.2.77.8252.07111115111305011108141412010801,0.023950917646288872,4,112.0,144.0
1.2.643.5.1.13.13.12.2.77.8252.07111115111305011108141412010801,0.09953224658966064,4,176.0,96.0
1.2.643.5.1.13.13.12.2.77.8252.07111115111305011108141412010801,0.029230082407593727,4,96.0,48.0
1.2.643.5.1.13.13.12.2.77.8252.07111115111305011108141412010801,0.03368766978383064,4,80.0,208.0
1.2.643.5.1.13.13.12.2.77.8252.07111115111305011108141412010801,0.19465985894203186,4,252.0,144.0
1.2.643.5.1.13.13.12.2.77.8252.07111115111305011108141412010801,0.09584047645330429,4,96.0,112.0
1.2.643.5.1.13.13.12.2.77.8252.07111115111305011108141412010801,0.039802420884370804,4,208.0,224.0
