sop_uid,score,fold,x,y
1.2.643.5.1.13.13.12.2.77.8252.06061007030610120805010913100711,0.21491779386997223,0,224.0,208.0
1.2.643.5.1.13.13.12.2.77.8252.06061007030610120805010913100711,0.04511679336428642,0,64.0,64.0
1.2.643.5.1.13.13.12.2.77.8252.06061007030610120805010913100711,0.10023674368858337,0,64.0,240.0
1.2.643.5.1.13.13.12.2.77.8252.06061007030610120805010913100711,0.04909761622548103,0,128.0,80.0
1.2.643.5.1.13.13.12.2.77.8252.06061007030610120805010913100711,0.06287471950054169,0,240.0,48.0
1.2.643.5.1.13.13.12.2.77.8252.06061007030610120805010913100711,0.14982156455516815,0,240.0,224.0
1.2.643.5.1.13.13.12.2.77.8252.06061007030610120805010913100711,0.5136206746101379,0,192.0,224.0
1.2.643.5.1.13.13.12.2.77.8252.06061007030610120805010913100711,0.07957693189382553,0,96.0,64.0
1.2.643.5.1.13.13.12.2.77.8252.06061007030610120805010913100711,0.032860346138477325,0,48.0,144.0
1.2.643.5.1.13.13.12.2.77.8252.06061007030610120805010913100711,0.03343373164534569,0,80.0,176.0
1.2.643.5.1.13.13.12.2.77.8252.06061007030610120805010913100711,0.03979608789086342,0,80.0,160.0
1.2.643.5.1.13.13.12.2.77.8252.06061007030610120805010913100711,0.04131750017404556,0,48.0,64.0
1.2.643.5.1.13.13.12.2.77.8252.06061007030610120805010913100711,0.44388312101364136,0,192.0,128.0
1.2.643.5.1.13.13.12.2.77.8252.06061007030610120805010913100711,0.25574225187301636,0,128.0,176.0
1.2.643.5.1.13.13.12.2.77.8252.06061007030610120805010913100711,0.20354557037353516,0,252.0,112.0
1.2.643.5.1.13.13.12.2.77.8252.06061007030610120805010913100711,0.09075843542814255,0,176.0,64.0
1.2.643.5.1.13.13.12.2.77.8252.06061007030610120805010913100711,0.040511973202228546,0,48.0,96.0
1.2.643.5.1.13.13.12.2.77.8252.06061007030610120805010913100711,0.38667428493499756,0,224.0,176.0
1.2.643.5.1.13.13.12.2.77.8252.06061007030610120805010913100711,0.15478049218654633,0,176.0,240.0
1.2.643.5.1.13.13.12.2.77.8252.06061007030610120805010913100711,0.14436432719230652,0,144.0,208.0
1.2.643.5.1.13.13.12.2.77.8252.06061007030610120805010913100711,0.1521146446466446,0,80.0,240.0
1.2.643.5.1.13.13.12.2.77.8252.06061007030610120805010913100711,0.10443487763404846,0,112.0,144.0
1.2.643.5.1.13.13.12.2.77.8252.06061007030610120805010913100711,0.03249994292855263,0,48.0,128.0
1.2.643.5.1.13.13.12.2.77.8252.06061007030610120805010913100711,0.17051441967487335,0,224.0,224.0
1.2.643.5.1.13.13.12.2.77.8252.06061007030610120805010913100711,0.2882315218448639,0,208.0,176.0
1.2.643.5.1.13.13.12.2.77.8252.06061007030610120805010913100711,0.2827790081501007,0,144.0,224.0
1.2.643.5.1.13.13.12.2.77.8252.06061007030610120805010913100711,0.2979309856891632,0,240.0,176.0
1.2.643.5.1.13.13.12.2.77.8252.06061007030610120805010913100711,0.06089653819799423,0,96.0,144.0
1.2.643.5.1.13.13.12.2.77.8252.06061007030610120805010913100711,0.13215099275112152,0,252.0,192.0
1.2.643.5.1.13.13.12.2.77.8252.06061007030610120805010913100711,0.052414651960134506,0,112.0,80.0
1.2.643.5.1.13.13.12.2.77.8252.06061007030610120805010913100711,0.03667505085468292,0,64.0,208.0
1.2.643.5.1.13.13.12.2.77.8252.06061007030610120805010913100711,0.23512084782123566,0,208.0,112.0
1.2.643.5.1.13.13.12.2.77.8252.06061007030610120805010913100711,0.24322453141212463,0,224.0,96.0
1.2.643.5.1.13.13.12.2.77.8252.06061007030610120805010913100711,0.3367537558078766,0,192.0,192.0
1.2.643.5.1.13.13.12.2.77.8252.06061007030610120805010913100711,0.3856423497200012,0,160.0,160.0
1.2.643.5.1.13.13.12.2.77.8252.06061007030610120805010913100711,0.3086518347263336,0,144.0,160.0
1.2.643.5.1.13.13.12.2.77.8252.06061007030610120805010913100711,0.04143071919679642,0,96.0,192.0
1.2.643.5.1.13.13.12.2.77.8252.06061007030610120805010913100711,0.08759275823831558,0,96.0,128.0
1.2.643.5.1.13.13.12.2.77.8252.06061007030610120805010913100711,0.39299190044403076,0,240.0,128.0
1.2.643.5.1.13.13.12.2.77.8252.06061007030610120805010913100711,0.39773792028427124,0,176.0,224.0
1.2.643.5.1.13.13.12.2.77.8252.03010603150012061509030005111300,0.3447512090206146,0,22.5,32.0
1.2.643.5.1.13.13.12.2.77.8252.03010603150012061509030005111300,0.3552246391773224,0,112.0,64.0
1.2.643.5.1.13.13.12.2.77.8252.03010603150012061509030005111300,0.1404726356267929,0,176.0,224.0
1.2.643.5.1.13.13.12.2.77.8252.03010603150012061509030005111300,0.14494390785694122,0,224.0,64.0
1.2.643.5.1.13.13.12.2.77.8252.03010603150012061509030005111300,0.5378676652908325,0,80.0,224.0
1.2.643.5.1.13.13.12.2.77.8252.03010603150012061509030005111300,0.3142065703868866,0,80.0,256.0
1.2.643.5.1.13.13.12.2.77.8252.03010603150012061509030005111300,0.06037130951881409,0,224.0,176.0
1.2.643.5.1.13.13.12.2.77.8252.03010603150012061509030005111300,0.3217203915119171,0,48.0,96.0
1.2.643.5.1.13.13.12.2.77.8252.03010603150012061509030005111300,0.11427933722734451,0,224.0,80.0
1.2.643.5.1.13.13.12.2.77.8252.03010603150012061509030005111300,0.12990251183509827,0,128.0,80.0
1.2.643.5.1.13.13.12.2.77.8252.03010603150012061509030005111300,0.19093957543373108,0,144.0,48.0
1.2.643.5.1.13.13.12.2.77.8252.03010603150012061509030005111300,0.09845142811536789,0,208.0,176.0
1.2.643.5.1.13.13.12.2.77.8252.03010603150012061509030005111300,0.05211033299565315,0,240.0,112.0
1.2.643.5.1.13.13.12.2.77.8252.03010603150012061509030005111300,0.09543322026729584,0,144.0,269.0
1.2.643.5.1.13.13.12.2.77.8252.03010603150012061509030005111300,0.3798450827598572,0,112.0,160.0
1.2.643.5.1.13.13.12.2.77.8252.03010603150012061509030005111300,0.26458242535591125,0,80.0,144.0
1.2.643.5.1.13.13.12.2.77.8252.03010603150012061509030005111300,0.1928047239780426,0,128.0,112.0
1.2.643.5.1.13.13.12.2.77.8252.03010603150012061509030005111300,0.2617139220237732,0,48.0,112.0
1.2.643.5.1.13.13.12.2.77.8252.03010603150012061509030005111300,0.0887196734547615,0,240.0,269.0
1.2.643.5.1.13.13.12.2.77.8252.03010603150012061509030005111300,0.23205889761447906,0,112.0,112.0
1.2.643.5.1.13.13.12.2.77.8252.03010603150012061509030005111300,0.06960920989513397,0,176.0,80.0
1.2.643.5.1.13.13.12.2.77.8252.03010603150012061509030005111300,0.031549349427223206,0,252.0,176.0
1.2.643.5.1.13.13.12.2.77.8252.03010603150012061509030005111300,0.03212536871433258,0,252.0,208.0
1.2.643.5.1.13.13.12.2.77.8252.03010603150012061509030005111300,0.057258132845163345,0,252.0,256.0
1.2.643.5.1.13.13.12.2.77.8252.03010603150012061509030005111300,0.06800961494445801,0,240.0,240.0
1.2.643.5.1.13.13.12.2.77.8252.03010603150012061509030005111300,0.14881731569766998,0,192.0,48.0
1.2.643.5.1.13.13.12.2.77.8252.03010603150012061509030005111300,0.07070846855640411,0,144.0,240.0
1.2.643.5.1.13.13.12.2.77.8252.03010603150012061509030005111300,0.3365899622440338,0,64.0,256.0
1.2.643.5.1.13.13.12.2.77.8252.03010603150012061509030005111300,0.03971000388264656,0,240.0,176.0
1.2.643.5.1.13.13.12.2.77.8252.03010603150012061509030005111300,0.06853128969669342,0,252.0,80.0
1.2.643.5.1.13.13.12.2.77.8252.03010603150012061509030005111300,0.338623583316803,0,96.0,160.0
1.2.643.5.1.13.13.12.2.77.8252.03010603150012061509030005111300,0.3032527565956116,0,64.0,112.0
1.2.643.5.1.13.13.12.2.77.8252.03010603150012061509030005111300,0.08924995362758636,0,144.0,144.0
1.2.643.5.1.13.13.12.2.77.8252.03010603150012061509030005111300,0.10639770328998566,0,192.0,96.0
1.2.643.5.1.13.13.12.2.77.8252.03010603150012061509030005111300,0.15162304043769836,0,192.0,224.0
1.2.643.5.1.13.13.12.2.77.8252.03010603150012061509030005111300,0.10596325248479843,0,160.0,256.0
1.2.643.5.1.13.13.12.2.77.8252.03010603150012061509030005111300,0.38185814023017883,0,96.0,269.0
1.2.643.5.1.13.13.12.2.77.8252.03010603150012061509030005111300,0.3075862526893616,0,64.0,269.0
1.2.643.5.1.13.13.12.2.77.8252.03010603150012061509030005111300,0.3211463391780853,0,160.0,192.0
1.2.643.5.1.13.13.12.2.77.8252.03010603150012061509030005111300,0.05314694344997406,0,224.0,160.0
1.2.643.5.1.13.13.12.2.77.8252.03010603150012061509030005111300,0.0745135098695755,0,208.0,160.0
1.2.643.5.1.13.13.12.2.77.8252.07150612000412081110110102150004,0.1788497120141983,0,144.0,144.0
1.2.643.5.1.13.13.12.2.77.8252.07150612000412081110110102150004,0.020673910155892372,0,160.0,240.0
1.2.643.5.1.13.13.12.2.77.8252.07150612000412081110110102150004,0.07154539972543716,0,160.0,128.0
1.2.643.5.1.13.13.12.2.77.8252.07150612000412081110110102150004,0.17256735265254974,0,64.0,144.0
1.2.643.5.1.13.13.12.2.77.8252.07150612000412081110110102150004,0.036108504980802536,0,176.0,243.0
1.2.643.5.1.13.13.12.2.77.8252.07150612000412081110110102150004,0.23233604431152344,0,208.0,192.0
1.2.643.5.1.13.13.12.2.77.8252.07150612000412081110110102150004,0.1544647514820099,0,80.0,160.0
1.2.643.5.1.13.13.12.2.77.8252.07150612000412081110110102150004,0.05176876485347748,0,96.0,128.0
1.2.643.5.1.13.13.12.2.77.8252.07150612000412081110110102150004,0.04426594823598862,0,112.0,208.0
1.2.643.5.1.13.13.12.2.77.8252.07150612000412081110110102150004,0.14022687077522278,0,144.0,160.0
1.2.643.5.1.13.13.12.2.77.8252.07150612000412081110110102150004,0.05626017972826958,0,160.0,224.0
1.2.643.5.1.13.13.12.2.77.8252.07150612000412081110110102150004,0.047017812728881836,0,128.0,192.0
1.2.643.5.1.13.13.12.2.77.8252.07150612000412081110110102150004,0.05882454663515091,0,252.0,224.0
1.2.643.5.1.13.13.12.2.77.8252.07150612000412081110110102150004,0.08179507404565811,0,96.0,243.0
1.2.643.5.1.13.13.12.2.77.8252.07150612000412081110110102150004,0.1390382945537567,0,64.0,160.0
1.2.643.5.1.13.13.12.2.77.8252.07150612000412081110110102150004,0.12980882823467255,0,96.0,96.0
1.2.643.5.1.13.13.12.2.77.8252.07150612000412081110110102150004,0.13352717459201813,0,224.0,176.0
1.2.643.5.1.13.13.12.2.77.8252.07150612000412081110110102150004,0.06875734776258469,0,208.0,240.0
1.2.643.5.1.13.13.12.2.77.8252.07150612000412081110110102150004,0.05997709929943085,0,192.0,243.0
1.2.643.5.1.13.13.12.2.77.8252.07150612000412081110110102150004,0.19155533611774445,0,224.0,80.0
1.2.643.5.1.13.13.12.2.77.8252.07150612000412081110110102150004,0.1710299700498581,0,96.0,64.0
1.2.643.5.1.13.13.12.2.77.8252.07150612000412081110110102150004,0.38561582565307617,0,160.0,64.0
1.2.643.5.1.13.13.12.2.77.8252.07150612000412081110110102150004,0.4670892059803009,0,144.0,64.0
1.2.643.5.1.13.13.12.2.77.8252.07150612000412081110110102150004,0.07012377679347992,0,112.0,192.0
1.2.643.5.1.13.13.12.2.77.8252.07150612000412081110110102150004,0.1818309724330902,0,160.0,176.0
1.2.643.5.1.13.13.12.2.77.8252.07150612000412081110110102150004,0.1169358417391777,0,224.0,112.0
1.2.643.5.1.13.13.12.2.77.8252.07150612000412081110110102150004,0.17648766934871674,0,80.0,48.0
1.2.643.5.1.13.13.12.2.77.8252.07150612000412081110110102150004,0.0926174446940422,0,112.0,243.0
1.2.643.5.1.13.13.12.2.77.8252.07150612000412081110110102150004,0.04584391042590141,0,252.0,80.0
1.2.643.5.1.13.13.12.2.77.8252.07150612000412081110110102150004,0.05565774440765381,0,144.0,192.0
1.2.643.5.1.13.13.12.2.77.8252.07150612000412081110110102150004,0.07737980782985687,0,252.0,240.0
1.2.643.5.1.13.13.12.2.77.8252.07150612000412081110110102150004,0.1295955628156662,0,112.0,96.0
1.2.643.5.1.13.13.12.2.77.8252.07150612000412081110110102150004,0.07432838529348373,0,144.0,224.0
1.2.643.5.1.13.13.12.2.77.8252.07150612000412081110110102150004,0.057224348187446594,0,48.0,112.0
1.2.643.5.1.13.13.12.2.77.8252.07150612000412081110110102150004,0.30539220571517944,0,192.0,96.0
1.2.643.5.1.13.13.12.2.77.8252.07150612000412081110110102150004,0.14847752451896667,0,208.0,208.0
1.2.643.5.1.13.13.12.2.77.8252.07150612000412081110110102150004,0.09149065613746643,0,176.0,192.0
1.2.643.5.1.13.13.12.2.77.8252.07150612000412081110110102150004,0.27679696679115295,0,128.0,96.0
1.2.643.5.1.13.13.12.2.77.8252.07150612000412081110110102150004,0.10492103546857834,0,176.0,160.0
1.2.643.5.1.13.13.12.2.77.8252.07150612000412081110110102150004,0.10508609563112259,0,192.0,224.0
1.2.643.5.1.13.13.12.2.77.8252.01120709131111081211081313110800,0.9864999055862427,0,193.5,25.5
1.2.643.5.1.13.13.12.2.77.8252.01120709131111081211081313110800,0.9999603033065796,0,33.5,15.5
1.2.643.5.1.13.13.12.2.77.8252.01120709131111081211081313110800,0.9999947547912598,0,86.0,11.0
1.2.643.5.1.13.13.12.2.77.8252.01120709131111081211081313110800,0.9982786178588867,0,253.0,9.5
1.2.643.5.1.13.13.12.2.77.8252.01120709131111081211081313110800,0.9999788999557495,0,31.5,16.0
1.2.643.5.1.13.13.12.2.77.8252.01120709131111081211081313110800,0.9999946355819702,0,85.0,11.5
1.2.643.5.1.13.13.12.2.77.8252.01120709131111081211081313110800,0.9984954595565796,0,250.5,8.0
1.2.643.5.1.13.13.12.2.77.8252.01120709131111081211081313110800,0.9857989549636841,0,192.5,24.5
1.2.643.5.1.13.13.12.2.77.8252.01120709131111081211081313110800,0.8872467875480652,0,142.0,80.0
1.2.643.5.1.13.13.12.2.77.8252.01120709131111081211081313110800,0.995498538017273,0,48.0,48.0
1.2.643.5.1.13.13.12.2.77.8252.01120709131111081211081313110800,0.9975152015686035,0,64.0,48.0
1.2.643.5.1.13.13.12.2.77.8252.01120709131111081211081313110800,0.9955037236213684,0,80.0,48.0
1.2.643.5.1.13.13.12.2.77.8252.01120709131111081211081313110800,0.9882474541664124,0,96.0,48.0
1.2.643.5.1.13.13.12.2.77.8252.01120709131111081211081313110800,0.989884614944458,0,112.0,48.0
1.2.643.5.1.13.13.12.2.77.8252.01120709131111081211081313110800,0.992304265499115,0,128.0,48.0
1.2.643.5.1.13.13.12.2.77.8252.01120709131111081211081313110800,0.9916792511940002,0,144.0,48.0
1.2.643.5.1.13.13.12.2.77.8252.01120709131111081211081313110800,0.9934636354446411,0,160.0,48.0
1.2.643.5.1.13.13.12.2.77.8252.01120709131111081211081313110800,0.990812361240387,0,176.0,48.0
1.2.643.5.1.13.13.12.2.77.8252.01120709131111081211081313110800,0.993638813495636,0,192.0,48.0
1.2.643.5.1.13.13.12.2.77.8252.01120709131111081211081313110800,0.9887218475341797,0,208.0,48.0
1.2.643.5.1.13.13.12.2.77.8252.01120709131111081211081313110800,0.9939785003662109,0,224.0,48.0
1.2.643.5.1.13.13.12.2.77.8252.01120709131111081211081313110800,0.9316083788871765,0,240.0,48.0
1.2.643.5.1.13.13.12.2.77.8252.01120709131111081211081313110800,0.9270095825195312,0,252.0,48.0
1.2.643.5.1.13.13.12.2.77.8252.01120709131111081211081313110800,0.7679029703140259,0,48.0,64.0
1.2.643.5.1.13.13.12.2.77.8252.01120709131111081211081313110800,0.8138206601142883,0,64.0,64.0
1.2.643.5.1.13.13.12.2.77.8252.01120709131111081211081313110800,0.5745173096656799,0,96.0,64.0
1.2.643.5.1.13.13.12.2.77.8252.01120709131111081211081313110800,0.564975380897522,0,112.0,64.0
1.2.643.5.1.13.13.12.2.77.8252.01120709131111081211081313110800,0.7372606992721558,0,128.0,64.0
1.2.643.5.1.13.13.12.2.77.8252.01120709131111081211081313110800,0.9408603310585022,0,144.0,64.0
1.2.643.5.1.13.13.12.2.77.8252.01120709131111081211081313110800,0.9870555400848389,0,160.0,64.0
1.2.643.5.1.13.13.12.2.77.8252.01120709131111081211081313110800,0.983564019203186,0,176.0,64.0
1.2.643.5.1.13.13.12.2.77.8252.01120709131111081211081313110800,0.9865846633911133,0,192.0,64.0
1.2.643.5.1.13.13.12.2.77.8252.01120709131111081211081313110800,0.9099486470222473,0,208.0,64.0
1.2.643.5.1.13.13.12.2.77.8252.01120709131111081211081313110800,0.8805853128433228,0,224.0,64.0
1.2.643.5.1.13.13.12.2.77.8252.01120709131111081211081313110800,0.21855606138706207,0,96.0,80.0
1.2.643.5.1.13.13.12.2.77.8252.01120709131111081211081313110800,0.44456979632377625,0,112.0,80.0
1.2.643.5.1.13.13.12.2.77.8252.01120709131111081211081313110800,0.7055791616439819,0,128.0,80.0
1.2.643.5.1.13.13.12.2.77.8252.01120709131111081211081313110800,0.930990993976593,0,144.0,80.0
1.2.643.5.1.13.13.12.2.77.8252.01120709131111081211081313110800,0.9795665144920349,0,160.0,80.0
1.2.643.5.1.13.13.12.2.77.8252.01120709131111081211081313110800,0.9776797890663147,0,176.0,80.0
1.2.643.5.1.13.13.12.2.77.8252.01120709131111081211081313110800,0.17350608110427856,0,96.0,96.0
1.2.643.5.1.13.13.12.2.77.8252.01120709131111081211081313110800,0.3852018415927887,0,112.0,96.0
1.2.643.5.1.13.13.12.2.77.8252.01120709131111081211081313110800,0.611148476600647,0,128.0,96.0
1.2.643.5.1.13.13.12.2.77.8252.01120709131111081211081313110800,0.5532628893852234,0,144.0,96.0
1.2.643.5.1.13.13.12.2.77.8252.01120709131111081211081313110800,0.529392421245575,0,160.0,96.0
1.2.643.5.1.13.13.12.2.77.8252.01120709131111081211081313110800,0.5315325856208801,0,176.0,96.0
1.2.643.5.1.13.13.12.2.77.8252.01120709131111081211081313110800,0.337062805891037,0,112.0,112.0
1.2.643.5.1.13.13.12.2.77.8252.01120709131111081211081313110800,0.3930266201496124,0,128.0,112.0
1.2.643.5.1.13.13.12.2.77.8252.01120709131111081211081313110800,0.3493198752403259,0,144.0,112.0
1.2.643.5.1.13.13.12.2.77.8252.01120709131111081211081313110800,0.2794846296310425,0,160.0,112.0
1.2.643.5.1.13.13.12.2.77.8252.01120709131111081211081313110800,0.24092146754264832,0,176.0,112.0
1.2.643.5.1.13.13.12.2.77.8252.01120709131111081211081313110800,0.09829357266426086,0,128.0,128.0
1.2.643.5.1.13.13.12.2.77.8252.01120709131111081211081313110800,0.08587518334388733,0,144.0,128.0
1.2.643.5.1.13.13.12.2.77.8252.01120709131111081211081313110800,0.058508533984422684,0,160.0,128.0
1.2.643.5.1.13.13.12.2.77.8252.01120709131111081211081313110800,0.09415806829929352,0,64.0,192.0
1.2.643.5.1.13.13.12.2.77.8252.01120709131111081211081313110800,0.0512055903673172,0,224.0,176.0
1.2.643.5.1.13.13.12.2.77.8252.01120709131111081211081313110800,0.09306193143129349,0,208.0,239.0
1.2.643.5.1.13.13.12.2.77.8252.01120709131111081211081313110800,0.19842910766601562,0,48.0,160.0
1.2.643.5.1.13.13.12.2.77.8252.01120709131111081211081313110800,0.11416268348693848,0,48.0,192.0
1.2.643.5.1.13.13.12.2.77.8252.01120709131111081211081313110800,0.19973397254943848,0,96.0,239.0
1.2.643.5.1.13.13.12.2.77.8252.01120709131111081211081313110800,0.12180311977863312,0,160.0,192.0
1.2.643.5.1.13.13.12.2.77.8252.01120709131111081211081313110800,0.09675037115812302,0,252.0,239.0
1.2.643.5.1.13.13.12.2.77.8252.01120709131111081211081313110800,0.07882245630025864,0,252.0,224.0
1.2.643.5.1.13.13.12.2.77.8252.01120709131111081211081313110800,0.06006721034646034,0,224.0,224.0
1.2.643.5.1.13.13.12.2.77.8252.01120709131111081211081313110800,0.08244750648736954,0,252.0,128.0
1.2.643.5.1.13.13.12.2.77.8252.01120709131111081211081313110800,0.12981510162353516,0,144.0,192.0
1.2.643.5.1.13.13.12.2.77.8252.01120709131111081211081313110800,0.06328745931386948,0,252.0,144.0
1.2.643.5.1.13.13.12.2.77.8252.01120709131111081211081313110800,0.26332247257232666,0,144.0,224.0
1.2.643.5.1.13.13.12.2.77.8252.01120709131111081211081313110800,0.26798856258392334,0,112.0,192.0
1.2.643.5.1.13.13.12.2.77.8252.01120709131111081211081313110800,0.08256005495786667,0,160.0,176.0
1.2.643.5.1.13.13.12.2.77.8252.01120709131111081211081313110800,0.06787030398845673,0,192.0,224.0
1.2.643.5.1.13.13.12.2.77.8252.01120709131111081211081313110800,0.31360915303230286,0,112.0,208.0
1.2.643.5.1.13.13.12.2.77.8252.01120709131111081211081313110800,0.06068239361047745,0,252.0,192.0
1.2.643.5.1.13.13.12.2.77.8252.01120709131111081211081313110800,0.191939577460289,0,96.0,208.0
1.2.643.5.1.13.13.12.2.77.8252.01120709131111081211081313110800,0.15376541018486023,0,80.0,239.0
1.2.643.5.1.13.13.12.2.77.8252.01120709131111081211081313110800,0.02248912863433361,0,192.0,192.0
1.2.643.5.1.13.13.12.2.77.8252.01120709131111081211081313110800,0.33353933691978455,0,160.0,224.0
1.2.643.5.1.13.13.12.2.77.8252.01120709131111081211081313110800,0.2360295206308365,0,48.0,128.0
1.2.643.5.1.13.13.12.2.77.8252.01120709131111081211081313110800,0.04874621704220772,0,252.0,176.0
1.2.643.5.1.13.13.12.2.77.8252.01120709131111081211081313110800,0.07326070219278336,0,48.0,239.0
1.2.643.5.1.13.13.12.2.77.8252.01120709131111081211081313110800,0.037416741251945496,0,64.0,239.0
1.2.643.5.1.13.13.12.2.77.8252.01120709131111081211081313110800,0.2700713276863098,0,112.0,224.0
1.2.643.5.1.13.13.12.2.77.8252.01120709131111081211081313110800,0.18767575919628143,0,96.0,192.0
1.2.643.5.1.13.13.12.2.77.8252.01120709131111081211081313110800,0.2059594839811325,0,48.0,112.0
1.2.643.5.1.13.13.12.2.77.8252.01120709131111081211081313110800,0.5048803687095642,0,160.0,239.0
1.2.643.5.1.13.13.12.2.77.8252.01120709131111081211081313110800,0.029384739696979523,0,208.0,176.0
1.2.643.5.1.13.13.12.2.77.8252.01120709131111081211081313110800,0.09929723292589188,0,176.0,208.0
1.2.643.5.1.13.13.12.2.77.8252.01120709131111081211081313110800,0.1828877180814743,0,128.0,192.0
1.2.643.5.1.13.13.12.2.77.8252.01120709131111081211081313110800,0.49761030077934265,0,128.0,239.0
1.2.643.5.1.13.13.12.2.77.8252.01120709131111081211081313110800,0.14205841720104218,0,48.0,176.0
1.2.643.5.1.13.13.12.2.77.8252.01120709131111081211081313110800,0.16443601250648499,0,64.0,176.0
1.2.643.5.1.13.13.12.2.77.8252.01120709131111081211081313110800,0.07268022745847702,0,176.0,176.0
1.2.643.5.1.13.13.12.2.77.8252.01120709131111081211081313110800,0.2176377773284912,0,48.0,144.0
1.2.643.5.1.13.13.12.2.77.8252.01120709131111081211081313110800,0.143753781914711,0,192.0,239.0
1.2.643.5.1.13.13.12.2.77.8252.10001500010311100907131007040004,0.9014137983322144,0,53.0,71.0
1.2.643.5.1.13.13.12.2.77.8252.10001500010311100907131007040004,0.9820389151573181,0,48.0,48.0
1.2.643.5.1.13.13.12.2.77.8252.10001500010311100907131007040004,0.965289294719696,0,64.0,48.0
1.2.643.5.1.13.13.12.2.77.8252.10001500010311100907131007040004,0.8803257346153259,0,80.0,48.0
1.2.643.5.1.13.13.12.2.77.8252.10001500010311100907131007040004,0.6750041842460632,0,96.0,48.0
1.2.643.5.1.13.13.12.2.77.8252.10001500010311100907131007040004,0.9436818957328796,0,48.0,64.0
1.2.643.5.1.13.13.12.2.77.8252.10001500010311100907131007040004,0.915770411491394,0,64.0,64.0
1.2.643.5.1.13.13.12.2.77.8252.10001500010311100907131007040004,0.7987759113311768,0,80.0,64.0
1.2.643.5.1.13.13.12.2.77.8252.10001500010311100907131007040004,0.5894835591316223,0,96.0,64.0
1.2.643.5.1.13.13.12.2.77.8252.10001500010311100907131007040004,0.8828548789024353,0,48.0,80.0
1.2.643.5.1.13.13.12.2.77.8252.10001500010311100907131007040004,0.8497220277786255,0,64.0,80.0
1.2.643.5.1.13.13.12.2.77.8252.10001500010311100907131007040004,0.6274203062057495,0,80.0,80.0
1.2.643.5.1.13.13.12.2.77.8252.10001500010311100907131007040004,0.37386491894721985,0,96.0,80.0
1.2.643.5.1.13.13.12.2.77.8252.10001500010311100907131007040004,0.818903923034668,0,48.0,96.0
1.2.643.5.1.13.13.12.2.77.8252.10001500010311100907131007040004,0.7908746600151062,0,64.0,96.0
1.2.643.5.1.13.13.12.2.77.8252.10001500010311100907131007040004,0.5449631214141846,0,80.0,96.0
1.2.643.5.1.13.13.12.2.77.8252.10001500010311100907131007040004,0.3551912307739258,0,96.0,96.0
1.2.643.5.1.13.13.12.2.77.8252.10001500010311100907131007040004,0.6346850991249084,0,48.0,112.0
1.2.643.5.1.13.13.12.2.77.8252.10001500010311100907131007040004,0.49992871284484863,0,64.0,112.0
1.2.643.5.1.13.13.12.2.77.8252.10001500010311100907131007040004,0.41694381833076477,0,80.0,112.0
1.2.643.5.1.13.13.12.2.77.8252.10001500010311100907131007040004,0.042389269918203354,0,112.0,176.0
1.2.643.5.1.13.13.12.2.77.8252.10001500010311100907131007040004,0.14238078892230988,0,192.0,128.0
1.2.643.5.1.13.13.12.2.77.8252.10001500010311100907131007040004,0.0775519609451294,0,176.0,64.0
1.2.643.5.1.13.13.12.2.77.8252.10001500010311100907131007040004,0.25396451354026794,0,240.0,48.0
1.2.643.5.1.13.13.12.2.77.8252.10001500010311100907131007040004,0.27937600016593933,0,252.0,80.0
1.2.643.5.1.13.13.12.2.77.8252.10001500010311100907131007040004,0.0696718618273735,0,252.0,256.0
1.2.643.5.1.13.13.12.2.77.8252.10001500010311100907131007040004,0.08352996408939362,0,252.0,240.0
1.2.643.5.1.13.13.12.2.77.8252.10001500010311100907131007040004,0.07822218537330627,0,176.0,176.0
1.2.643.5.1.13.13.12.2.77.8252.10001500010311100907131007040004,0.13334497809410095,0,208.0,192.0
1.2.643.5.1.13.13.12.2.77.8252.10001500010311100907131007040004,0.1815565526485443,0,240.0,128.0
1.2.643.5.1.13.13.12.2.77.8252.10001500010311100907131007040004,0.01989651471376419,0,160.0,256.0
1.2.643.5.1.13.13.12.2.77.8252.10001500010311100907131007040004,0.0477006770670414,0,144.0,64.0
1.2.643.5.1.13.13.12.2.77.8252.10001500010311100907131007040004,0.2521563768386841,0,252.0,112.0
1.2.643.5.1.13.13.12.2.77.8252.10001500010311100907131007040004,0.039431892335414886,0,64.0,192.0
1.2.643.5.1.13.13.12.2.77.8252.10001500010311100907131007040004,0.01717567816376686,0,176.0,256.0
1.2.643.5.1.13.13.12.2.77.8252.10001500010311100907131007040004,0.03560135141015053,0,80.0,224.0
1.2.643.5.1.13.13.12.2.77.8252.10001500010311100907131007040004,0.014142019674181938,0,128.0,160.0
1.2.643.5.1.13.13.12.2.77.8252.10001500010311100907131007040004,0.031366538256406784,0,192.0,240.0
1.2.643.5.1.13.13.12.2.77.8252.10001500010311100907131007040004,0.06656135618686676,0,160.0,112.0
1.2.643.5.1.13.13.12.2.77.8252.10001500010311100907131007040004,0.1786489188671112,0,224.0,48.0
1.2.643.5.1.13.13.12.2.77.8252.10001500010311100907131007040004,0.025597134605050087,0,128.0,176.0
1.2.643.5.1.13.13.12.2.77.8252.10001500010311100907131007040004,0.05414881557226181,0,192.0,208.0
1.2.643.5.1.13.13.12.2.77.8252.10001500010311100907131007040004,0.06904260069131851,0,96.0,256.0
1.2.643.5.1.13.13.12.2.77.8252.10001500010311100907131007040004,0.017379499971866608,0,176.0,224.0
1.2.643.5.1.13.13.12.2.77.8252.10001500010311100907131007040004,0.04744568467140198,0,160.0,96.0
1.2.643.5.1.13.13.12.2.77.8252.10001500010311100907131007040004,0.2703585624694824,0,224.0,128.0
1.2.643.5.1.13.13.12.2.77.8252.10001500010311100907131007040004,0.06743467599153519,0,176.0,160.0
1.2.643.5.1.13.13.12.2.77.8252.10001500010311100907131007040004,0.037310075014829636,0,144.0,80.0
1.2.643.5.1.13.13.12.2.77.8252.10001500010311100907131007040004,0.28084081411361694,0,208.0,112.0
1.2.643.5.1.13.13.12.2.77.8252.10001500010311100907131007040004,0.02004264108836651,0,144.0,272.0
1.2.643.5.1.13.13.12.2.77.8252.10001500010311100907131007040004,0.024838073179125786,0,192.0,256.0
1.2.643.5.1.13.13.12.2.77.8252.10001500010311100907131007040004,0.07224231213331223,0,80.0,272.0
1.2.643.5.1.13.13.12.2.77.8252.10001500010311100907131007040004,0.016050158068537712,0,128.0,240.0
1.2.643.5.1.13.13.12.2.77.8252.10001500010311100907131007040004,0.11122793704271317,0,48.0,272.0
1.2.643.5.1.13.13.12.2.77.8252.10001500010311100907131007040004,0.27364304661750793,0,240.0,64.0
1.2.643.5.1.13.13.12.2.77.8252.10001500010311100907131007040004,0.17924587428569794,0,224.0,80.0
1.2.643.5.1.13.13.12.2.77.8252.10001500010311100907131007040004,0.00908604171127081,0,128.0,192.0
1.2.643.5.1.13.13.12.2.77.8252.10001500010311100907131007040004,0.024512695148587227,0,176.0,192.0
1.2.643.5.1.13.13.12.2.77.8252.10001500010311100907131007040004,0.19138184189796448,0,208.0,144.0
1.2.643.5.1.13.13.12.2.77.8252.10001500010311100907131007040004,0.03756340965628624,0,96.0,192.0
1.2.643.5.1.13.13.12.2.77.8252.09040703010601060814101313081104,0.18852558732032776,0,249.0,81.0
1.2.643.5.1.13.13.12.2.77.8252.09040703010601060814101313081104,0.21306727826595306,0,81.0,65.0
1.2.643.5.1.13.13.12.2.77.8252.09040703010601060814101313081104,0.04652897268533707,0,96.0,144.0
1.2.643.5.1.13.13.12.2.77.8252.09040703010601060814101313081104,0.05456090345978737,0,252.0,240.0
1.2.643.5.1.13.13.12.2.77.8252.09040703010601060814101313081104,0.11494879424571991,0,252.0,144.0
1.2.643.5.1.13.13.12.2.77.8252.09040703010601060814101313081104,0.1640876680612564,0,208.0,64.0
1.2.643.5.1.13.13.12.2.77.8252.09040703010601060814101313081104,0.0414915531873703,0,96.0,128.0
1.2.643.5.1.13.13.12.2.77.8252.09040703010601060814101313081104,0.18724112212657928,0,240.0,48.0
1.2.643.5.1.13.13.12.2.77.8252.09040703010601060814101313081104,0.03677297756075859,0,224.0,224.0
1.2.643.5.1.13.13.12.2.77.8252.09040703010601060814101313081104,0.039577458053827286,0,112.0,243.0
1.2.643.5.1.13.13.12.2.77.8252.09040703010601060814101313081104,0.06986430287361145,0,80.0,176.0
1.2.643.5.1.13.13.12.2.77.8252.09040703010601060814101313081104,0.05807190388441086,0,240.0,240.0
1.2.643.5.1.13.13.12.2.77.8252.09040703010601060814101313081104,0.03455383703112602,0,48.0,192.0
1.2.643.5.1.13.13.12.2.77.8252.09040703010601060814101313081104,0.033056341111660004,0,176.0,224.0
1.2.643.5.1.13.13.12.2.77.8252.09040703010601060814101313081104,0.044918179512023926,0,176.0,208.0
1.2.643.5.1.13.13.12.2.77.8252.09040703010601060814101313081104,0.09721273183822632,0,128.0,160.0
1.2.643.5.1.13.13.12.2.77.8252.09040703010601060814101313081104,0.07362384349107742,0,96.0,80.0
1.2.643.5.1.13.13.12.2.77.8252.09040703010601060814101313081104,0.060965124517679214,0,240.0,243.0
1.2.643.5.1.13.13.12.2.77.8252.09040703010601060814101313081104,0.06400801241397858,0,80.0,208.0
1.2.643.5.1.13.13.12.2.77.8252.09040703010601060814101313081104,0.03973899409174919,0,48.0,224.0
1.2.643.5.1.13.13.12.2.77.8252.09040703010601060814101313081104,0.060582153499126434,0,112.0,112.0
1.2.643.5.1.13.13.12.2.77.8252.09040703010601060814101313081104,0.05708407610654831,0,64.0,128.0
1.2.643.5.1.13.13.12.2.77.8252.09040703010601060814101313081104,0.14222946763038635,0,224.0,176.0
1.2.643.5.1.13.13.12.2.77.8252.09040703010601060814101313081104,0.03628209978342056,0,112.0,96.0
1.2.643.5.1.13.13.12.2.77.8252.09040703010601060814101313081104,0.14514672756195068,0,96.0,64.0
1.2.643.5.1.13.13.12.2.77.8252.09040703010601060814101313081104,0.05935225263237953,0,176.0,243.0
1.2.643.5.1.13.13.12.2.77.8252.09040703010601060814101313081104,0.05053296312689781,0,96.0,160.0
1.2.643.5.1.13.13.12.2.77.8252.09040703010601060814101313081104,0.05641291290521622,0,144.0,96.0
1.2.643.5.1.13.13.12.2.77.8252.09040703010601060814101313081104,0.09868679195642471,0,160.0,64.0
1.2.643.5.1.13.13.12.2.77.8252.09040703010601060814101313081104,0.04623929038643837,0,192.0,240.0
1.2.643.5.1.13.13.12.2.77.8252.09040703010601060814101313081104,0.15678830444812775,0,224.0,80.0
1.2.643.5.1.13.13.12.2.77.8252.09040703010601060814101313081104,0.03390640392899513,0,48.0,160.0
1.2.643.5.1.13.13.12.2.77.8252.09040703010601060814101313081104,0.0898304432630539,0,176.0,96.0
1.2.643.5.1.13.13.12.2.77.8252.09040703010601060814101313081104,0.2803214192390442,0,64.0,64.0
1.2.643.5.1.13.13.12.2.77.8252.09040703010601060814101313081104,0.11777623742818832,0,80.0,80.0
1.2.643.5.1.13.13.12.2.77.8252.09040703010601060814101313081104,0.03869303688406944,0,240.0,224.0
1.2.643.5.1.13.13.12.2.77.8252.09040703010601060814101313081104,0.028496557846665382,0,112.0,128.0
1.2.643.5.1.13.13.12.2.77.8252.09040703010601060814101313081104,0.03993990272283554,0,208.0,224.0
1.2.643.5.1.13.13.12.2.77.8252.09040703010601060814101313081104,0.09380661696195602,0,144.0,64.0
1.2.643.5.1.13.13.12.2.77.8252.09040703010601060814101313081104,0.07353392243385315,0,208.0,192.0
1.2.643.5.1.13.13.12.2.77.8252.09040703010601060814101313081104,0.14982876181602478,0,224.0,96.0
1.2.643.5.1.13.13.12.2.77.8252.09040703010601060814101313081104,0.11240927875041962,0,144.0,128.0
1.2.643.5.1.13.13.12.2.77.8252.09030712140506070904071003000708,0.4141567647457123,0,112.0,68.5
1.2.643.5.1.13.13.12.2.77.8252.09030712140506070904071003000708,0.2485349178314209,0,164.0,73.5
1.2.643.5.1.13.13.12.2.77.8252.09030712140506070904071003000708,0.5535160899162292,0,124.5,183.5
1.2.643.5.1.13.13.12.2.77.8252.09030712140506070904071003000708,0.0860910564661026,0,64.0,48.0
1.2.643.5.1.13.13.12.2.77.8252.09030712140506070904071003000708,0.2578617036342621,0,80.0,48.0
1.2.643.5.1.13.13.12.2.77.8252.09030712140506070904071003000708,0.36610257625579834,0,96.0,48.0
1.2.643.5.1.13.13.12.2.77.8252.09030712140506070904071003000708,0.4201218783855438,0,112.0,48.0
1.2.643.5.1.13.13.12.2.77.8252.09030712140506070904071003000708,0.4298596680164337,0,128.0,48.0
1.2.643.5.1.13.13.12.2.77.8252.09030712140506070904071003000708,0.48911741375923157,0,144.0,48.0
1.2.643.5.1.13.13.12.2.77.8252.09030712140506070904071003000708,0.3475610315799713,0,160.0,48.0
1.2.643.5.1.13.13.12.2.77.8252.09030712140506070904071003000708,0.25097426772117615,0,176.0,48.0
1.2.643.5.1.13.13.12.2.77.8252.09030712140506070904071003000708,0.16923144459724426,0,192.0,48.0
1.2.643.5.1.13.13.12.2.77.8252.09030712140506070904071003000708,0.22254212200641632,0,208.0,48.0
1.2.643.5.1.13.13.12.2.77.8252.09030712140506070904071003000708,0.08906146883964539,0,64.0,64.0
1.2.643.5.1.13.13.12.2.77.8252.09030712140506070904071003000708,0.23539580404758453,0,80.0,64.0
1.2.643.5.1.13.13.12.2.77.8252.09030712140506070904071003000708,0.35261473059654236,0,96.0,64.0
1.2.643.5.1.13.13.12.2.77.8252.09030712140506070904071003000708,0.4293990731239319,0,112.0,64.0
1.2.643.5.1.13.13.12.2.77.8252.09030712140506070904071003000708,0.44196149706840515,0,128.0,64.0
1.2.643.5.1.13.13.12.2.77.8252.09030712140506070904071003000708,0.480386883020401,0,144.0,64.0
1.2.643.5.1.13.13.12.2.77.8252.09030712140506070904071003000708,0.34921830892562866,0,160.0,64.0
1.2.643.5.1.13.13.12.2.77.8252.09030712140506070904071003000708,0.32833853363990784,0,176.0,64.0
1.2.643.5.1.13.13.12.2.77.8252.09030712140506070904071003000708,0.2742551267147064,0,192.0,64.0
1.2.643.5.1.13.13.12.2.77.8252.09030712140506070904071003000708,0.2929694652557373,0,208.0,64.0
1.2.643.5.1.13.13.12.2.77.8252.09030712140506070904071003000708,0.09269724041223526,0,64.0,80.0
1.2.643.5.1.13.13.12.2.77.8252.09030712140506070904071003000708,0.24883930385112762,0,80.0,80.0
1.2.643.5.1.13.13.12.2.77.8252.09030712140506070904071003000708,0.3528601825237274,0,96.0,80.0
1.2.643.5.1.13.13.12.2.77.8252.09030712140506070904071003000708,0.42851385474205017,0,112.0,80.0
1.2.643.5.1.13.13.12.2.77.8252.09030712140506070904071003000708,0.3735673725605011,0,128.0,80.0
1.2.643.5.1.13.13.12.2.77.8252.09030712140506070904071003000708,0.37025773525238037,0,144.0,80.0
1.2.643.5.1.13.13.12.2.77.8252.09030712140506070904071003000708,0.28184568881988525,0,160.0,80.0
1.2.643.5.1.13.13.12.2.77.8252.09030712140506070904071003000708,0.25982463359832764,0,176.0,80.0
1.2.643.5.1.13.13.12.2.77.8252.09030712140506070904071003000708,0.21547365188598633,0,192.0,80.0
1.2.643.5.1.13.13.12.2.77.8252.09030712140506070904071003000708,0.24336931109428406,0,208.0,80.0
1.2.643.5.1.13.13.12.2.77.8252.09030712140506070904071003000708,0.34690168499946594,0,80.0,96.0
1.2.643.5.1.13.13.12.2.77.8252.09030712140506070904071003000708,0.4211765229701996,0,96.0,96.0
1.2.643.5.1.13.13.12.2.77.8252.09030712140506070904071003000708,0.48105213046073914,0,112.0,96.0
1.2.643.5.1.13.13.12.2.77.8252.09030712140506070904071003000708,0.4432433843612671,0,128.0,96.0
1.2.643.5.1.13.13.12.2.77.8252.09030712140506070904071003000708,0.42381614446640015,0,144.0,96.0
1.2.643.5.1.13.13.12.2.77.8252.09030712140506070904071003000708,0.2745973467826843,0,160.0,96.0
1.2.643.5.1.13.13.12.2.77.8252.09030712140506070904071003000708,0.2279789298772812,0,176.0,96.0
1.2.643.5.1.13.13.12.2.77.8252.09030712140506070904071003000708,0.19878676533699036,0,192.0,96.0
1.2.643.5.1.13.13.12.2.77.8252.09030712140506070904071003000708,0.2358066439628601,0,208.0,96.0
1.2.643.5.1.13.13.12.2.77.8252.09030712140506070904071003000708,0.24842697381973267,0,80.0,112.0
1.2.643.5.1.13.13.12.2.77.8252.09030712140506070904071003000708,0.2577019929885864,0,96.0,112.0
1.2.643.5.1.13.13.12.2.77.8252.09030712140506070904071003000708,0.32092517614364624,0,112.0,112.0
1.2.643.5.1.13.13.12.2.77.8252.09030712140506070904071003000708,0.3153892159461975,0,128.0,112.0
1.2.643.5.1.13.13.12.2.77.8252.09030712140506070904071003000708,0.29046469926834106,0,144.0,112.0
1.2.643.5.1.13.13.12.2.77.8252.09030712140506070904071003000708,0.2605333924293518,0,160.0,112.0
1.2.643.5.1.13.13.12.2.77.8252.09030712140506070904071003000708,0.27171722054481506,0,176.0,112.0
1.2.643.5.1.13.13.12.2.77.8252.09030712140506070904071003000708,0.2659114897251129,0,192.0,112.0
1.2.643.5.1.13.13.12.2.77.8252.09030712140506070904071003000708,0.5468001961708069,0,96.0,144.0
1.2.643.5.1.13.13.12.2.77.8252.09030712140506070904071003000708,0.5181517004966736,0,112.0,144.0
1.2.643.5.1.13.13.12.2.77.8252.09030712140506070904071003000708,0.4420098662376404,0,128.0,144.0
1.2.643.5.1.13.13.12.2.77.8252.09030712140506070904071003000708,0.371960312128067,0,144.0,144.0
1.2.643.5.1.13.13.12.2.77.8252.09030712140506070904071003000708,0.42422500252723694,0,160.0,144.0
1.2.643.5.1.13.13.12.2.77.8252.09030712140506070904071003000708,0.2065226137638092,0,80.0,160.0
1.2.643.5.1.13.13.12.2.77.8252.09030712140506070904071003000708,0.6007011532783508,0,96.0,160.0
1.2.643.5.1.13.13.12.2.77.8252.09030712140506070904071003000708,0.6275756359100342,0,112.0,160.0
1.2.643.5.1.13.13.12.2.77.8252.09030712140506070904071003000708,0.6174445748329163,0,128.0,160.0
1.2.643.5.1.13.13.12.2.77.8252.09030712140506070904071003000708,0.5562731623649597,0,144.0,160.0
1.2.643.5.1.13.13.12.2.77.8252.09030712140506070904071003000708,0.6363045573234558,0,160.0,160.0
1.2.643.5.1.13.13.12.2.77.8252.09030712140506070904071003000708,0.1483435034751892,0,80.0,176.0
1.2.643.5.1.13.13.12.2.77.8252.09030712140506070904071003000708,0.4038761556148529,0,96.0,176.0
1.2.643.5.1.13.13.12.2.77.8252.09030712140506070904071003000708,0.4566596746444702,0,112.0,176.0
1.2.643.5.1.13.13.12.2.77.8252.09030712140506070904071003000708,0.46795615553855896,0,128.0,176.0
1.2.643.5.1.13.13.12.2.77.8252.09030712140506070904071003000708,0.42563366889953613,0,144.0,176.0
1.2.643.5.1.13.13.12.2.77.8252.09030712140506070904071003000708,0.41338643431663513,0,160.0,176.0
1.2.643.5.1.13.13.12.2.77.8252.09030712140506070904071003000708,0.0878034234046936,0,80.0,192.0
1.2.643.5.1.13.13.12.2.77.8252.09030712140506070904071003000708,0.292953222990036,0,96.0,192.0
1.2.643.5.1.13.13.12.2.77.8252.09030712140506070904071003000708,0.31779518723487854,0,112.0,192.0
1.2.643.5.1.13.13.12.2.77.8252.09030712140506070904071003000708,0.3488892912864685,0,128.0,192.0
1.2.643.5.1.13.13.12.2.77.8252.09030712140506070904071003000708,0.34954509139060974,0,144.0,192.0
1.2.643.5.1.13.13.12.2.77.8252.09030712140506070904071003000708,0.3732018768787384,0,160.0,192.0
1.2.643.5.1.13.13.12.2.77.8252.09030712140506070904071003000708,0.0784076675772667,0,80.0,208.0
1.2.643.5.1.13.13.12.2.77.8252.09030712140506070904071003000708,0.4352225363254547,0,96.0,208.0
1.2.643.5.1.13.13.12.2.77.8252.09030712140506070904071003000708,0.4762299060821533,0,112.0,208.0
1.2.643.5.1.13.13.12.2.77.8252.09030712140506070904071003000708,0.5755656361579895,0,128.0,208.0
1.2.643.5.1.13.13.12.2.77.8252.09030712140506070904071003000708,0.5954009890556335,0,144.0,208.0
1.2.643.5.1.13.13.12.2.77.8252.09030712140506070904071003000708,0.5646196007728577,0,160.0,208.0
1.2.643.5.1.13.13.12.2.77.8252.09030712140506070904071003000708,0.509710967540741,0,96.0,224.0
1.2.643.5.1.13.13.12.2.77.8252.09030712140506070904071003000708,0.5741185545921326,0,112.0,224.0
1.2.643.5.1.13.13.12.2.77.8252.09030712140506070904071003000708,0.6870336532592773,0,128.0,224.0
1.2.643.5.1.13.13.12.2.77.8252.09030712140506070904071003000708,0.6981493830680847,0,144.0,224.0
1.2.643.5.1.13.13.12.2.77.8252.09030712140506070904071003000708,0.687831461429596,0,160.0,224.0
1.2.643.5.1.13.13.12.2.77.8252.09030712140506070904071003000708,0.0625016912817955,0,252.0,160.0
1.2.643.5.1.13.13.12.2.77.8252.09030712140506070904071003000708,0.0706166997551918,0,224.0,176.0
1.2.643.5.1.13.13.12.2.77.8252.09030712140506070904071003000708,0.06833307445049286,0,240.0,176.0
1.2.643.5.1.13.13.12.2.77.8252.09030712140506070904071003000708,0.054098304361104965,0,252.0,176.0
1.2.643.5.1.13.13.12.2.77.8252.09030712140506070904071003000708,0.07284589111804962,0,224.0,192.0
1.2.643.5.1.13.13.12.2.77.8252.09030712140506070904071003000708,0.054745834320783615,0,240.0,192.0
1.2.643.5.1.13.13.12.2.77.8252.09030712140506070904071003000708,0.0487118698656559,0,252.0,192.0
1.2.643.5.1.13.13.12.2.77.8252.09030712140506070904071003000708,0.05683889612555504,0,224.0,208.0
1.2.643.5.1.13.13.12.2.77.8252.09030712140506070904071003000708,0.044827982783317566,0,240.0,208.0
1.2.643.5.1.13.13.12.2.77.8252.09030712140506070904071003000708,0.05664315074682236,0,252.0,208.0
1.2.643.5.1.13.13.12.2.77.8252.09030712140506070904071003000708,0.05414452776312828,0,224.0,224.0
1.2.643.5.1.13.13.12.2.77.8252.09030712140506070904071003000708,0.03817133978009224,0,240.0,224.0
1.2.643.5.1.13.13.12.2.77.8252.09030712140506070904071003000708,0.044574886560440063,0,252.0,224.0
1.2.643.5.1.13.13.12.2.77.8252.09030712140506070904071003000708,0.05947338789701462,0,224.0,240.0
1.2.643.5.1.13.13.12.2.77.8252.09030712140506070904071003000708,0.04054494947195053,0,240.0,240.0
1.2.643.5.1.13.13.12.2.77.8252.09030712140506070904071003000708,0.056654296815395355,0,252.0,240.0
1.2.643.5.1.13.13.12.2.77.8252.09030712140506070904071003000708,0.10814562439918518,0,224.0,256.0
1.2.643.5.1.13.13.12.2.77.8252.09030712140506070904071003000708,0.0453261099755764,0,240.0,256.0
1.2.643.5.1.13.13.12.2.77.8252.09030712140506070904071003000708,0.07929301261901855,0,252.0,256.0
1.2.643.5.1.13.13.12.2.77.8252.09030712140506070904071003000708,0.11605565994977951,0,224.0,272.0
1.2.643.5.1.13.13.12.2.77.8252.09030712140506070904071003000708,0.07382100820541382,0,240.0,272.0
1.2.643.5.1.13.13.12.2.77.8252.09030712140506070904071003000708,0.11890619993209839,0,252.0,272.0
1.2.643.5.1.13.13.12.2.77.8252.04131510070001011107040403071102,0.2156851440668106,0,192.0,48.0
1.2.643.5.1.13.13.12.2.77.8252.04131510070001011107040403071102,0.03822045773267746,0,64.0,208.0
1.2.643.5.1.13.13.12.2.77.8252.04131510070001011107040403071102,0.1649101972579956,0,240.0,80.0
1.2.643.5.1.13.13.12.2.77.8252.04131510070001011107040403071102,0.23495347797870636,0,80.0,64.0
1.2.643.5.1.13.13.12.2.77.8252.04131510070001011107040403071102,0.09630087018013,0,224.0,176.0
1.2.643.5.1.13.13.12.2.77.8252.04131510070001011107040403071102,0.17567573487758636,0,80.0,96.0
1.2.643.5.1.13.13.12.2.77.8252.04131510070001011107040403071102,0.11767766624689102,0,192.0,112.0
1.2.643.5.1.13.13.12.2.77.8252.04131510070001011107040403071102,0.15056833624839783,0,176.0,96.0
1.2.643.5.1.13.13.12.2.77.8252.04131510070001011107040403071102,0.2899363934993744,0,176.0,208.0
1.2.643.5.1.13.13.12.2.77.8252.04131510070001011107040403071102,0.09590378403663635,0,48.0,80.0
1.2.643.5.1.13.13.12.2.77.8252.04131510070001011107040403071102,0.17734946310520172,0,176.0,80.0
1.2.643.5.1.13.13.12.2.77.8252.04131510070001011107040403071102,0.24930942058563232,0,128.0,48.0
1.2.643.5.1.13.13.12.2.77.8252.04131510070001011107040403071102,0.14784252643585205,0,224.0,96.0
1.2.643.5.1.13.13.12.2.77.8252.04131510070001011107040403071102,0.03147300332784653,0,80.0,176.0
1.2.643.5.1.13.13.12.2.77.8252.04131510070001011107040403071102,0.15540343523025513,0,64.0,64.0
1.2.643.5.1.13.13.12.2.77.8252.04131510070001011107040403071102,0.19977767765522003,0,240.0,64.0
1.2.643.5.1.13.13.12.2.77.8252.04131510070001011107040403071102,0.2211197167634964,0,252.0,64.0
1.2.643.5.1.13.13.12.2.77.8252.04131510070001011107040403071102,0.12613779306411743,0,48.0,48.0
1.2.643.5.1.13.13.12.2.77.8252.04131510070001011107040403071102,0.30810803174972534,0,144.0,48.0
1.2.643.5.1.13.13.12.2.77.8252.04131510070001011107040403071102,0.14826297760009766,0,192.0,128.0
1.2.643.5.1.13.13.12.2.77.8252.04131510070001011107040403071102,0.08098340034484863,0,144.0,144.0
1.2.643.5.1.13.13.12.2.77.8252.04131510070001011107040403071102,0.19581739604473114,0,112.0,64.0
1.2.643.5.1.13.13.12.2.77.8252.04131510070001011107040403071102,0.04520648717880249,0,96.0,192.0
1.2.643.5.1.13.13.12.2.77.8252.04131510070001011107040403071102,0.15332148969173431,0,192.0,144.0
1.2.643.5.1.13.13.12.2.77.8252.04131510070001011107040403071102,0.19630704820156097,0,160.0,208.0
1.2.643.5.1.13.13.12.2.77.8252.04131510070001011107040403071102,0.11373919993638992,0,208.0,128.0
1.2.643.5.1.13.13.12.2.77.8252.04131510070001011107040403071102,0.044831302016973495,0,96.0,208.0
1.2.643.5.1.13.13.12.2.77.8252.04131510070001011107040403071102,0.1803508996963501,0,112.0,80.0
1.2.643.5.1.13.13.12.2.77.8252.04131510070001011107040403071102,0.21577434241771698,0,240.0,48.0
1.2.643.5.1.13.13.12.2.77.8252.04131510070001011107040403071102,0.12055113911628723,0,224.0,144.0
1.2.643.5.1.13.13.12.2.77.8252.04131510070001011107040403071102,0.04685933515429497,0,64.0,224.0
1.2.643.5.1.13.13.12.2.77.8252.04131510070001011107040403071102,0.13700395822525024,0,160.0,176.0
1.2.643.5.1.13.13.12.2.77.8252.04131510070001011107040403071102,0.18427836894989014,0,192.0,80.0
1.2.643.5.1.13.13.12.2.77.8252.04131510070001011107040403071102,0.044920094311237335,0,80.0,224.0
1.2.643.5.1.13.13.12.2.77.8252.04131510070001011107040403071102,0.06464572995901108,0,48.0,112.0
1.2.643.5.1.13.13.12.2.77.8252.04131510070001011107040403071102,0.16563718020915985,0,160.0,96.0
1.2.643.5.1.13.13.12.2.77.8252.04131510070001011107040403071102,0.19758576154708862,0,224.0,48.0
1.2.643.5.1.13.13.12.2.77.8252.04131510070001011107040403071102,0.11790488660335541,0,160.0,112.0
1.2.643.5.1.13.13.12.2.77.8252.04131510070001011107040403071102,0.28393831849098206,0,208.0,64.0
1.2.643.5.1.13.13.12.2.77.8252.04131510070001011107040403071102,0.06332919746637344,0,96.0,224.0
1.2.643.5.1.13.13.12.2.77.8252.11011413051206050400150606100110,0.4194053113460541,0,49.5,88.5
1.2.643.5.1.13.13.12.2.77.8252.11011413051206050400150606100110,0.5662665963172913,0,48.0,48.0
1.2.643.5.1.13.13.12.2.77.8252.11011413051206050400150606100110,0.5389677286148071,0,64.0,48.0
1.2.643.5.1.13.13.12.2.77.8252.11011413051206050400150606100110,0.6603193283081055,0,80.0,48.0
1.2.643.5.1.13.13.12.2.77.8252.11011413051206050400150606100110,0.6799776554107666,0,48.0,64.0
1.2.643.5.1.13.13.12.2.77.8252.11011413051206050400150606100110,0.6540375351905823,0,64.0,64.0
1.2.643.5.1.13.13.12.2.77.8252.11011413051206050400150606100110,0.6469961404800415,0,80.0,64.0
1.2.643.5.1.13.13.12.2.77.8252.11011413051206050400150606100110,0.5392128825187683,0,96.0,64.0
1.2.643.5.1.13.13.12.2.77.8252.11011413051206050400150606100110,0.39831364154815674,0,48.0,80.0
1.2.643.5.1.13.13.12.2.77.8252.11011413051206050400150606100110,0.3515511453151703,0,64.0,80.0
1.2.643.5.1.13.13.12.2.77.8252.11011413051206050400150606100110,0.3683641254901886,0,80.0,80.0
1.2.643.5.1.13.13.12.2.77.8252.11011413051206050400150606100110,0.2577473223209381,0,96.0,80.0
1.2.643.5.1.13.13.12.2.77.8252.11011413051206050400150606100110,0.30678805708885193,0,48.0,96.0
1.2.643.5.1.13.13.12.2.77.8252.11011413051206050400150606100110,0.2490144670009613,0,64.0,96.0
1.2.643.5.1.13.13.12.2.77.8252.11011413051206050400150606100110,0.21814346313476562,0,80.0,96.0
1.2.643.5.1.13.13.12.2.77.8252.11011413051206050400150606100110,0.14999139308929443,0,96.0,96.0
1.2.643.5.1.13.13.12.2.77.8252.11011413051206050400150606100110,0.2703845500946045,0,48.0,112.0
1.2.643.5.1.13.13.12.2.77.8252.11011413051206050400150606100110,0.24938680231571198,0,64.0,112.0
1.2.643.5.1.13.13.12.2.77.8252.11011413051206050400150606100110,0.29271674156188965,0,80.0,112.0
1.2.643.5.1.13.13.12.2.77.8252.11011413051206050400150606100110,0.20766739547252655,0,96.0,112.0
1.2.643.5.1.13.13.12.2.77.8252.11011413051206050400150606100110,0.12043225765228271,0,48.0,128.0
1.2.643.5.1.13.13.12.2.77.8252.11011413051206050400150606100110,0.1325785219669342,0,64.0,128.0
1.2.643.5.1.13.13.12.2.77.8252.11011413051206050400150606100110,0.2188851684331894,0,80.0,128.0
1.2.643.5.1.13.13.12.2.77.8252.11011413051206050400150606100110,0.9500046968460083,0,176.0,64.0
1.2.643.5.1.13.13.12.2.77.8252.11011413051206050400150606100110,0.030413122847676277,0,240.0,64.0
1.2.643.5.1.13.13.12.2.77.8252.11011413051206050400150606100110,0.25803542137145996,0,208.0,80.0
1.2.643.5.1.13.13.12.2.77.8252.11011413051206050400150606100110,0.2305731177330017,0,252.0,267.0
1.2.643.5.1.13.13.12.2.77.8252.11011413051206050400150606100110,0.11120328307151794,0,112.0,208.0
1.2.643.5.1.13.13.12.2.77.8252.11011413051206050400150606100110,0.9932636022567749,0,160.0,176.0
1.2.643.5.1.13.13.12.2.77.8252.11011413051206050400150606100110,0.1755930334329605,0,224.0,240.0
1.2.643.5.1.13.13.12.2.77.8252.11011413051206050400150606100110,0.03028792329132557,0,252.0,240.0
1.2.643.5.1.13.13.12.2.77.8252.11011413051206050400150606100110,0.6200764775276184,0,208.0,208.0
1.2.643.5.1.13.13.12.2.77.8252.11011413051206050400150606100110,0.030335010960698128,0,252.0,160.0
1.2.643.5.1.13.13.12.2.77.8252.11011413051206050400150606100110,0.3601270020008087,0,192.0,96.0
1.2.643.5.1.13.13.12.2.77.8252.11011413051206050400150606100110,0.030919091776013374,0,240.0,96.0
1.2.643.5.1.13.13.12.2.77.8252.11011413051206050400150606100110,0.9072107076644897,0,176.0,224.0
1.2.643.5.1.13.13.12.2.77.8252.11011413051206050400150606100110,0.08480396866798401,0,224.0,224.0
1.2.643.5.1.13.13.12.2.77.8252.11011413051206050400150606100110,0.026112565770745277,0,224.0,144.0
1.2.643.5.1.13.13.12.2.77.8252.11011413051206050400150606100110,0.952256977558136,0,160.0,80.0
1.2.643.5.1.13.13.12.2.77.8252.11011413051206050400150606100110,0.950011670589447,0,160.0,224.0
1.2.643.5.1.13.13.12.2.77.8252.11011413051206050400150606100110,0.9348464608192444,0,192.0,176.0
1.2.643.5.1.13.13.12.2.77.8252.11011413051206050400150606100110,0.8772279620170593,0,128.0,176.0
1.2.643.5.1.13.13.12.2.77.8252.11011413051206050400150606100110,0.9873971343040466,0,160.0,192.0
1.2.643.5.1.13.13.12.2.77.8252.11011413051206050400150606100110,0.027205180376768112,0,240.0,208.0
1.2.643.5.1.13.13.12.2.77.8252.11011413051206050400150606100110,0.039287976920604706,0,224.0,128.0
1.2.643.5.1.13.13.12.2.77.8252.11011413051206050400150606100110,0.03104059025645256,0,240.0,144.0
1.2.643.5.1.13.13.12.2.77.8252.11011413051206050400150606100110,0.030335010960698128,0,48.0,208.0
1.2.643.5.1.13.13.12.2.77.8252.11011413051206050400150606100110,0.03884575143456459,0,64.0,240.0
1.2.643.5.1.13.13.12.2.77.8252.11011413051206050400150606100110,0.9912943243980408,0,160.0,240.0
1.2.643.5.1.13.13.12.2.77.8252.11011413051206050400150606100110,0.02914341539144516,0,224.0,112.0
1.2.643.5.1.13.13.12.2.77.8252.11011413051206050400150606100110,0.030335010960698128,0,252.0,192.0
1.2.643.5.1.13.13.12.2.77.8252.11011413051206050400150606100110,0.9160979390144348,0,144.0,224.0
1.2.643.5.1.13.13.12.2.77.8252.11011413051206050400150606100110,0.7745236754417419,0,96.0,267.0
1.2.643.5.1.13.13.12.2.77.8252.11011413051206050400150606100110,0.9802667498588562,0,192.0,240.0
1.2.643.5.1.13.13.12.2.77.8252.11011413051206050400150606100110,0.787394106388092,0,160.0,128.0
1.2.643.5.1.13.13.12.2.77.8252.11011413051206050400150606100110,0.9410438537597656,0,176.0,176.0
1.2.643.5.1.13.13.12.2.77.8252.11011413051206050400150606100110,0.030970562249422073,0,240.0,160.0
1.2.643.5.1.13.13.12.2.77.8252.11011413051206050400150606100110,0.029544765129685402,0,240.0,240.0
1.2.643.5.1.13.13.12.2.77.8252.11011413051206050400150606100110,0.06435836106538773,0,240.0,256.0
1.2.643.5.1.13.13.12.2.77.8252.11011413051206050400150606100110,0.030335010960698128,0,48.0,224.0
1.2.643.5.1.13.13.12.2.77.8252.11011413051206050400150606100110,0.21996276080608368,0,208.0,48.0
1.2.643.5.1.13.13.12.2.77.8252.11011413051206050400150606100110,0.7793499231338501,0,208.0,267.0
1.2.643.5.1.13.13.12.2.77.8252.11011413051206050400150606100110,0.46403923630714417,0,176.0,144.0
1.2.643.5.1.13.13.12.2.77.8252.07120905081404061009060805020905,0.03715992718935013,0,252.0,112.0
1.2.643.5.1.13.13.12.2.77.8252.07120905081404061009060805020905,0.2222616970539093,0,48.0,64.0
1.2.643.5.1.13.13.12.2.77.8252.07120905081404061009060805020905,0.05251972749829292,0,80.0,144.0
1.2.643.5.1.13.13.12.2.77.8252.07120905081404061009060805020905,0.13896946609020233,0,208.0,270.0
1.2.643.5.1.13.13.12.2.77.8252.07120905081404061009060805020905,0.09089688956737518,0,192.0,270.0
1.2.643.5.1.13.13.12.2.77.8252.07120905081404061009060805020905,0.12403357774019241,0,192.0,160.0
1.2.643.5.1.13.13.12.2.77.8252.07120905081404061009060805020905,0.08306226879358292,0,160.0,240.0
1.2.643.5.1.13.13.12.2.77.8252.07120905081404061009060805020905,0.07365663349628448,0,112.0,224.0
1.2.643.5.1.13.13.12.2.77.8252.07120905081404061009060805020905,0.13239745795726776,0,208.0,192.0
1.2.643.5.1.13.13.12.2.77.8252.07120905081404061009060805020905,0.08878360688686371,0,96.0,96.0
1.2.643.5.1.13.13.12.2.77.8252.07120905081404061009060805020905,0.016474619507789612,0,128.0,176.0
1.2.643.5.1.13.13.12.2.77.8252.07120905081404061009060805020905,0.07890745252370834,0,192.0,64.0
1.2.643.5.1.13.13.12.2.77.8252.07120905081404061009060805020905,0.04912935197353363,0,192.0,80.0
1.2.643.5.1.13.13.12.2.77.8252.07120905081404061009060805020905,0.03329360857605934,0,208.0,128.0
1.2.643.5.1.13.13.12.2.77.8252.07120905081404061009060805020905,0.08421748131513596,0,192.0,192.0
1.2.643.5.1.13.13.12.2.77.8252.07120905081404061009060805020905,0.04977555572986603,0,192.0,240.0
1.2.643.5.1.13.13.12.2.77.8252.07120905081404061009060805020905,0.1129612848162651,0,96.0,64.0
1.2.643.5.1.13.13.12.2.77.8252.07120905081404061009060805020905,0.041291359812021255,0,48.0,192.0
1.2.643.5.1.13.13.12.2.77.8252.07120905081404061009060805020905,0.04027058184146881,0,64.0,160.0
1.2.643.5.1.13.13.12.2.77.8252.07120905081404061009060805020905,0.0479203537106514,0,112.0,192.0
1.2.643.5.1.13.13.12.2.77.8252.07120905081404061009060805020905,0.03323855996131897,0,252.0,176.0
1.2.643.5.1.13.13.12.2.77.8252.07120905081404061009060805020905,0.02322806790471077,0,128.0,160.0
1.2.643.5.1.13.13.12.2.77.8252.07120905081404061009060805020905,0.06154497712850571,0,176.0,80.0
1.2.643.5.1.13.13.12.2.77.8252.07120905081404061009060805020905,0.06524145603179932,0,176.0,144.0
1.2.643.5.1.13.13.12.2.77.8252.07120905081404061009060805020905,0.05325925722718239,0,128.0,270.0
1.2.643.5.1.13.13.12.2.77.8252.07120905081404061009060805020905,0.0429808609187603,0,160.0,144.0
1.2.643.5.1.13.13.12.2.77.8252.07120905081404061009060805020905,0.15611562132835388,0,176.0,176.0
1.2.643.5.1.13.13.12.2.77.8252.07120905081404061009060805020905,0.1704854965209961,0,224.0,192.0
1.2.643.5.1.13.13.12.2.77.8252.07120905081404061009060805020905,0.08458396047353745,0,112.0,64.0
1.2.643.5.1.13.13.12.2.77.8252.07120905081404061009060805020905,0.08708883076906204,0,208.0,80.0
1.2.643.5.1.13.13.12.2.77.8252.07120905081404061009060805020905,0.11538777500391006,0,144.0,208.0
1.2.643.5.1.13.13.12.2.77.8252.07120905081404061009060805020905,0.15877003967761993,0,176.0,96.0
1.2.643.5.1.13.13.12.2.77.8252.07120905081404061009060805020905,0.04085231199860573,0,252.0,256.0
1.2.643.5.1.13.13.12.2.77.8252.07120905081404061009060805020905,0.15972715616226196,0,176.0,112.0
1.2.643.5.1.13.13.12.2.77.8252.07120905081404061009060805020905,0.025256408378481865,0,80.0,224.0
1.2.643.5.1.13.13.12.2.77.8252.07120905081404061009060805020905,0.03541048616170883,0,252.0,160.0
1.2.643.5.1.13.13.12.2.77.8252.07120905081404061009060805020905,0.04171497002243996,0,96.0,240.0
1.2.643.5.1.13.13.12.2.77.8252.07120905081404061009060805020905,0.1603384166955948,0,224.0,224.0
1.2.643.5.1.13.13.12.2.77.8252.07120905081404061009060805020905,0.1234750747680664,0,80.0,80.0
1.2.643.5.1.13.13.12.2.77.8252.07120905081404061009060805020905,0.05077967792749405,0,144.0,144.0
1.2.643.5.1.13.13.12.2.77.8252.03120113151010021310000801051000,0.6888110637664795,0,137.5,172.0
1.2.643.5.1.13.13.12.2.77.8252.03120113151010021310000801051000,0.7283675074577332,0,145.5,115.5
1.2.643.5.1.13.13.12.2.77.8252.03120113151010021310000801051000,0.9226820468902588,0,152.0,234.0
1.2.643.5.1.13.13.12.2.77.8252.03120113151010021310000801051000,0.09012587368488312,0,96.0,112.0
1.2.643.5.1.13.13.12.2.77.8252.03120113151010021310000801051000,0.9166545271873474,0,160.0,240.0
1.2.643.5.1.13.13.12.2.77.8252.03120113151010021310000801051000,0.3394230902194977,0,160.0,96.0
1.2.643.5.1.13.13.12.2.77.8252.03120113151010021310000801051000,0.2609400153160095,0,208.0,48.0
1.2.643.5.1.13.13.12.2.77.8252.03120113151010021310000801051000,0.13004018366336823,0,224.0,208.0
1.2.643.5.1.13.13.12.2.77.8252.03120113151010021310000801051000,0.10255158692598343,0,96.0,48.0
1.2.643.5.1.13.13.12.2.77.8252.03120113151010021310000801051000,0.6203737258911133,0,112.0,176.0
1.2.643.5.1.13.13.12.2.77.8252.03120113151010021310000801051000,0.03749868646264076,0,252.0,224.0
1.2.643.5.1.13.13.12.2.77.8252.03120113151010021310000801051000,0.046316761523485184,0,252.0,240.0
1.2.643.5.1.13.13.12.2.77.8252.03120113151010021310000801051000,0.39487338066101074,0,176.0,192.0
1.2.643.5.1.13.13.12.2.77.8252.03120113151010021310000801051000,0.055505260825157166,0,64.0,96.0
1.2.643.5.1.13.13.12.2.77.8252.03120113151010021310000801051000,0.7784775495529175,0,128.0,241.0
1.2.643.5.1.13.13.12.2.77.8252.03120113151010021310000801051000,0.05014856532216072,0,80.0,144.0
1.2.643.5.1.13.13.12.2.77.8252.03120113151010021310000801051000,0.17657949030399323,0,112.0,112.0
1.2.643.5.1.13.13.12.2.77.8252.03120113151010021310000801051000,0.39830896258354187,0,112.0,160.0
1.2.643.5.1.13.13.12.2.77.8252.03120113151010021310000801051000,0.1142699345946312,0,64.0,64.0
1.2.643.5.1.13.13.12.2.77.8252.03120113151010021310000801051000,0.11947149783372879,0,208.0,128.0
1.2.643.5.1.13.13.12.2.77.8252.03120113151010021310000801051000,0.19260333478450775,0,128.0,48.0
1.2.643.5.1.13.13.12.2.77.8252.03120113151010021310000801051000,0.08440335094928741,0,240.0,241.0
1.2.643.5.1.13.13.12.2.77.8252.03120113151010021310000801051000,0.8403283357620239,0,144.0,224.0
1.2.643.5.1.13.13.12.2.77.8252.03120113151010021310000801051000,0.24316120147705078,0,192.0,176.0
1.2.643.5.1.13.13.12.2.77.8252.03120113151010021310000801051000,0.17731326818466187,0,144.0,64.0
1.2.643.5.1.13.13.12.2.77.8252.03120113151010021310000801051000,0.030969705432653427,0,252.0,208.0
1.2.643.5.1.13.13.12.2.77.8252.03120113151010021310000801051000,0.10153081268072128,0,208.0,176.0
1.2.643.5.1.13.13.12.2.77.8252.03120113151010021310000801051000,0.03299698978662491,0,240.0,192.0
1.2.643.5.1.13.13.12.2.77.8252.03120113151010021310000801051000,0.03559761866927147,0,240.0,128.0
1.2.643.5.1.13.13.12.2.77.8252.03120113151010021310000801051000,0.07331560552120209,0,208.0,144.0
1.2.643.5.1.13.13.12.2.77.8252.03120113151010021310000801051000,0.18100234866142273,0,96.0,224.0
1.2.643.5.1.13.13.12.2.77.8252.03120113151010021310000801051000,0.7452073097229004,0,176.0,240.0
1.2.643.5.1.13.13.12.2.77.8252.03120113151010021310000801051000,0.4764311611652374,0,112.0,128.0
1.2.643.5.1.13.13.12.2.77.8252.03120113151010021310000801051000,0.0669868066906929,0,112.0,96.0
1.2.643.5.1.13.13.12.2.77.8252.03120113151010021310000801051000,0.1373053342103958,0,224.0,144.0
1.2.643.5.1.13.13.12.2.77.8252.03120113151010021310000801051000,0.1433708369731903,0,80.0,48.0
1.2.643.5.1.13.13.12.2.77.8252.03120113151010021310000801051000,0.4022239148616791,0,112.0,192.0
1.2.643.5.1.13.13.12.2.77.8252.03120113151010021310000801051000,0.9288361072540283,0,144.0,240.0
1.2.643.5.1.13.13.12.2.77.8252.03120113151010021310000801051000,0.029768081381917,0,48.0,208.0
1.2.643.5.1.13.13.12.2.77.8252.03120113151010021310000801051000,0.0873137041926384,0,80.0,208.0
1.2.643.5.1.13.13.12.2.77.8252.03120113151010021310000801051000,0.21065784990787506,0,192.0,64.0
1.2.643.5.1.13.13.12.2.77.8252.03120113151010021310000801051000,0.7786798477172852,0,112.0,240.0
1.2.643.5.1.13.13.12.2.77.8252.03120113151010021310000801051000,0.08874954283237457,0,80.0,64.0
1.2.643.5.1.13.13.12.2.77.8252.00121200081108110912041503010000,0.6002973318099976,0,72.0,33.5
1.2.643.5.1.13.13.12.2.77.8252.00121200081108110912041503010000,0.38656121492385864,0,128.0,279.5
1.2.643.5.1.13.13.12.2.77.8252.00121200081108110912041503010000,0.33047378063201904,0,197.5,280.0
1.2.643.5.1.13.13.12.2.77.8252.00121200081108110912041503010000,0.25748443603515625,0,263.0,271.5
1.2.643.5.1.13.13.12.2.77.8252.00121200081108110912041503010000,0.4839584231376648,0,96.0,48.0
1.2.643.5.1.13.13.12.2.77.8252.00121200081108110912041503010000,0.19681304693222046,0,128.0,240.0
1.2.643.5.1.13.13.12.2.77.8252.00121200081108110912041503010000,0.1130046471953392,0,80.0,256.0
1.2.643.5.1.13.13.12.2.77.8252.00121200081108110912041503010000,0.19376282393932343,0,208.0,256.0
1.2.643.5.1.13.13.12.2.77.8252.00121200081108110912041503010000,0.12199485301971436,0,192.0,128.0
1.2.643.5.1.13.13.12.2.77.8252.00121200081108110912041503010000,0.039840217679739,0,48.0,192.0
1.2.643.5.1.13.13.12.2.77.8252.00121200081108110912041503010000,0.28625723719596863,0,80.0,96.0
1.2.643.5.1.13.13.12.2.77.8252.00121200081108110912041503010000,0.6570287346839905,0,160.0,256.0
1.2.643.5.1.13.13.12.2.77.8252.00121200081108110912041503010000,0.17896607518196106,0,160.0,192.0
1.2.643.5.1.13.13.12.2.77.8252.00121200081108110912041503010000,0.1926150768995285,0,96.0,192.0
1.2.643.5.1.13.13.12.2.77.8252.00121200081108110912041503010000,0.4527319073677063,0,112.0,48.0
1.2.643.5.1.13.13.12.2.77.8252.00121200081108110912041503010000,0.13594765961170197,0,96.0,112.0
1.2.643.5.1.13.13.12.2.77.8252.00121200081108110912041503010000,0.1275613009929657,0,192.0,112.0
1.2.643.5.1.13.13.12.2.77.8252.00121200081108110912041503010000,0.5005433559417725,0,112.0,270.0
1.2.643.5.1.13.13.12.2.77.8252.00121200081108110912041503010000,0.2777325510978699,0,96.0,160.0
1.2.643.5.1.13.13.12.2.77.8252.00121200081108110912041503010000,0.03903266414999962,0,48.0,176.0
1.2.643.5.1.13.13.12.2.77.8252.00121200081108110912041503010000,0.21519255638122559,0,192.0,96.0
1.2.643.5.1.13.13.12.2.77.8252.00121200081108110912041503010000,0.30997514724731445,0,128.0,80.0
1.2.643.5.1.13.13.12.2.77.8252.00121200081108110912041503010000,0.5301039218902588,0,128.0,64.0
1.2.643.5.1.13.13.12.2.77.8252.00121200081108110912041503010000,0.4048943817615509,0,144.0,256.0
1.2.643.5.1.13.13.12.2.77.8252.00121200081108110912041503010000,0.10535842180252075,0,144.0,176.0
1.2.643.5.1.13.13.12.2.77.8252.00121200081108110912041503010000,0.25364819169044495,0,240.0,256.0
1.2.643.5.1.13.13.12.2.77.8252.00121200081108110912041503010000,0.08583088964223862,0,208.0,160.0
1.2.643.5.1.13.13.12.2.77.8252.00121200081108110912041503010000,0.11447078734636307,0,224.0,176.0
1.2.643.5.1.13.13.12.2.77.8252.00121200081108110912041503010000,0.13413770496845245,0,80.0,176.0
1.2.643.5.1.13.13.12.2.77.8252.00121200081108110912041503010000,0.37832438945770264,0,160.0,224.0
1.2.643.5.1.13.13.12.2.77.8252.00121200081108110912041503010000,0.1931101232767105,0,192.0,208.0
1.2.643.5.1.13.13.12.2.77.8252.00121200081108110912041503010000,0.10952436923980713,0,80.0,208.0
1.2.643.5.1.13.13.12.2.77.8252.00121200081108110912041503010000,0.2998957931995392,0,112.0,208.0
1.2.643.5.1.13.13.12.2.77.8252.00121200081108110912041503010000,0.21719112992286682,0,192.0,240.0
1.2.643.5.1.13.13.12.2.77.8252.00121200081108110912041503010000,0.09077323973178864,0,176.0,128.0
1.2.643.5.1.13.13.12.2.77.8252.00121200081108110912041503010000,0.11358832567930222,0,240.0,176.0
1.2.643.5.1.13.13.12.2.77.8252.00121200081108110912041503010000,0.06503704190254211,0,64.0,240.0
1.2.643.5.1.13.13.12.2.77.8252.00121200081108110912041503010000,0.13436424732208252,0,80.0,160.0
1.2.643.5.1.13.13.12.2.77.8252.00121200081108110912041503010000,0.05851214379072189,0,80.0,240.0
1.2.643.5.1.13.13.12.2.77.8252.00121200081108110912041503010000,0.24610213935375214,0,176.0,80.0
1.2.643.5.1.13.13.12.2.77.8252.00121200081108110912041503010000,0.2665742039680481,0,128.0,208.0
1.2.643.5.1.13.13.12.2.77.8252.00121200081108110912041503010000,0.521136462688446,0,96.0,64.0
1.2.643.5.1.13.13.12.2.77.8252.00121200081108110912041503010000,0.03883318603038788,0,48.0,160.0
1.2.643.5.1.13.13.12.2.77.8252.00121200081108110912041503010000,0.059413470327854156,0,64.0,176.0
1.2.643.5.1.13.13.12.2.77.8252.05001409080504151204111500000514,0.5868756175041199,0,47.0,48.5
1.2.643.5.1.13.13.12.2.77.8252.05001409080504151204111500000514,0.04629942774772644,0,176.0,144.0
1.2.643.5.1.13.13.12.2.77.8252.05001409080504151204111500000514,0.03863733634352684,0,112.0,96.0
1.2.643.5.1.13.13.12.2.77.8252.05001409080504151204111500000514,0.1933220475912094,0,240.0,64.0
1.2.643.5.1.13.13.12.2.77.8252.05001409080504151204111500000514,0.02040684223175049,0,176.0,224.0
1.2.643.5.1.13.13.12.2.77.8252.05001409080504151204111500000514,0.5815553665161133,0,48.0,48.0
1.2.643.5.1.13.13.12.2.77.8252.05001409080504151204111500000514,0.17728428542613983,0,80.0,48.0
1.2.643.5.1.13.13.12.2.77.8252.05001409080504151204111500000514,0.12808480858802795,0,176.0,48.0
1.2.643.5.1.13.13.12.2.77.8252.05001409080504151204111500000514,0.14191091060638428,0,112.0,243.0
1.2.643.5.1.13.13.12.2.77.8252.05001409080504151204111500000514,0.07884296774864197,0,80.0,144.0
1.2.643.5.1.13.13.12.2.77.8252.05001409080504151204111500000514,0.19470657408237457,0,240.0,80.0
1.2.643.5.1.13.13.12.2.77.8252.05001409080504151204111500000514,0.06700427830219269,0,240.0,243.0
1.2.643.5.1.13.13.12.2.77.8252.05001409080504151204111500000514,0.0403069369494915,0,112.0,192.0
1.2.643.5.1.13.13.12.2.77.8252.05001409080504151204111500000514,0.04152718186378479,0,128.0,80.0
1.2.643.5.1.13.13.12.2.77.8252.05001409080504151204111500000514,0.2837417721748352,0,224.0,64.0
1.2.643.5.1.13.13.12.2.77.8252.05001409080504151204111500000514,0.05795816704630852,0,240.0,144.0
1.2.643.5.1.13.13.12.2.77.8252.05001409080504151204111500000514,0.1006859764456749,0,64.0,240.0
1.2.643.5.1.13.13.12.2.77.8252.05001409080504151204111500000514,0.04505353048443794,0,160.0,112.0
1.2.643.5.1.13.13.12.2.77.8252.05001409080504151204111500000514,0.09531765431165695,0,96.0,240.0
1.2.643.5.1.13.13.12.2.77.8252.05001409080504151204111500000514,0.07000885158777237,0,160.0,243.0
1.2.643.5.1.13.13.12.2.77.8252.05001409080504151204111500000514,0.10067041218280792,0,80.0,112.0
1.2.643.5.1.13.13.12.2.77.8252.05001409080504151204111500000514,0.03807320445775986,0,192.0,240.0
1.2.643.5.1.13.13.12.2.77.8252.05001409080504151204111500000514,0.10537645220756531,0,80.0,160.0
1.2.643.5.1.13.13.12.2.77.8252.05001409080504151204111500000514,0.013541298918426037,0,176.0,208.0
1.2.643.5.1.13.13.12.2.77.8252.05001409080504151204111500000514,0.03350410610437393,0,160.0,144.0
1.2.643.5.1.13.13.12.2.77.8252.05001409080504151204111500000514,0.027977921068668365,0,192.0,192.0
1.2.643.5.1.13.13.12.2.77.8252.05001409080504151204111500000514,0.06227615475654602,0,64.0,224.0
1.2.643.5.1.13.13.12.2.77.8252.05001409080504151204111500000514,0.04217395558953285,0,144.0,160.0
1.2.643.5.1.13.13.12.2.77.8252.05001409080504151204111500000514,0.08797463774681091,0,80.0,176.0
1.2.643.5.1.13.13.12.2.77.8252.05001409080504151204111500000514,0.1246243268251419,0,208.0,128.0
1.2.643.5.1.13.13.12.2.77.8252.05001409080504151204111500000514,0.03624087572097778,0,112.0,208.0
1.2.643.5.1.13.13.12.2.77.8252.05001409080504151204111500000514,0.05057680234313011,0,176.0,243.0
1.2.643.5.1.13.13.12.2.77.8252.05001409080504151204111500000514,0.05982888489961624,0,96.0,160.0
1.2.643.5.1.13.13.12.2.77.8252.05001409080504151204111500000514,0.12905684113502502,0,80.0,80.0
1.2.643.5.1.13.13.12.2.77.8252.05001409080504151204111500000514,0.11039996892213821,0,48.0,144.0
1.2.643.5.1.13.13.12.2.77.8252.05001409080504151204111500000514,0.1239500641822815,0,144.0,243.0
1.2.643.5.1.13.13.12.2.77.8252.05001409080504151204111500000514,0.11057038605213165,0,208.0,112.0
1.2.643.5.1.13.13.12.2.77.8252.05001409080504151204111500000514,0.05138300731778145,0,96.0,144.0
1.2.643.5.1.13.13.12.2.77.8252.05001409080504151204111500000514,0.10272005945444107,0,80.0,128.0
1.2.643.5.1.13.13.12.2.77.8252.05001409080504151204111500000514,0.03634866699576378,0,128.0,48.0
1.2.643.5.1.13.13.12.2.77.8252.05001409080504151204111500000514,0.1270565390586853,0,64.0,112.0
1.2.643.5.1.13.13.12.2.77.8252.08131412000401011215150704040610,0.5706301331520081,0,45.0,59.0
1.2.643.5.1.13.13.12.2.77.8252.08131412000401011215150704040610,0.6169265508651733,0,48.0,48.0
1.2.643.5.1.13.13.12.2.77.8252.08131412000401011215150704040610,0.6105870008468628,0,64.0,48.0
1.2.643.5.1.13.13.12.2.77.8252.08131412000401011215150704040610,0.5826195478439331,0,80.0,48.0
1.2.643.5.1.13.13.12.2.77.8252.08131412000401011215150704040610,0.6212360858917236,0,48.0,64.0
1.2.643.5.1.13.13.12.2.77.8252.08131412000401011215150704040610,0.6945820450782776,0,64.0,64.0
1.2.643.5.1.13.13.12.2.77.8252.08131412000401011215150704040610,0.7512896656990051,0,80.0,64.0
1.2.643.5.1.13.13.12.2.77.8252.08131412000401011215150704040610,0.6981956958770752,0,48.0,80.0
1.2.643.5.1.13.13.12.2.77.8252.08131412000401011215150704040610,0.8365695476531982,0,64.0,80.0
1.2.643.5.1.13.13.12.2.77.8252.08131412000401011215150704040610,0.847417950630188,0,80.0,80.0
1.2.643.5.1.13.13.12.2.77.8252.08131412000401011215150704040610,0.35860851407051086,0,48.0,96.0
1.2.643.5.1.13.13.12.2.77.8252.08131412000401011215150704040610,0.5266150236129761,0,64.0,96.0
1.2.643.5.1.13.13.12.2.77.8252.08131412000401011215150704040610,0.42793408036231995,0,80.0,96.0
1.2.643.5.1.13.13.12.2.77.8252.08131412000401011215150704040610,0.0475788414478302,0,48.0,256.0
1.2.643.5.1.13.13.12.2.77.8252.08131412000401011215150704040610,0.10534078627824783,0,240.0,256.0
1.2.643.5.1.13.13.12.2.77.8252.08131412000401011215150704040610,0.2313721626996994,0,208.0,176.0
1.2.643.5.1.13.13.12.2.77.8252.08131412000401011215150704040610,0.13287140429019928,0,240.0,267.0
1.2.643.5.1.13.13.12.2.77.8252.08131412000401011215150704040610,0.1194663941860199,0,252.0,267.0
1.2.643.5.1.13.13.12.2.77.8252.08131412000401011215150704040610,0.031881511211395264,0,48.0,224.0
1.2.643.5.1.13.13.12.2.77.8252.08131412000401011215150704040610,0.04819127917289734,0,176.0,267.0
1.2.643.5.1.13.13.12.2.77.8252.08131412000401011215150704040610,0.036181624978780746,0,64.0,208.0
1.2.643.5.1.13.13.12.2.77.8252.08131412000401011215150704040610,0.0798671692609787,0,240.0,80.0
1.2.643.5.1.13.13.12.2.77.8252.08131412000401011215150704040610,0.19656191766262054,0,192.0,80.0
1.2.643.5.1.13.13.12.2.77.8252.08131412000401011215150704040610,0.0932016521692276,0,128.0,267.0
1.2.643.5.1.13.13.12.2.77.8252.08131412000401011215150704040610,0.035656753927469254,0,96.0,208.0
1.2.643.5.1.13.13.12.2.77.8252.08131412000401011215150704040610,0.05939756706357002,0,252.0,112.0
1.2.643.5.1.13.13.12.2.77.8252.08131412000401011215150704040610,0.12403226643800735,0,224.0,112.0
1.2.643.5.1.13.13.12.2.77.8252.08131412000401011215150704040610,0.17568162083625793,0,208.0,64.0
1.2.643.5.1.13.13.12.2.77.8252.08131412000401011215150704040610,0.09520310163497925,0,208.0,256.0
1.2.643.5.1.13.13.12.2.77.8252.08131412000401011215150704040610,0.27745547890663147,0,176.0,96.0
1.2.643.5.1.13.13.12.2.77.8252.08131412000401011215150704040610,0.04051898047327995,0,96.0,224.0
1.2.643.5.1.13.13.12.2.77.8252.08131412000401011215150704040610,0.13309431076049805,0,224.0,96.0
1.2.643.5.1.13.13.12.2.77.8252.08131412000401011215150704040610,0.06954648345708847,0,96.0,176.0
1.2.643.5.1.13.13.12.2.77.8252.08131412000401011215150704040610,0.11485573649406433,0,208.0,96.0
1.2.643.5.1.13.13.12.2.77.8252.08131412000401011215150704040610,0.03400157764554024,0,224.0,240.0
1.2.643.5.1.13.13.12.2.77.8252.08131412000401011215150704040610,0.05451171472668648,0,192.0,256.0
1.2.643.5.1.13.13.12.2.77.8252.08131412000401011215150704040610,0.09391210973262787,0,224.0,192.0
1.2.643.5.1.13.13.12.2.77.8252.08131412000401011215150704040610,0.17922452092170715,0,128.0,160.0
1.2.643.5.1.13.13.12.2.77.8252.08131412000401011215150704040610,0.13116240501403809,0,208.0,112.0
1.2.643.5.1.13.13.12.2.77.8252.08131412000401011215150704040610,0.0671074241399765,0,240.0,224.0
1.2.643.5.1.13.13.12.2.77.8252.08131412000401011215150704040610,0.23605751991271973,0,176.0,112.0
1.2.643.5.1.13.13.12.2.77.8252.08131412000401011215150704040610,0.09274285286664963,0,240.0,96.0
1.2.643.5.1.13.13.12.2.77.8252.08131412000401011215150704040610,0.05316072702407837,0,144.0,267.0
1.2.643.5.1.13.13.12.2.77.8252.08131412000401011215150704040610,0.05813349038362503,0,192.0,208.0
1.2.643.5.1.13.13.12.2.77.8252.08131412000401011215150704040610,0.06637443602085114,0,240.0,192.0
1.2.643.5.1.13.13.12.2.77.8252.08131412000401011215150704040610,0.06527897715568542,0,240.0,160.0
1.2.643.5.1.13.13.12.2.77.8252.08131412000401011215150704040610,0.17194870114326477,0,192.0,128.0
1.2.643.5.1.13.13.12.2.77.8252.08131412000401011215150704040610,0.015108282677829266,0,64.0,240.0
1.2.643.5.1.13.13.12.2.77.8252.08131412000401011215150704040610,0.27252066135406494,0,160.0,176.0
1.2.643.5.1.13.13.12.2.77.8252.08131412000401011215150704040610,0.06415509432554245,0,240.0,128.0
1.2.643.5.1.13.13.12.2.77.8252.08131412000401011215150704040610,0.033397044986486435,0,80.0,256.0
1.2.643.5.1.13.13.12.2.77.8252.08131412000401011215150704040610,0.019831718876957893,0,112.0,208.0
1.2.643.5.1.13.13.12.2.77.8252.08131412000401011215150704040610,0.09507057070732117,0,240.0,64.0
1.2.643.5.1.13.13.12.2.77.8252.05100110120015150515030506140402,0.09320240467786789,0,64.0,295.0
1.2.643.5.1.13.13.12.2.77.8252.05100110120015150515030506140402,0.07274584472179413,0,224.0,144.0
1.2.643.5.1.13.13.12.2.77.8252.05100110120015150515030506140402,0.1864788681268692,0,208.0,224.0
1.2.643.5.1.13.13.12.2.77.8252.05100110120015150515030506140402,0.27035364508628845,0,160.0,48.0
1.2.643.5.1.13.13.12.2.77.8252.05100110120015150515030506140402,0.09491939097642899,0,208.0,295.0
1.2.643.5.1.13.13.12.2.77.8252.05100110120015150515030506140402,0.2117680311203003,0,192.0,288.0
1.2.643.5.1.13.13.12.2.77.8252.05100110120015150515030506140402,0.16079702973365784,0,80.0,144.0
1.2.643.5.1.13.13.12.2.77.8252.05100110120015150515030506140402,0.09858816117048264,0,128.0,192.0
1.2.643.5.1.13.13.12.2.77.8252.05100110120015150515030506140402,0.183113694190979,0,80.0,192.0
1.2.643.5.1.13.13.12.2.77.8252.05100110120015150515030506140402,0.3063175678253174,0,192.0,272.0
1.2.643.5.1.13.13.12.2.77.8252.05100110120015150515030506140402,0.15931852161884308,0,240.0,96.0
1.2.643.5.1.13.13.12.2.77.8252.05100110120015150515030506140402,0.20745787024497986,0,96.0,288.0
1.2.643.5.1.13.13.12.2.77.8252.05100110120015150515030506140402,0.03973301127552986,0,160.0,144.0
1.2.643.5.1.13.13.12.2.77.8252.05100110120015150515030506140402,0.19604362547397614,0,192.0,240.0
1.2.643.5.1.13.13.12.2.77.8252.05100110120015150515030506140402,0.16049417853355408,0,240.0,80.0
1.2.643.5.1.13.13.12.2.77.8252.05100110120015150515030506140402,0.31725239753723145,0,144.0,295.0
1.2.643.5.1.13.13.12.2.77.8252.05100110120015150515030506140402,0.16314385831356049,0,64.0,80.0
1.2.643.5.1.13.13.12.2.77.8252.05100110120015150515030506140402,0.05853217840194702,0,176.0,128.0
1.2.643.5.1.13.13.12.2.77.8252.05100110120015150515030506140402,0.28260111808776855,0,144.0,48.0
1.2.643.5.1.13.13.12.2.77.8252.05100110120015150515030506140402,0.20382340252399445,0,128.0,80.0
1.2.643.5.1.13.13.12.2.77.8252.05100110120015150515030506140402,0.05581887066364288,0,48.0,176.0
1.2.643.5.1.13.13.12.2.77.8252.05100110120015150515030506140402,0.07745074480772018,0,176.0,112.0
1.2.643.5.1.13.13.12.2.77.8252.05100110120015150515030506140402,0.06218767538666725,0,176.0,192.0
1.2.643.5.1.13.13.12.2.77.8252.05100110120015150515030506140402,0.10069622844457626,0,240.0,192.0
1.2.643.5.1.13.13.12.2.77.8252.05100110120015150515030506140402,0.09320526570081711,0,112.0,160.0
1.2.643.5.1.13.13.12.2.77.8252.05100110120015150515030506140402,0.06915874034166336,0,224.0,295.0
1.2.643.5.1.13.13.12.2.77.8252.05100110120015150515030506140402,0.13716334104537964,0,224.0,272.0
1.2.643.5.1.13.13.12.2.77.8252.05100110120015150515030506140402,0.13242818415164948,0,176.0,288.0
1.2.643.5.1.13.13.12.2.77.8252.05100110120015150515030506140402,0.1693248748779297,0,160.0,64.0
1.2.643.5.1.13.13.12.2.77.8252.05100110120015150515030506140402,0.09931322932243347,0,240.0,176.0
1.2.643.5.1.13.13.12.2.77.8252.05100110120015150515030506140402,0.08615658432245255,0,176.0,224.0
1.2.643.5.1.13.13.12.2.77.8252.05100110120015150515030506140402,0.22863726317882538,0,64.0,112.0
1.2.643.5.1.13.13.12.2.77.8252.05100110120015150515030506140402,0.10471991449594498,0,208.0,192.0
1.2.643.5.1.13.13.12.2.77.8252.05100110120015150515030506140402,0.18270519375801086,0,128.0,64.0
1.2.643.5.1.13.13.12.2.77.8252.05100110120015150515030506140402,0.13714955747127533,0,192.0,192.0
1.2.643.5.1.13.13.12.2.77.8252.05100110120015150515030506140402,0.1618809551000595,0,80.0,48.0
1.2.643.5.1.13.13.12.2.77.8252.05100110120015150515030506140402,0.0871276780962944,0,128.0,176.0
1.2.643.5.1.13.13.12.2.77.8252.05100110120015150515030506140402,0.14411041140556335,0,176.0,256.0
1.2.643.5.1.13.13.12.2.77.8252.05100110120015150515030506140402,0.11666817963123322,0,240.0,144.0
1.2.643.5.1.13.13.12.2.77.8252.05100110120015150515030506140402,0.16713114082813263,0,176.0,48.0
1.2.643.5.1.13.13.12.2.77.8252.13090607110001000310151006050113,0.8994734287261963,0,162.0,3.0
1.2.643.5.1.13.13.12.2.77.8252.13090607110001000310151006050113,0.0439620204269886,0,64.0,192.0
1.2.643.5.1.13.13.12.2.77.8252.13090607110001000310151006050113,0.5414823889732361,0,252.0,48.0
1.2.643.5.1.13.13.12.2.77.8252.13090607110001000310151006050113,0.5973365306854248,0,112.0,267.0
1.2.643.5.1.13.13.12.2.77.8252.13090607110001000310151006050113,0.08797560632228851,0,80.0,208.0
1.2.643.5.1.13.13.12.2.77.8252.13090607110001000310151006050113,0.2007145881652832,0,64.0,96.0
1.2.643.5.1.13.13.12.2.77.8252.13090607110001000310151006050113,0.49195683002471924,0,224.0,144.0
1.2.643.5.1.13.13.12.2.77.8252.13090607110001000310151006050113,0.34964463114738464,0,252.0,144.0
1.2.643.5.1.13.13.12.2.77.8252.13090607110001000310151006050113,0.06421555578708649,0,64.0,240.0
1.2.643.5.1.13.13.12.2.77.8252.13090607110001000310151006050113,0.4452298581600189,0,208.0,192.0
1.2.643.5.1.13.13.12.2.77.8252.13090607110001000310151006050113,0.14902439713478088,0,112.0,128.0
1.2.643.5.1.13.13.12.2.77.8252.13090607110001000310151006050113,0.0737266093492508,0,96.0,224.0
1.2.643.5.1.13.13.12.2.77.8252.13090607110001000310151006050113,0.594524085521698,0,224.0,64.0
1.2.643.5.1.13.13.12.2.77.8252.13090607110001000310151006050113,0.18977566063404083,0,48.0,64.0
1.2.643.5.1.13.13.12.2.77.8252.13090607110001000310151006050113,0.1338745355606079,0,160.0,128.0
1.2.643.5.1.13.13.12.2.77.8252.13090607110001000310151006050113,0.43585243821144104,0,80.0,64.0
1.2.643.5.1.13.13.12.2.77.8252.13090607110001000310151006050113,0.42963165044784546,0,208.0,256.0
1.2.643.5.1.13.13.12.2.77.8252.13090607110001000310151006050113,0.16465695202350616,0,80.0,128.0
1.2.643.5.1.13.13.12.2.77.8252.13090607110001000310151006050113,0.47358283400535583,0,128.0,48.0
1.2.643.5.1.13.13.12.2.77.8252.13090607110001000310151006050113,0.3500535190105438,0,192.0,80.0
1.2.643.5.1.13.13.12.2.77.8252.13090607110001000310151006050113,0.0840802788734436,0,144.0,128.0
1.2.643.5.1.13.13.12.2.77.8252.13090607110001000310151006050113,0.08348429203033447,0,80.0,160.0
1.2.643.5.1.13.13.12.2.77.8252.13090607110001000310151006050113,0.15054938197135925,0,224.0,192.0
1.2.643.5.1.13.13.12.2.77.8252.13090607110001000310151006050113,0.35144245624542236,0,96.0,64.0
1.2.643.5.1.13.13.12.2.77.8252.13090607110001000310151006050113,0.07480216026306152,0,252.0,267.0
1.2.643.5.1.13.13.12.2.77.8252.13090607110001000310151006050113,0.7265771627426147,0,144.0,240.0
1.2.643.5.1.13.13.12.2.77.8252.13090607110001000310151006050113,0.41221854090690613,0,160.0,96.0
1.2.643.5.1.13.13.12.2.77.8252.13090607110001000310151006050113,0.2503332793712616,0,252.0,160.0
1.2.643.5.1.13.13.12.2.77.8252.13090607110001000310151006050113,0.24832487106323242,0,252.0,112.0
1.2.643.5.1.13.13.12.2.77.8252.13090607110001000310151006050113,0.4244767427444458,0,240.0,96.0
1.2.643.5.1.13.13.12.2.77.8252.13090607110001000310151006050113,0.505529522895813,0,80.0,48.0
1.2.643.5.1.13.13.12.2.77.8252.13090607110001000310151006050113,0.1042807400226593,0,64.0,112.0
1.2.643.5.1.13.13.12.2.77.8252.13090607110001000310151006050113,0.42843183875083923,0,224.0,160.0
1.2.643.5.1.13.13.12.2.77.8252.13090607110001000310151006050113,0.13604478538036346,0,64.0,267.0
1.2.643.5.1.13.13.12.2.77.8252.13090607110001000310151006050113,0.2694944143295288,0,96.0,256.0
1.2.643.5.1.13.13.12.2.77.8252.13090607110001000310151006050113,0.21165284514427185,0,128.0,176.0
1.2.643.5.1.13.13.12.2.77.8252.13090607110001000310151006050113,0.18910469114780426,0,112.0,240.0
1.2.643.5.1.13.13.12.2.77.8252.13090607110001000310151006050113,0.6630520224571228,0,160.0,224.0
1.2.643.5.1.13.13.12.2.77.8252.13090607110001000310151006050113,0.43604329228401184,0,208.0,80.0
1.2.643.5.1.13.13.12.2.77.8252.13090607110001000310151006050113,0.5740441083908081,0,128.0,208.0
1.2.643.5.1.13.13.12.2.77.8252.13090607110001000310151006050113,0.3253910541534424,0,160.0,144.0
1.2.643.5.1.13.13.12.2.77.8252.03150209000513130305020013101408,0.05780220776796341,0,192.0,96.0
1.2.643.5.1.13.13.12.2.77.8252.03150209000513130305020013101408,0.046627312898635864,0,112.0,160.0
1.2.643.5.1.13.13.12.2.77.8252.03150209000513130305020013101408,0.03532039001584053,0,224.0,240.0
1.2.643.5.1.13.13.12.2.77.8252.03150209000513130305020013101408,0.03765905275940895,0,224.0,176.0
1.2.643.5.1.13.13.12.2.77.8252.03150209000513130305020013101408,0.012702155858278275,0,176.0,192.0
1.2.643.5.1.13.13.12.2.77.8252.03150209000513130305020013101408,0.05844457074999809,0,144.0,144.0
1.2.643.5.1.13.13.12.2.77.8252.03150209000513130305020013101408,0.16705144941806793,0,128.0,128.0
1.2.643.5.1.13.13.12.2.77.8252.03150209000513130305020013101408,0.03344808518886566,0,224.0,208.0
1.2.643.5.1.13.13.12.2.77.8252.03150209000513130305020013101408,0.055678289383649826,0,224.0,272.0
1.2.643.5.1.13.13.12.2.77.8252.03150209000513130305020013101408,0.08553631603717804,0,224.0,48.0
1.2.643.5.1.13.13.12.2.77.8252.03150209000513130305020013101408,0.04202577471733093,0,252.0,128.0
1.2.643.5.1.13.13.12.2.77.8252.03150209000513130305020013101408,0.05701644718647003,0,192.0,112.0
1.2.643.5.1.13.13.12.2.77.8252.03150209000513130305020013101408,0.08607247471809387,0,252.0,48.0
1.2.643.5.1.13.13.12.2.77.8252.03150209000513130305020013101408,0.03721233457326889,0,240.0,224.0
1.2.643.5.1.13.13.12.2.77.8252.03150209000513130305020013101408,0.11925257742404938,0,144.0,274.0
1.2.643.5.1.13.13.12.2.77.8252.03150209000513130305020013101408,0.009487316943705082,0,176.0,224.0
1.2.643.5.1.13.13.12.2.77.8252.03150209000513130305020013101408,0.03597784787416458,0,240.0,160.0
1.2.643.5.1.13.13.12.2.77.8252.03150209000513130305020013101408,0.04225054383277893,0,252.0,240.0
1.2.643.5.1.13.13.12.2.77.8252.03150209000513130305020013101408,0.02731146104633808,0,208.0,224.0
1.2.643.5.1.13.13.12.2.77.8252.03150209000513130305020013101408,0.057939816266298294,0,128.0,272.0
1.2.643.5.1.13.13.12.2.77.8252.03150209000513130305020013101408,0.2322508990764618,0,144.0,64.0
1.2.643.5.1.13.13.12.2.77.8252.03150209000513130305020013101408,0.12283739447593689,0,192.0,48.0
1.2.643.5.1.13.13.12.2.77.8252.03150209000513130305020013101408,0.09341635555028915,0,48.0,160.0
1.2.643.5.1.13.13.12.2.77.8252.03150209000513130305020013101408,0.32423290610313416,0,160.0,64.0
1.2.643.5.1.13.13.12.2.77.8252.03150209000513130305020013101408,0.05922159552574158,0,224.0,274.0
1.2.643.5.1.13.13.12.2.77.8252.03150209000513130305020013101408,0.03528716415166855,0,128.0,160.0
1.2.643.5.1.13.13.12.2.77.8252.03150209000513130305020013101408,0.03530004993081093,0,252.0,144.0
1.2.643.5.1.13.13.12.2.77.8252.03150209000513130305020013101408,0.04546725004911423,0,112.0,192.0
1.2.643.5.1.13.13.12.2.77.8252.03150209000513130305020013101408,0.02473417855799198,0,160.0,160.0
1.2.643.5.1.13.13.12.2.77.8252.03150209000513130305020013101408,0.07850746065378189,0,96.0,160.0
1.2.643.5.1.13.13.12.2.77.8252.03150209000513130305020013101408,0.12505076825618744,0,64.0,144.0
1.2.643.5.1.13.13.12.2.77.8252.03150209000513130305020013101408,0.018026551231741905,0,160.0,240.0
1.2.643.5.1.13.13.12.2.77.8252.03150209000513130305020013101408,0.0998988226056099,0,80.0,274.0
1.2.643.5.1.13.13.12.2.77.8252.03150209000513130305020013101408,0.008436287753283978,0,160.0,224.0
1.2.643.5.1.13.13.12.2.77.8252.03150209000513130305020013101408,0.22366105020046234,0,48.0,80.0
1.2.643.5.1.13.13.12.2.77.8252.03150209000513130305020013101408,0.03441186994314194,0,208.0,192.0
1.2.643.5.1.13.13.12.2.77.8252.03150209000513130305020013101408,0.036661531776189804,0,240.0,192.0
1.2.643.5.1.13.13.12.2.77.8252.03150209000513130305020013101408,0.03402522951364517,0,252.0,192.0
1.2.643.5.1.13.13.12.2.77.8252.03150209000513130305020013101408,0.04218755662441254,0,112.0,176.0
1.2.643.5.1.13.13.12.2.77.8252.03150209000513130305020013101408,0.26872217655181885,0,48.0,64.0
1.2.643.5.1.13.13.12.2.77.8252.02030508140000071310150302011113,0.1632370501756668,0,54.0,56.5
1.2.643.5.1.13.13.12.2.77.8252.02030508140000071310150302011113,0.19185443222522736,0,62.5,69.5
1.2.643.5.1.13.13.12.2.77.8252.02030508140000071310150302011113,0.27706247568130493,0,235.5,67.0
1.2.643.5.1.13.13.12.2.77.8252.02030508140000071310150302011113,0.34407296776771545,0,237.0,49.5
1.2.643.5.1.13.13.12.2.77.8252.02030508140000071310150302011113,0.18897433578968048,0,261.0,26.0
1.2.643.5.1.13.13.12.2.77.8252.02030508140000071310150302011113,0.15617650747299194,0,270.5,17.0
1.2.643.5.1.13.13.12.2.77.8252.02030508140000071310150302011113,0.10684707015752792,0,46.5,25.5
1.2.643.5.1.13.13.12.2.77.8252.02030508140000071310150302011113,0.07267270237207413,0,35.5,16.0
1.2.643.5.1.13.13.12.2.77.8252.02030508140000071310150302011113,0.05318041518330574,0,224.0,240.0
1.2.643.5.1.13.13.12.2.77.8252.02030508140000071310150302011113,0.0138992415741086,0,160.0,144.0
1.2.643.5.1.13.13.12.2.77.8252.02030508140000071310150302011113,0.08186846971511841,0,208.0,128.0
1.2.643.5.1.13.13.12.2.77.8252.02030508140000071310150302011113,0.03605164587497711,0,176.0,112.0
1.2.643.5.1.13.13.12.2.77.8252.02030508140000071310150302011113,0.3280176520347595,0,240.0,96.0
1.2.643.5.1.13.13.12.2.77.8252.02030508140000071310150302011113,0.07402471452951431,0,128.0,96.0
1.2.643.5.1.13.13.12.2.77.8252.02030508140000071310150302011113,0.10583147406578064,0,208.0,96.0
1.2.643.5.1.13.13.12.2.77.8252.02030508140000071310150302011113,0.036040496081113815,0,160.0,96.0
1.2.643.5.1.13.13.12.2.77.8252.02030508140000071310150302011113,0.15379281342029572,0,128.0,48.0
1.2.643.5.1.13.13.12.2.77.8252.02030508140000071310150302011113,0.04129414260387421,0,48.0,176.0
1.2.643.5.1.13.13.12.2.77.8252.02030508140000071310150302011113,0.058456409722566605,0,48.0,224.0
1.2.643.5.1.13.13.12.2.77.8252.02030508140000071310150302011113,0.22464948892593384,0,240.0,112.0
1.2.643.5.1.13.13.12.2.77.8252.02030508140000071310150302011113,0.09984792023897171,0,80.0,269.0
1.2.643.5.1.13.13.12.2.77.8252.02030508140000071310150302011113,0.056449245661497116,0,252.0,208.0
1.2.643.5.1.13.13.12.2.77.8252.02030508140000071310150302011113,0.080819271504879,0,144.0,256.0
1.2.643.5.1.13.13.12.2.77.8252.02030508140000071310150302011113,0.08297646045684814,0,128.0,240.0
1.2.643.5.1.13.13.12.2.77.8252.02030508140000071310150302011113,0.07912067323923111,0,128.0,80.0
1.2.643.5.1.13.13.12.2.77.8252.02030508140000071310150302011113,0.16077366471290588,0,64.0,96.0
1.2.643.5.1.13.13.12.2.77.8252.02030508140000071310150302011113,0.07391396164894104,0,64.0,160.0
1.2.643.5.1.13.13.12.2.77.8252.02030508140000071310150302011113,0.10324829071760178,0,208.0,80.0
1.2.643.5.1.13.13.12.2.77.8252.02030508140000071310150302011113,0.12684060633182526,0,144.0,192.0
1.2.643.5.1.13.13.12.2.77.8252.02030508140000071310150302011113,0.11167047917842865,0,112.0,96.0
1.2.643.5.1.13.13.12.2.77.8252.02030508140000071310150302011113,0.16996611654758453,0,252.0,128.0
1.2.643.5.1.13.13.12.2.77.8252.02030508140000071310150302011113,0.14488954842090607,0,252.0,144.0
1.2.643.5.1.13.13.12.2.77.8252.02030508140000071310150302011113,0.10594352334737778,0,96.0,192.0
1.2.643.5.1.13.13.12.2.77.8252.02030508140000071310150302011113,0.10864032804965973,0,144.0,208.0
1.2.643.5.1.13.13.12.2.77.8252.02030508140000071310150302011113,0.04372043535113335,0,224.0,256.0
1.2.643.5.1.13.13.12.2.77.8252.02030508140000071310150302011113,0.31899434328079224,0,240.0,48.0
1.2.643.5.1.13.13.12.2.77.8252.02030508140000071310150302011113,0.10745584219694138,0,96.0,160.0
1.2.643.5.1.13.13.12.2.77.8252.02030508140000071310150302011113,0.19417987763881683,0,160.0,64.0
1.2.643.5.1.13.13.12.2.77.8252.02030508140000071310150302011113,0.024945711717009544,0,160.0,128.0
1.2.643.5.1.13.13.12.2.77.8252.02030508140000071310150302011113,0.375291109085083,0,192.0,48.0
1.2.643.5.1.13.13.12.2.77.8252.02030508140000071310150302011113,0.07420402765274048,0,176.0,96.0
1.2.643.5.1.13.13.12.2.77.8252.02030508140000071310150302011113,0.1176842674612999,0,48.0,96.0
1.2.643.5.1.13.13.12.2.77.8252.02030508140000071310150302011113,0.07265294343233109,0,112.0,208.0
1.2.643.5.1.13.13.12.2.77.8252.02030508140000071310150302011113,0.1459985077381134,0,240.0,176.0
1.2.643.5.1.13.13.12.2.77.8252.02030508140000071310150302011113,0.35495525598526,0,208.0,48.0
1.2.643.5.1.13.13.12.2.77.8252.02030508140000071310150302011113,0.07458486407995224,0,112.0,112.0
1.2.643.5.1.13.13.12.2.77.8252.02030508140000071310150302011113,0.09445617347955704,0,144.0,176.0
1.2.643.5.1.13.13.12.2.77.8252.02030508140000071310150302011113,0.09461004287004471,0,80.0,144.0
1.2.643.5.1.13.13.12.2.77.8252.10151201011509101414030411060512,0.36218518018722534,0,280.5,55.5
1.2.643.5.1.13.13.12.2.77.8252.10151201011509101414030411060512,0.08036063611507416,0,31.0,61.0
1.2.643.5.1.13.13.12.2.77.8252.10151201011509101414030411060512,0.1290709674358368,0,48.0,48.0
1.2.643.5.1.13.13.12.2.77.8252.10151201011509101414030411060512,0.3149403929710388,0,64.0,48.0
1.2.643.5.1.13.13.12.2.77.8252.10151201011509101414030411060512,0.1863933950662613,0,240.0,48.0
1.2.643.5.1.13.13.12.2.77.8252.10151201011509101414030411060512,0.22354687750339508,0,252.0,48.0
1.2.643.5.1.13.13.12.2.77.8252.10151201011509101414030411060512,0.07413504272699356,0,48.0,64.0
1.2.643.5.1.13.13.12.2.77.8252.10151201011509101414030411060512,0.15627805888652802,0,64.0,64.0
1.2.643.5.1.13.13.12.2.77.8252.10151201011509101414030411060512,0.22683537006378174,0,240.0,64.0
1.2.643.5.1.13.13.12.2.77.8252.10151201011509101414030411060512,0.3003540337085724,0,252.0,64.0
1.2.643.5.1.13.13.12.2.77.8252.10151201011509101414030411060512,0.08435975015163422,0,48.0,80.0
1.2.643.5.1.13.13.12.2.77.8252.10151201011509101414030411060512,0.1480267494916916,0,64.0,80.0
1.2.643.5.1.13.13.12.2.77.8252.10151201011509101414030411060512,0.20276929438114166,0,240.0,80.0
1.2.643.5.1.13.13.12.2.77.8252.10151201011509101414030411060512,0.28490307927131653,0,252.0,80.0
1.2.643.5.1.13.13.12.2.77.8252.10151201011509101414030411060512,0.12733659148216248,0,48.0,96.0
1.2.643.5.1.13.13.12.2.77.8252.10151201011509101414030411060512,0.18077079951763153,0,64.0,96.0
1.2.643.5.1.13.13.12.2.77.8252.10151201011509101414030411060512,0.31343987584114075,0,240.0,96.0
1.2.643.5.1.13.13.12.2.77.8252.10151201011509101414030411060512,0.3592071831226349,0,252.0,96.0
1.2.643.5.1.13.13.12.2.77.8252.10151201011509101414030411060512,0.050970982760190964,0,128.0,208.0
1.2.643.5.1.13.13.12.2.77.8252.10151201011509101414030411060512,0.11573714762926102,0,160.0,112.0
1.2.643.5.1.13.13.12.2.77.8252.10151201011509101414030411060512,0.12528137862682343,0,192.0,144.0
1.2.643.5.1.13.13.12.2.77.8252.10151201011509101414030411060512,0.4576873779296875,0,192.0,240.0
1.2.643.5.1.13.13.12.2.77.8252.10151201011509101414030411060512,0.13117456436157227,0,112.0,208.0
1.2.643.5.1.13.13.12.2.77.8252.10151201011509101414030411060512,0.24288678169250488,0,240.0,144.0
1.2.643.5.1.13.13.12.2.77.8252.10151201011509101414030411060512,0.14445869624614716,0,64.0,176.0
1.2.643.5.1.13.13.12.2.77.8252.10151201011509101414030411060512,0.32622581720352173,0,160.0,224.0
1.2.643.5.1.13.13.12.2.77.8252.10151201011509101414030411060512,0.1532936990261078,0,64.0,240.0
1.2.643.5.1.13.13.12.2.77.8252.10151201011509101414030411060512,0.1919417530298233,0,144.0,270.0
1.2.643.5.1.13.13.12.2.77.8252.10151201011509101414030411060512,0.11309647560119629,0,240.0,224.0
1.2.643.5.1.13.13.12.2.77.8252.10151201011509101414030411060512,0.10310045629739761,0,64.0,192.0
1.2.643.5.1.13.13.12.2.77.8252.10151201011509101414030411060512,0.04513516277074814,0,128.0,240.0
1.2.643.5.1.13.13.12.2.77.8252.10151201011509101414030411060512,0.17899192869663239,0,144.0,224.0
1.2.643.5.1.13.13.12.2.77.8252.10151201011509101414030411060512,0.10683758556842804,0,48.0,208.0
1.2.643.5.1.13.13.12.2.77.8252.10151201011509101414030411060512,0.34287163615226746,0,240.0,256.0
1.2.643.5.1.13.13.12.2.77.8252.10151201011509101414030411060512,0.04488121345639229,0,112.0,256.0
1.2.643.5.1.13.13.12.2.77.8252.10151201011509101414030411060512,0.6652841567993164,0,224.0,270.0
1.2.643.5.1.13.13.12.2.77.8252.10151201011509101414030411060512,0.16204948723316193,0,112.0,224.0
1.2.643.5.1.13.13.12.2.77.8252.10151201011509101414030411060512,0.0412462018430233,0,160.0,64.0
1.2.643.5.1.13.13.12.2.77.8252.10151201011509101414030411060512,0.3342432975769043,0,176.0,160.0
1.2.643.5.1.13.13.12.2.77.8252.10151201011509101414030411060512,0.24066738784313202,0,224.0,160.0
1.2.643.5.1.13.13.12.2.77.8252.10151201011509101414030411060512,0.043685879558324814,0,128.0,64.0
1.2.643.5.1.13.13.12.2.77.8252.10151201011509101414030411060512,0.30936098098754883,0,112.0,160.0
1.2.643.5.1.13.13.12.2.77.8252.10151201011509101414030411060512,0.4919305443763733,0,176.0,208.0
1.2.643.5.1.13.13.12.2.77.8252.10151201011509101414030411060512,0.0505802258849144,0,192.0,112.0
1.2.643.5.1.13.13.12.2.77.8252.10151201011509101414030411060512,0.304350882768631,0,208.0,176.0
1.2.643.5.1.13.13.12.2.77.8252.10151201011509101414030411060512,0.06388276070356369,0,144.0,64.0
1.2.643.5.1.13.13.12.2.77.8252.10151201011509101414030411060512,0.24602742493152618,0,208.0,160.0
1.2.643.5.1.13.13.12.2.77.8252.10151201011509101414030411060512,0.1940716654062271,0,252.0,144.0
1.2.643.5.1.13.13.12.2.77.8252.10151201011509101414030411060512,0.38313716650009155,0,224.0,208.0
1.2.643.5.1.13.13.12.2.77.8252.10151201011509101414030411060512,0.24078181385993958,0,192.0,224.0
1.2.643.5.1.13.13.12.2.77.8252.10151201011509101414030411060512,0.104908786714077,0,48.0,224.0
1.2.643.5.1.13.13.12.2.77.8252.10151201011509101414030411060512,0.39423447847366333,0,176.0,144.0
1.2.643.5.1.13.13.12.2.77.8252.10151201011509101414030411060512,0.15087948739528656,0,176.0,80.0
1.2.643.5.1.13.13.12.2.77.8252.10151201011509101414030411060512,0.06717710942029953,0,128.0,48.0
1.2.643.5.1.13.13.12.2.77.8252.10151201011509101414030411060512,0.2787010669708252,0,160.0,208.0
1.2.643.5.1.13.13.12.2.77.8252.10151201011509101414030411060512,0.5254443287849426,0,208.0,256.0
1.2.643.5.1.13.13.12.2.77.8252.10151201011509101414030411060512,0.23303866386413574,0,208.0,144.0
1.2.643.5.1.13.13.12.2.77.8252.10151201011509101414030411060512,0.12265519797801971,0,160.0,80.0
1.2.643.5.1.13.13.12.2.77.8252.07020101080211090714060800071015,0.1330348253250122,0,94.0,81.5
1.2.643.5.1.13.13.12.2.77.8252.07020101080211090714060800071015,0.11750823259353638,0,93.0,63.0
1.2.643.5.1.13.13.12.2.77.8252.07020101080211090714060800071015,0.19537006318569183,0,95.0,38.0
1.2.643.5.1.13.13.12.2.77.8252.07020101080211090714060800071015,0.24202461540699005,0,89.5,21.0
1.2.643.5.1.13.13.12.2.77.8252.07020101080211090714060800071015,0.25426238775253296,0,124.5,89.0
1.2.643.5.1.13.13.12.2.77.8252.07020101080211090714060800071015,0.2470129430294037,0,132.0,100.5
1.2.643.5.1.13.13.12.2.77.8252.07020101080211090714060800071015,0.09987050294876099,0,254.5,137.5
1.2.643.5.1.13.13.12.2.77.8252.07020101080211090714060800071015,0.1089680939912796,0,260.5,121.0
1.2.643.5.1.13.13.12.2.77.8252.07020101080211090714060800071015,0.11750034242868423,0,263.5,83.5
1.2.643.5.1.13.13.12.2.77.8252.07020101080211090714060800071015,0.14979961514472961,0,268.0,68.5
1.2.643.5.1.13.13.12.2.77.8252.07020101080211090714060800071015,0.22122351825237274,0,268.5,37.5
1.2.643.5.1.13.13.12.2.77.8252.07020101080211090714060800071015,0.22598540782928467,0,273.0,23.5
1.2.643.5.1.13.13.12.2.77.8252.07020101080211090714060800071015,0.07048343867063522,0,208.0,160.0
1.2.643.5.1.13.13.12.2.77.8252.07020101080211090714060800071015,0.06488027423620224,0,48.0,176.0
1.2.643.5.1.13.13.12.2.77.8252.07020101080211090714060800071015,0.07493906468153,0,252.0,208.0
1.2.643.5.1.13.13.12.2.77.8252.07020101080211090714060800071015,0.11421811580657959,0,252.0,96.0
1.2.643.5.1.13.13.12.2.77.8252.07020101080211090714060800071015,0.10430015623569489,0,240.0,192.0
1.2.643.5.1.13.13.12.2.77.8252.07020101080211090714060800071015,0.03922715410590172,0,160.0,160.0
1.2.643.5.1.13.13.12.2.77.8252.07020101080211090714060800071015,0.03549795597791672,0,48.0,64.0
1.2.643.5.1.13.13.12.2.77.8252.07020101080211090714060800071015,0.07859808206558228,0,160.0,128.0
1.2.643.5.1.13.13.12.2.77.8252.07020101080211090714060800071015,0.13353824615478516,0,176.0,48.0
1.2.643.5.1.13.13.12.2.77.8252.07020101080211090714060800071015,0.10430264472961426,0,192.0,96.0
1.2.643.5.1.13.13.12.2.77.8252.07020101080211090714060800071015,0.0697232112288475,0,96.0,224.0
1.2.643.5.1.13.13.12.2.77.8252.07020101080211090714060800071015,0.07204271107912064,0,80.0,64.0
1.2.643.5.1.13.13.12.2.77.8252.07020101080211090714060800071015,0.07584179937839508,0,208.0,144.0
1.2.643.5.1.13.13.12.2.77.8252.07020101080211090714060800071015,0.023859847337007523,0,128.0,176.0
1.2.643.5.1.13.13.12.2.77.8252.07020101080211090714060800071015,0.07030428200960159,0,176.0,160.0
1.2.643.5.1.13.13.12.2.77.8252.07020101080211090714060800071015,0.11064253747463226,0,240.0,96.0
1.2.643.5.1.13.13.12.2.77.8252.07020101080211090714060800071015,0.04006515443325043,0,160.0,240.0
1.2.643.5.1.13.13.12.2.77.8252.07020101080211090714060800071015,0.05033367499709129,0,144.0,256.0
1.2.643.5.1.13.13.12.2.77.8252.07020101080211090714060800071015,0.0608358234167099,0,48.0,112.0
1.2.643.5.1.13.13.12.2.77.8252.07020101080211090714060800071015,0.031492266803979874,0,192.0,192.0
1.2.643.5.1.13.13.12.2.77.8252.07020101080211090714060800071015,0.11816858500242233,0,80.0,128.0
1.2.643.5.1.13.13.12.2.77.8252.07020101080211090714060800071015,0.08062068372964859,0,208.0,128.0
1.2.643.5.1.13.13.12.2.77.8252.07020101080211090714060800071015,0.07489682734012604,0,80.0,176.0
1.2.643.5.1.13.13.12.2.77.8252.07020101080211090714060800071015,0.026497771963477135,0,128.0,208.0
1.2.643.5.1.13.13.12.2.77.8252.07020101080211090714060800071015,0.01826435700058937,0,160.0,192.0
1.2.643.5.1.13.13.12.2.77.8252.07020101080211090714060800071015,0.05372295528650284,0,48.0,274.0
1.2.643.5.1.13.13.12.2.77.8252.07020101080211090714060800071015,0.08517906069755554,0,144.0,272.0
1.2.643.5.1.13.13.12.2.77.8252.07020101080211090714060800071015,0.16774339973926544,0,160.0,48.0
1.2.643.5.1.13.13.12.2.77.8252.07020101080211090714060800071015,0.08856428414583206,0,112.0,144.0
1.2.643.5.1.13.13.12.2.77.8252.07020101080211090714060800071015,0.0597597137093544,0,64.0,192.0
1.2.643.5.1.13.13.12.2.77.8252.07020101080211090714060800071015,0.07332484424114227,0,64.0,176.0
1.2.643.5.1.13.13.12.2.77.8252.07020101080211090714060800071015,0.04066912457346916,0,64.0,64.0
1.2.643.5.1.13.13.12.2.77.8252.07020101080211090714060800071015,0.08432741463184357,0,48.0,144.0
1.2.643.5.1.13.13.12.2.77.8252.07020101080211090714060800071015,0.019403373822569847,0,128.0,192.0
1.2.643.5.1.13.13.12.2.77.8252.07020101080211090714060800071015,0.10493748635053635,0,96.0,144.0
1.2.643.5.1.13.13.12.2.77.8252.07020101080211090714060800071015,0.06538601964712143,0,112.0,224.0
1.2.643.5.1.13.13.12.2.77.8252.07020101080211090714060800071015,0.0814642533659935,0,224.0,192.0
1.2.643.5.1.13.13.12.2.77.8252.07020101080211090714060800071015,0.06182511895895004,0,208.0,208.0
1.2.643.5.1.13.13.12.2.77.8252.07020101080211090714060800071015,0.15712764859199524,0,144.0,112.0
1.2.643.5.1.13.13.12.2.77.8252.07020101080211090714060800071015,0.13841842114925385,0,224.0,256.0
1.2.643.5.1.13.13.12.2.77.8252.14110604050810020100071004090404,0.32028377056121826,1,199.5,52.5
1.2.643.5.1.13.13.12.2.77.8252.14110604050810020100071004090404,0.2208370417356491,1,42.0,63.5
1.2.643.5.1.13.13.12.2.77.8252.14110604050810020100071004090404,0.45637327432632446,1,25.0,32.0
1.2.643.5.1.13.13.12.2.77.8252.14110604050810020100071004090404,0.04469940438866615,1,64.0,208.0
1.2.643.5.1.13.13.12.2.77.8252.14110604050810020100071004090404,0.04797709360718727,1,240.0,160.0
1.2.643.5.1.13.13.12.2.77.8252.14110604050810020100071004090404,0.06999371945858002,1,208.0,208.0
1.2.643.5.1.13.13.12.2.77.8252.14110604050810020100071004090404,0.03160255774855614,1,144.0,192.0
1.2.643.5.1.13.13.12.2.77.8252.14110604050810020100071004090404,0.016732938587665558,1,128.0,269.0
1.2.643.5.1.13.13.12.2.77.8252.14110604050810020100071004090404,0.036629095673561096,1,160.0,224.0
1.2.643.5.1.13.13.12.2.77.8252.14110604050810020100071004090404,0.05137292295694351,1,64.0,269.0
1.2.643.5.1.13.13.12.2.77.8252.14110604050810020100071004090404,0.2884681224822998,1,208.0,80.0
1.2.643.5.1.13.13.12.2.77.8252.14110604050810020100071004090404,0.26476678252220154,1,240.0,64.0
1.2.643.5.1.13.13.12.2.77.8252.14110604050810020100071004090404,0.02901284582912922,1,160.0,208.0
1.2.643.5.1.13.13.12.2.77.8252.14110604050810020100071004090404,0.0407993383705616,1,240.0,192.0
1.2.643.5.1.13.13.12.2.77.8252.14110604050810020100071004090404,0.037505678832530975,1,64.0,224.0
1.2.643.5.1.13.13.12.2.77.8252.14110604050810020100071004090404,0.02919497713446617,1,128.0,224.0
1.2.643.5.1.13.13.12.2.77.8252.14110604050810020100071004090404,0.2258061021566391,1,192.0,128.0
1.2.643.5.1.13.13.12.2.77.8252.14110604050810020100071004090404,0.10962501913309097,1,160.0,48.0
1.2.643.5.1.13.13.12.2.77.8252.14110604050810020100071004090404,0.045917049050331116,1,224.0,176.0
1.2.643.5.1.13.13.12.2.77.8252.14110604050810020100071004090404,0.2577361464500427,1,192.0,96.0
1.2.643.5.1.13.13.12.2.77.8252.14110604050810020100071004090404,0.20641781389713287,1,252.0,64.0
1.2.643.5.1.13.13.12.2.77.8252.14110604050810020100071004090404,0.04326663166284561,1,80.0,192.0
1.2.643.5.1.13.13.12.2.77.8252.14110604050810020100071004090404,0.10760069638490677,1,252.0,96.0
1.2.643.5.1.13.13.12.2.77.8252.14110604050810020100071004090404,0.03521182760596275,1,80.0,224.0
1.2.643.5.1.13.13.12.2.77.8252.14110604050810020100071004090404,0.044599749147892,1,80.0,176.0
1.2.643.5.1.13.13.12.2.77.8252.14110604050810020100071004090404,0.049564529210329056,1,48.0,224.0
1.2.643.5.1.13.13.12.2.77.8252.14110604050810020100071004090404,0.02154977060854435,1,96.0,64.0
1.2.643.5.1.13.13.12.2.77.8252.14110604050810020100071004090404,0.03971679136157036,1,176.0,269.0
1.2.643.5.1.13.13.12.2.77.8252.14110604050810020100071004090404,0.08385147154331207,1,64.0,128.0
1.2.643.5.1.13.13.12.2.77.8252.14110604050810020100071004090404,0.030378876253962517,1,112.0,224.0
1.2.643.5.1.13.13.12.2.77.8252.14110604050810020100071004090404,0.06065733730792999,1,252.0,224.0
1.2.643.5.1.13.13.12.2.77.8252.14110604050810020100071004090404,0.10172845423221588,1,144.0,160.0
1.2.643.5.1.13.13.12.2.77.8252.14110604050810020100071004090404,0.06455276161432266,1,64.0,176.0
1.2.643.5.1.13.13.12.2.77.8252.14110604050810020100071004090404,0.07939442247152328,1,64.0,80.0
1.2.643.5.1.13.13.12.2.77.8252.14110604050810020100071004090404,0.04412446916103363,1,128.0,176.0
1.2.643.5.1.13.13.12.2.77.8252.14110604050810020100071004090404,0.07427176088094711,1,128.0,128.0
1.2.643.5.1.13.13.12.2.77.8252.14110604050810020100071004090404,0.10575299710035324,1,176.0,176.0
1.2.643.5.1.13.13.12.2.77.8252.14110604050810020100071004090404,0.16994109749794006,1,208.0,144.0
1.2.643.5.1.13.13.12.2.77.8252.14110604050810020100071004090404,0.18164652585983276,1,224.0,96.0
1.2.643.5.1.13.13.12.2.77.8252.14110604050810020100071004090404,0.14465948939323425,1,64.0,48.0
1.2.643.5.1.13.13.12.2.77.8252.14110604050810020100071004090404,0.12108617275953293,1,252.0,256.0
1.2.643.5.1.13.13.12.2.77.8252.14110604050810020100071004090404,0.04130980744957924,1,96.0,96.0
1.2.643.5.1.13.13.12.2.77.8252.14110604050810020100071004090404,0.037784673273563385,1,128.0,208.0
1.2.643.5.1.13.13.12.2.77.8252.06030210110500061108030910090908,1.0,1,269.5,23.5
1.2.643.5.1.13.13.12.2.77.8252.06030210110500061108030910090908,1.0,1,213.5,13.5
1.2.643.5.1.13.13.12.2.77.8252.06030210110500061108030910090908,1.0,1,70.0,11.5
1.2.643.5.1.13.13.12.2.77.8252.06030210110500061108030910090908,1.0,1,27.0,20.0
1.2.643.5.1.13.13.12.2.77.8252.06030210110500061108030910090908,0.9999998807907104,1,48.0,48.0
1.2.643.5.1.13.13.12.2.77.8252.06030210110500061108030910090908,0.9999986886978149,1,64.0,48.0
1.2.643.5.1.13.13.12.2.77.8252.06030210110500061108030910090908,0.9999890327453613,1,80.0,48.0
1.2.643.5.1.13.13.12.2.77.8252.06030210110500061108030910090908,0.9999219179153442,1,96.0,48.0
1.2.643.5.1.13.13.12.2.77.8252.06030210110500061108030910090908,0.9994951486587524,1,112.0,48.0
1.2.643.5.1.13.13.12.2.77.8252.06030210110500061108030910090908,0.9992569088935852,1,176.0,48.0
1.2.643.5.1.13.13.12.2.77.8252.06030210110500061108030910090908,0.99991774559021,1,192.0,48.0
1.2.643.5.1.13.13.12.2.77.8252.06030210110500061108030910090908,0.9999977350234985,1,208.0,48.0
1.2.643.5.1.13.13.12.2.77.8252.06030210110500061108030910090908,0.9999995231628418,1,224.0,48.0
1.2.643.5.1.13.13.12.2.77.8252.06030210110500061108030910090908,1.0,1,240.0,48.0
1.2.643.5.1.13.13.12.2.77.8252.06030210110500061108030910090908,0.9999998807907104,1,252.0,48.0
1.2.643.5.1.13.13.12.2.77.8252.06030210110500061108030910090908,0.9995860457420349,1,48.0,64.0
1.2.643.5.1.13.13.12.2.77.8252.06030210110500061108030910090908,0.9943575263023376,1,64.0,64.0
1.2.643.5.1.13.13.12.2.77.8252.06030210110500061108030910090908,0.997445821762085,1,224.0,64.0
1.2.643.5.1.13.13.12.2.77.8252.06030210110500061108030910090908,0.9999393224716187,1,240.0,64.0
1.2.643.5.1.13.13.12.2.77.8252.06030210110500061108030910090908,0.9999943971633911,1,252.0,64.0
1.2.643.5.1.13.13.12.2.77.8252.06030210110500061108030910090908,0.20303058624267578,1,160.0,160.0
1.2.643.5.1.13.13.12.2.77.8252.06030210110500061108030910090908,0.14639167487621307,1,96.0,160.0
1.2.643.5.1.13.13.12.2.77.8252.06030210110500061108030910090908,0.03932095319032669,1,192.0,208.0
1.2.643.5.1.13.13.12.2.77.8252.06030210110500061108030910090908,0.035009291023015976,1,224.0,176.0
1.2.643.5.1.13.13.12.2.77.8252.06030210110500061108030910090908,0.011258954182267189,1,112.0,256.0
1.2.643.5.1.13.13.12.2.77.8252.06030210110500061108030910090908,0.04576797038316727,1,252.0,160.0
1.2.643.5.1.13.13.12.2.77.8252.06030210110500061108030910090908,0.011072076857089996,1,112.0,267.0
1.2.643.5.1.13.13.12.2.77.8252.06030210110500061108030910090908,0.09864500910043716,1,192.0,112.0
1.2.643.5.1.13.13.12.2.77.8252.06030210110500061108030910090908,0.044551070779561996,1,192.0,176.0
1.2.643.5.1.13.13.12.2.77.8252.06030210110500061108030910090908,0.0394497849047184,1,160.0,240.0
1.2.643.5.1.13.13.12.2.77.8252.06030210110500061108030910090908,0.2052067220211029,1,128.0,128.0
1.2.643.5.1.13.13.12.2.77.8252.06030210110500061108030910090908,0.22057029604911804,1,80.0,128.0
1.2.643.5.1.13.13.12.2.77.8252.06030210110500061108030910090908,0.008913518860936165,1,80.0,256.0
1.2.643.5.1.13.13.12.2.77.8252.06030210110500061108030910090908,0.06201697885990143,1,208.0,144.0
1.2.643.5.1.13.13.12.2.77.8252.06030210110500061108030910090908,0.10155618190765381,1,144.0,192.0
1.2.643.5.1.13.13.12.2.77.8252.06030210110500061108030910090908,0.05451682209968567,1,240.0,144.0
1.2.643.5.1.13.13.12.2.77.8252.06030210110500061108030910090908,0.1547071486711502,1,112.0,176.0
1.2.643.5.1.13.13.12.2.77.8252.06030210110500061108030910090908,0.030148595571517944,1,224.0,208.0
1.2.643.5.1.13.13.12.2.77.8252.06030210110500061108030910090908,0.026783734560012817,1,224.0,256.0
1.2.643.5.1.13.13.12.2.77.8252.06030210110500061108030910090908,0.0405004620552063,1,144.0,267.0
1.2.643.5.1.13.13.12.2.77.8252.06030210110500061108030910090908,0.00915393978357315,1,112.0,240.0
1.2.643.5.1.13.13.12.2.77.8252.06030210110500061108030910090908,0.03519578278064728,1,128.0,208.0
1.2.643.5.1.13.13.12.2.77.8252.06030210110500061108030910090908,0.17460376024246216,1,128.0,160.0
1.2.643.5.1.13.13.12.2.77.8252.06030210110500061108030910090908,0.12188620120286942,1,192.0,267.0
1.2.643.5.1.13.13.12.2.77.8252.06030210110500061108030910090908,0.3710435628890991,1,80.0,96.0
1.2.643.5.1.13.13.12.2.77.8252.06030210110500061108030910090908,0.05343528091907501,1,192.0,240.0
1.2.643.5.1.13.13.12.2.77.8252.06030210110500061108030910090908,0.22939182817935944,1,96.0,128.0
1.2.643.5.1.13.13.12.2.77.8252.06030210110500061108030910090908,0.04747087135910988,1,192.0,160.0
1.2.643.5.1.13.13.12.2.77.8252.06030210110500061108030910090908,0.09935654699802399,1,208.0,256.0
1.2.643.5.1.13.13.12.2.77.8252.06030210110500061108030910090908,0.021810846403241158,1,48.0,224.0
1.2.643.5.1.13.13.12.2.77.8252.06030210110500061108030910090908,0.1341530978679657,1,80.0,144.0
1.2.643.5.1.13.13.12.2.77.8252.06030210110500061108030910090908,0.03715534880757332,1,112.0,208.0
1.2.643.5.1.13.13.12.2.77.8252.06030210110500061108030910090908,0.09205332398414612,1,176.0,144.0
1.2.643.5.1.13.13.12.2.77.8252.06030210110500061108030910090908,0.05975441634654999,1,176.0,208.0
1.2.643.5.1.13.13.12.2.77.8252.06030210110500061108030910090908,0.04637855663895607,1,208.0,176.0
1.2.643.5.1.13.13.12.2.77.8252.06030210110500061108030910090908,0.08038997650146484,1,80.0,176.0
1.2.643.5.1.13.13.12.2.77.8252.06030210110500061108030910090908,0.06433948129415512,1,160.0,208.0
1.2.643.5.1.13.13.12.2.77.8252.06030210110500061108030910090908,0.08014573901891708,1,252.0,112.0
1.2.643.5.1.13.13.12.2.77.8252.06030210110500061108030910090908,0.13991622626781464,1,176.0,112.0
1.2.643.5.1.13.13.12.2.77.8252.06030210110500061108030910090908,0.21937640011310577,1,144.0,112.0
1.2.643.5.1.13.13.12.2.77.8252.02001209000515050108060411111311,0.9999998807907104,1,69.5,10.0
1.2.643.5.1.13.13.12.2.77.8252.02001209000515050108060411111311,1.0,1,26.0,18.0
1.2.643.5.1.13.13.12.2.77.8252.02001209000515050108060411111311,0.9999687671661377,1,48.0,48.0
1.2.643.5.1.13.13.12.2.77.8252.02001209000515050108060411111311,0.9995760321617126,1,64.0,48.0
1.2.643.5.1.13.13.12.2.77.8252.02001209000515050108060411111311,0.9950472116470337,1,80.0,48.0
1.2.643.5.1.13.13.12.2.77.8252.02001209000515050108060411111311,0.9593746662139893,1,96.0,48.0
1.2.643.5.1.13.13.12.2.77.8252.02001209000515050108060411111311,0.8096873760223389,1,112.0,48.0
1.2.643.5.1.13.13.12.2.77.8252.02001209000515050108060411111311,0.9624788761138916,1,48.0,64.0
1.2.643.5.1.13.13.12.2.77.8252.02001209000515050108060411111311,0.722741961479187,1,64.0,64.0
1.2.643.5.1.13.13.12.2.77.8252.02001209000515050108060411111311,0.014436239376664162,1,112.0,224.0
1.2.643.5.1.13.13.12.2.77.8252.02001209000515050108060411111311,0.009878027252852917,1,80.0,128.0
1.2.643.5.1.13.13.12.2.77.8252.02001209000515050108060411111311,0.04507751017808914,1,208.0,240.0
1.2.643.5.1.13.13.12.2.77.8252.02001209000515050108060411111311,0.015731386840343475,1,224.0,192.0
1.2.643.5.1.13.13.12.2.77.8252.02001209000515050108060411111311,0.0018838142277672887,1,112.0,112.0
1.2.643.5.1.13.13.12.2.77.8252.02001209000515050108060411111311,0.014393839053809643,1,208.0,192.0
1.2.643.5.1.13.13.12.2.77.8252.02001209000515050108060411111311,0.003262631129473448,1,144.0,160.0
1.2.643.5.1.13.13.12.2.77.8252.02001209000515050108060411111311,0.010571117512881756,1,144.0,192.0
1.2.643.5.1.13.13.12.2.77.8252.02001209000515050108060411111311,0.005534600466489792,1,128.0,144.0
1.2.643.5.1.13.13.12.2.77.8252.02001209000515050108060411111311,0.03270838037133217,1,252.0,224.0
1.2.643.5.1.13.13.12.2.77.8252.02001209000515050108060411111311,0.0577104352414608,1,252.0,240.0
1.2.643.5.1.13.13.12.2.77.8252.02001209000515050108060411111311,0.020501093938946724,1,80.0,240.0
1.2.643.5.1.13.13.12.2.77.8252.02001209000515050108060411111311,0.028581473976373672,1,48.0,224.0
1.2.643.5.1.13.13.12.2.77.8252.02001209000515050108060411111311,0.01646614260971546,1,128.0,192.0
1.2.643.5.1.13.13.12.2.77.8252.02001209000515050108060411111311,0.03289758414030075,1,64.0,160.0
1.2.643.5.1.13.13.12.2.77.8252.02001209000515050108060411111311,0.022886132821440697,1,240.0,192.0
1.2.643.5.1.13.13.12.2.77.8252.02001209000515050108060411111311,0.09521874785423279,1,48.0,96.0
1.2.643.5.1.13.13.12.2.77.8252.02001209000515050108060411111311,0.06251673400402069,1,64.0,96.0
1.2.643.5.1.13.13.12.2.77.8252.02001209000515050108060411111311,0.028829611837863922,1,80.0,160.0
1.2.643.5.1.13.13.12.2.77.8252.02001209000515050108060411111311,0.029177123680710793,1,160.0,256.0
1.2.643.5.1.13.13.12.2.77.8252.02001209000515050108060411111311,0.04489836096763611,1,160.0,269.0
1.2.643.5.1.13.13.12.2.77.8252.02001209000515050108060411111311,0.02335406467318535,1,112.0,176.0
1.2.643.5.1.13.13.12.2.77.8252.02001209000515050108060411111311,0.04079572483897209,1,224.0,96.0
1.2.643.5.1.13.13.12.2.77.8252.02001209000515050108060411111311,0.029154347255825996,1,96.0,224.0
1.2.643.5.1.13.13.12.2.77.8252.02001209000515050108060411111311,0.17464210093021393,1,224.0,269.0
1.2.643.5.1.13.13.12.2.77.8252.02001209000515050108060411111311,0.1819646954536438,1,208.0,269.0
1.2.643.5.1.13.13.12.2.77.8252.02001209000515050108060411111311,0.007884792983531952,1,96.0,96.0
1.2.643.5.1.13.13.12.2.77.8252.02001209000515050108060411111311,0.023348191753029823,1,224.0,128.0
1.2.643.5.1.13.13.12.2.77.8252.02001209000515050108060411111311,0.024510931223630905,1,240.0,208.0
1.2.643.5.1.13.13.12.2.77.8252.02001209000515050108060411111311,0.028625110164284706,1,208.0,80.0
1.2.643.5.1.13.13.12.2.77.8252.02001209000515050108060411111311,0.05474995821714401,1,144.0,269.0
1.2.643.5.1.13.13.12.2.77.8252.02001209000515050108060411111311,0.004447427112609148,1,96.0,112.0
1.2.643.5.1.13.13.12.2.77.8252.02001209000515050108060411111311,0.015417550690472126,1,112.0,208.0
1.2.643.5.1.13.13.12.2.77.8252.02001209000515050108060411111311,0.006064993795007467,1,192.0,208.0
1.2.643.5.1.13.13.12.2.77.8252.02001209000515050108060411111311,0.09700389951467514,1,252.0,256.0
1.2.643.5.1.13.13.12.2.77.8252.02001209000515050108060411111311,0.02866007573902607,1,48.0,208.0
1.2.643.5.1.13.13.12.2.77.8252.02001209000515050108060411111311,0.0076000988483428955,1,192.0,144.0
1.2.643.5.1.13.13.12.2.77.8252.02001209000515050108060411111311,0.009338616393506527,1,176.0,176.0
1.2.643.5.1.13.13.12.2.77.8252.02001209000515050108060411111311,0.0066250828094780445,1,176.0,224.0
1.2.643.5.1.13.13.12.2.77.8252.02001209000515050108060411111311,0.006929086521267891,1,112.0,160.0
1.2.643.5.1.13.13.12.2.77.8252.10031005061115110908060312000307,0.26067987084388733,1,217.0,212.0
1.2.643.5.1.13.13.12.2.77.8252.10031005061115110908060312000307,0.9481638073921204,1,52.0,28.0
1.2.643.5.1.13.13.12.2.77.8252.10031005061115110908060312000307,0.5377052426338196,1,41.0,283.5
1.2.643.5.1.13.13.12.2.77.8252.10031005061115110908060312000307,0.8874911665916443,1,255.5,288.0
1.2.643.5.1.13.13.12.2.77.8252.10031005061115110908060312000307,0.5546309351921082,1,48.0,64.0
1.2.643.5.1.13.13.12.2.77.8252.10031005061115110908060312000307,0.6861988306045532,1,240.0,269.0
1.2.643.5.1.13.13.12.2.77.8252.10031005061115110908060312000307,0.25550010800361633,1,48.0,160.0
1.2.643.5.1.13.13.12.2.77.8252.10031005061115110908060312000307,0.5278186798095703,1,80.0,160.0
1.2.643.5.1.13.13.12.2.77.8252.10031005061115110908060312000307,0.00014441649545915425,1,144.0,48.0
1.2.643.5.1.13.13.12.2.77.8252.10031005061115110908060312000307,0.00038192037027329206,1,176.0,48.0
1.2.643.5.1.13.13.12.2.77.8252.10031005061115110908060312000307,0.42790815234184265,1,252.0,240.0
1.2.643.5.1.13.13.12.2.77.8252.10031005061115110908060312000307,0.10635504871606827,1,208.0,48.0
1.2.643.5.1.13.13.12.2.77.8252.10031005061115110908060312000307,0.5124231576919556,1,48.0,80.0
1.2.643.5.1.13.13.12.2.77.8252.10031005061115110908060312000307,0.5493471026420593,1,80.0,96.0
1.2.643.5.1.13.13.12.2.77.8252.10031005061115110908060312000307,0.08168131113052368,1,208.0,176.0
1.2.643.5.1.13.13.12.2.77.8252.10031005061115110908060312000307,0.00016299636627081782,1,176.0,128.0
1.2.643.5.1.13.13.12.2.77.8252.10031005061115110908060312000307,9.436844266019762e-05,1,144.0,80.0
1.2.643.5.1.13.13.12.2.77.8252.10031005061115110908060312000307,0.4748745560646057,1,208.0,269.0
1.2.643.5.1.13.13.12.2.77.8252.10031005061115110908060312000307,0.02932024374604225,1,192.0,256.0
1.2.643.5.1.13.13.12.2.77.8252.10031005061115110908060312000307,0.00028578401543200016,1,176.0,80.0
1.2.643.5.1.13.13.12.2.77.8252.10031005061115110908060312000307,0.00021719644428230822,1,160.0,64.0
1.2.643.5.1.13.13.12.2.77.8252.10031005061115110908060312000307,0.07880741357803345,1,96.0,160.0
1.2.643.5.1.13.13.12.2.77.8252.10031005061115110908060312000307,0.587253749370575,1,80.0,176.0
1.2.643.5.1.13.13.12.2.77.8252.10031005061115110908060312000307,0.44842004776000977,1,64.0,64.0
1.2.643.5.1.13.13.12.2.77.8252.10031005061115110908060312000307,0.000853273319080472,1,160.0,192.0
1.2.643.5.1.13.13.12.2.77.8252.10031005061115110908060312000307,0.5538266897201538,1,240.0,256.0
1.2.643.5.1.13.13.12.2.77.8252.10031005061115110908060312000307,0.0008596935658715665,1,176.0,176.0
1.2.643.5.1.13.13.12.2.77.8252.10031005061115110908060312000307,0.2985270321369171,1,208.0,256.0
1.2.643.5.1.13.13.12.2.77.8252.10031005061115110908060312000307,0.47861507534980774,1,64.0,144.0
1.2.643.5.1.13.13.12.2.77.8252.10031005061115110908060312000307,6.018598287482746e-05,1,160.0,128.0
1.2.643.5.1.13.13.12.2.77.8252.10031005061115110908060312000307,0.5078294277191162,1,64.0,224.0
1.2.643.5.1.13.13.12.2.77.8252.10031005061115110908060312000307,0.5150877237319946,1,224.0,192.0
1.2.643.5.1.13.13.12.2.77.8252.10031005061115110908060312000307,0.8042300343513489,1,48.0,48.0
1.2.643.5.1.13.13.12.2.77.8252.10031005061115110908060312000307,0.6648332476615906,1,80.0,48.0
1.2.643.5.1.13.13.12.2.77.8252.10031005061115110908060312000307,0.5009209513664246,1,240.0,144.0
1.2.643.5.1.13.13.12.2.77.8252.10031005061115110908060312000307,0.0004678468394558877,1,144.0,208.0
1.2.643.5.1.13.13.12.2.77.8252.10031005061115110908060312000307,0.007081077434122562,1,192.0,48.0
1.2.643.5.1.13.13.12.2.77.8252.10031005061115110908060312000307,0.4753727316856384,1,224.0,208.0
1.2.643.5.1.13.13.12.2.77.8252.10031005061115110908060312000307,0.007535616867244244,1,192.0,96.0
1.2.643.5.1.13.13.12.2.77.8252.10031005061115110908060312000307,0.060215841978788376,1,208.0,144.0
1.2.643.5.1.13.13.12.2.77.8252.10031005061115110908060312000307,0.47231417894363403,1,240.0,128.0
1.2.643.5.1.13.13.12.2.77.8252.10031005061115110908060312000307,0.0004974945914000273,1,128.0,144.0
1.2.643.5.1.13.13.12.2.77.8252.10031005061115110908060312000307,0.41513383388519287,1,224.0,176.0
1.2.643.5.1.13.13.12.2.77.8252.10031005061115110908060312000307,0.0005549690104089677,1,128.0,64.0
1.2.643.5.1.13.13.12.2.77.8252.15080409060108110106110204020115,0.07049021869897842,1,176.0,224.0
1.2.643.5.1.13.13.12.2.77.8252.15080409060108110106110204020115,0.0051335534080863,1,176.0,128.0
1.2.643.5.1.13.13.12.2.77.8252.15080409060108110106110204020115,0.09278512001037598,1,224.0,208.0
1.2.643.5.1.13.13.12.2.77.8252.15080409060108110106110204020115,0.00959801860153675,1,176.0,96.0
1.2.643.5.1.13.13.12.2.77.8252.15080409060108110106110204020115,0.04302142933011055,1,208.0,176.0
1.2.643.5.1.13.13.12.2.77.8252.15080409060108110106110204020115,0.13957622647285461,1,240.0,240.0
1.2.643.5.1.13.13.12.2.77.8252.15080409060108110106110204020115,0.03231169655919075,1,252.0,144.0
1.2.643.5.1.13.13.12.2.77.8252.15080409060108110106110204020115,0.15538066625595093,1,64.0,48.0
1.2.643.5.1.13.13.12.2.77.8252.15080409060108110106110204020115,0.03259094059467316,1,224.0,128.0
1.2.643.5.1.13.13.12.2.77.8252.15080409060108110106110204020115,0.15759257972240448,1,48.0,96.0
1.2.643.5.1.13.13.12.2.77.8252.15080409060108110106110204020115,0.024076443165540695,1,160.0,48.0
1.2.643.5.1.13.13.12.2.77.8252.15080409060108110106110204020115,0.041563112288713455,1,112.0,80.0
1.2.643.5.1.13.13.12.2.77.8252.15080409060108110106110204020115,0.024055521935224533,1,160.0,208.0
1.2.643.5.1.13.13.12.2.77.8252.15080409060108110106110204020115,0.005140045192092657,1,176.0,144.0
1.2.643.5.1.13.13.12.2.77.8252.15080409060108110106110204020115,0.09185393154621124,1,112.0,256.0
1.2.643.5.1.13.13.12.2.77.8252.15080409060108110106110204020115,0.017756180837750435,1,144.0,208.0
1.2.643.5.1.13.13.12.2.77.8252.15080409060108110106110204020115,0.29446423053741455,1,80.0,144.0
1.2.643.5.1.13.13.12.2.77.8252.15080409060108110106110204020115,0.12417607009410858,1,224.0,224.0
1.2.643.5.1.13.13.12.2.77.8252.15080409060108110106110204020115,0.10611332207918167,1,80.0,192.0
1.2.643.5.1.13.13.12.2.77.8252.15080409060108110106110204020115,0.21600304543972015,1,64.0,112.0
1.2.643.5.1.13.13.12.2.77.8252.15080409060108110106110204020115,0.07982103526592255,1,144.0,240.0
1.2.643.5.1.13.13.12.2.77.8252.15080409060108110106110204020115,0.29608121514320374,1,208.0,240.0
1.2.643.5.1.13.13.12.2.77.8252.15080409060108110106110204020115,0.26526033878326416,1,144.0,272.0
1.2.643.5.1.13.13.12.2.77.8252.15080409060108110106110204020115,0.030619816854596138,1,252.0,112.0
1.2.643.5.1.13.13.12.2.77.8252.15080409060108110106110204020115,0.011122469790279865,1,128.0,80.0
1.2.643.5.1.13.13.12.2.77.8252.15080409060108110106110204020115,0.22305360436439514,1,80.0,176.0
1.2.643.5.1.13.13.12.2.77.8252.15080409060108110106110204020115,0.00573525857180357,1,144.0,128.0
1.2.643.5.1.13.13.12.2.77.8252.15080409060108110106110204020115,0.02826743572950363,1,208.0,48.0
1.2.643.5.1.13.13.12.2.77.8252.15080409060108110106110204020115,0.1852152943611145,1,48.0,176.0
1.2.643.5.1.13.13.12.2.77.8252.15080409060108110106110204020115,0.02144426852464676,1,208.0,64.0
1.2.643.5.1.13.13.12.2.77.8252.15080409060108110106110204020115,0.06084287166595459,1,252.0,224.0
1.2.643.5.1.13.13.12.2.77.8252.15080409060108110106110204020115,0.018894443288445473,1,128.0,176.0
1.2.643.5.1.13.13.12.2.77.8252.15080409060108110106110204020115,0.0881914421916008,1,176.0,240.0
1.2.643.5.1.13.13.12.2.77.8252.15080409060108110106110204020115,0.012701875530183315,1,128.0,48.0
1.2.643.5.1.13.13.12.2.77.8252.15080409060108110106110204020115,0.12629084289073944,1,64.0,256.0
1.2.643.5.1.13.13.12.2.77.8252.15080409060108110106110204020115,0.21372376382350922,1,80.0,128.0
1.2.643.5.1.13.13.12.2.77.8252.15080409060108110106110204020115,0.007964850403368473,1,160.0,176.0
1.2.643.5.1.13.13.12.2.77.8252.15080409060108110106110204020115,0.1550901085138321,1,80.0,240.0
1.2.643.5.1.13.13.12.2.77.8252.15080409060108110106110204020115,0.1561708301305771,1,64.0,208.0
1.2.643.5.1.13.13.12.2.77.8252.15080409060108110106110204020115,0.00814117956906557,1,176.0,80.0
1.2.643.5.1.13.13.12.2.77.8252.06151311061015011100110511080701,0.0371156707406044,1,112.0,144.0
1.2.643.5.1.13.13.12.2.77.8252.06151311061015011100110511080701,0.04299067333340645,1,160.0,270.0
1.2.643.5.1.13.13.12.2.77.8252.06151311061015011100110511080701,0.040661320090293884,1,192.0,160.0
1.2.643.5.1.13.13.12.2.77.8252.06151311061015011100110511080701,0.03550654277205467,1,48.0,112.0
1.2.643.5.1.13.13.12.2.77.8252.06151311061015011100110511080701,0.02962491847574711,1,176.0,192.0
1.2.643.5.1.13.13.12.2.77.8252.06151311061015011100110511080701,0.08275328576564789,1,64.0,80.0
1.2.643.5.1.13.13.12.2.77.8252.06151311061015011100110511080701,0.06767120957374573,1,176.0,128.0
1.2.643.5.1.13.13.12.2.77.8252.06151311061015011100110511080701,0.3668651580810547,1,252.0,224.0
1.2.643.5.1.13.13.12.2.77.8252.06151311061015011100110511080701,0.04622847959399223,1,96.0,176.0
1.2.643.5.1.13.13.12.2.77.8252.06151311061015011100110511080701,0.02802724391222,1,160.0,160.0
1.2.643.5.1.13.13.12.2.77.8252.06151311061015011100110511080701,0.048656217753887177,1,176.0,270.0
1.2.643.5.1.13.13.12.2.77.8252.06151311061015011100110511080701,0.12373936176300049,1,252.0,144.0
1.2.643.5.1.13.13.12.2.77.8252.06151311061015011100110511080701,0.024560747668147087,1,160.0,192.0
1.2.643.5.1.13.13.12.2.77.8252.06151311061015011100110511080701,0.0959196388721466,1,112.0,80.0
1.2.643.5.1.13.13.12.2.77.8252.06151311061015011100110511080701,0.060475289821624756,1,96.0,144.0
1.2.643.5.1.13.13.12.2.77.8252.06151311061015011100110511080701,0.044386692345142365,1,112.0,208.0
1.2.643.5.1.13.13.12.2.77.8252.06151311061015011100110511080701,0.18568290770053864,1,252.0,80.0
1.2.643.5.1.13.13.12.2.77.8252.06151311061015011100110511080701,0.03641067072749138,1,64.0,160.0
1.2.643.5.1.13.13.12.2.77.8252.06151311061015011100110511080701,0.036372654139995575,1,112.0,160.0
1.2.643.5.1.13.13.12.2.77.8252.06151311061015011100110511080701,0.08416368067264557,1,128.0,270.0
1.2.643.5.1.13.13.12.2.77.8252.06151311061015011100110511080701,0.11103318631649017,1,192.0,256.0
1.2.643.5.1.13.13.12.2.77.8252.06151311061015011100110511080701,0.16047516465187073,1,252.0,96.0
1.2.643.5.1.13.13.12.2.77.8252.06151311061015011100110511080701,0.10715057700872421,1,112.0,256.0
1.2.643.5.1.13.13.12.2.77.8252.06151311061015011100110511080701,0.018444973975419998,1,160.0,208.0
1.2.643.5.1.13.13.12.2.77.8252.06151311061015011100110511080701,0.10823961347341537,1,192.0,240.0
1.2.643.5.1.13.13.12.2.77.8252.06151311061015011100110511080701,0.05038987845182419,1,80.0,176.0
1.2.643.5.1.13.13.12.2.77.8252.06151311061015011100110511080701,0.03843950852751732,1,144.0,48.0
1.2.643.5.1.13.13.12.2.77.8252.06151311061015011100110511080701,0.04748502001166344,1,64.0,208.0
1.2.643.5.1.13.13.12.2.77.8252.06151311061015011100110511080701,0.023895978927612305,1,176.0,144.0
1.2.643.5.1.13.13.12.2.77.8252.06151311061015011100110511080701,0.08198520541191101,1,128.0,256.0
1.2.643.5.1.13.13.12.2.77.8252.06151311061015011100110511080701,0.044507451355457306,1,144.0,256.0
1.2.643.5.1.13.13.12.2.77.8252.06151311061015011100110511080701,0.06586603075265884,1,80.0,128.0
1.2.643.5.1.13.13.12.2.77.8252.06151311061015011100110511080701,0.03654158115386963,1,160.0,80.0
1.2.643.5.1.13.13.12.2.77.8252.06151311061015011100110511080701,0.06065354868769646,1,96.0,224.0
1.2.643.5.1.13.13.12.2.77.8252.06151311061015011100110511080701,0.013260834850370884,1,144.0,160.0
1.2.643.5.1.13.13.12.2.77.8252.06151311061015011100110511080701,0.02522922493517399,1,48.0,160.0
1.2.643.5.1.13.13.12.2.77.8252.06151311061015011100110511080701,0.021856624633073807,1,176.0,176.0
1.2.643.5.1.13.13.12.2.77.8252.06151311061015011100110511080701,0.038158588111400604,1,144.0,64.0
1.2.643.5.1.13.13.12.2.77.8252.06151311061015011100110511080701,0.04360833391547203,1,96.0,160.0
1.2.643.5.1.13.13.12.2.77.8252.06151311061015011100110511080701,0.14023210108280182,1,96.0,80.0
1.2.643.5.1.13.13.12.2.77.8252.11100109131006120600020910050910,0.31153905391693115,1,231.0,46.5
1.2.643.5.1.13.13.12.2.77.8252.11100109131006120600020910050910,0.7515087127685547,1,72.0,49.5
1.2.643.5.1.13.13.12.2.77.8252.11100109131006120600020910050910,0.11013039201498032,1,144.0,80.0
1.2.643.5.1.13.13.12.2.77.8252.11100109131006120600020910050910,0.176256000995636,1,112.0,80.0
1.2.643.5.1.13.13.12.2.77.8252.11100109131006120600020910050910,0.07886442542076111,1,240.0,256.0
1.2.643.5.1.13.13.12.2.77.8252.11100109131006120600020910050910,0.14593163132667542,1,160.0,112.0
1.2.643.5.1.13.13.12.2.77.8252.11100109131006120600020910050910,0.4370253086090088,1,96.0,112.0
1.2.643.5.1.13.13.12.2.77.8252.11100109131006120600020910050910,0.492477685213089,1,96.0,80.0
1.2.643.5.1.13.13.12.2.77.8252.11100109131006120600020910050910,0.3081507682800293,1,224.0,48.0
1.2.643.5.1.13.13.12.2.77.8252.11100109131006120600020910050910,0.3416757881641388,1,176.0,240.0
1.2.643.5.1.13.13.12.2.77.8252.11100109131006120600020910050910,0.05815237760543823,1,112.0,160.0
1.2.643.5.1.13.13.12.2.77.8252.11100109131006120600020910050910,0.10346098244190216,1,208.0,240.0
1.2.643.5.1.13.13.12.2.77.8252.11100109131006120600020910050910,0.1264476776123047,1,192.0,240.0
1.2.643.5.1.13.13.12.2.77.8252.11100109131006120600020910050910,0.06987375766038895,1,128.0,96.0
1.2.643.5.1.13.13.12.2.77.8252.11100109131006120600020910050910,0.07370293885469437,1,96.0,192.0
1.2.643.5.1.13.13.12.2.77.8252.11100109131006120600020910050910,0.5111382007598877,1,112.0,48.0
1.2.643.5.1.13.13.12.2.77.8252.11100109131006120600020910050910,0.10827957093715668,1,128.0,112.0
1.2.643.5.1.13.13.12.2.77.8252.11100109131006120600020910050910,0.012661771848797798,1,252.0,240.0
1.2.643.5.1.13.13.12.2.77.8252.11100109131006120600020910050910,0.21913644671440125,1,80.0,96.0
1.2.643.5.1.13.13.12.2.77.8252.11100109131006120600020910050910,0.2499171495437622,1,224.0,64.0
1.2.643.5.1.13.13.12.2.77.8252.11100109131006120600020910050910,0.08543533086776733,1,80.0,128.0
1.2.643.5.1.13.13.12.2.77.8252.11100109131006120600020910050910,0.09120411425828934,1,252.0,128.0
1.2.643.5.1.13.13.12.2.77.8252.11100109131006120600020910050910,0.8422986268997192,1,80.0,48.0
1.2.643.5.1.13.13.12.2.77.8252.11100109131006120600020910050910,0.15089811384677887,1,112.0,96.0
1.2.643.5.1.13.13.12.2.77.8252.11100109131006120600020910050910,0.05068286508321762,1,48.0,128.0
1.2.643.5.1.13.13.12.2.77.8252.11100109131006120600020910050910,0.18744726479053497,1,112.0,128.0
1.2.643.5.1.13.13.12.2.77.8252.11100109131006120600020910050910,0.019061684608459473,1,252.0,192.0
1.2.643.5.1.13.13.12.2.77.8252.11100109131006120600020910050910,0.02248818427324295,1,48.0,208.0
1.2.643.5.1.13.13.12.2.77.8252.11100109131006120600020910050910,0.1072680875658989,1,252.0,112.0
1.2.643.5.1.13.13.12.2.77.8252.11100109131006120600020910050910,0.13987486064434052,1,252.0,80.0
1.2.643.5.1.13.13.12.2.77.8252.11100109131006120600020910050910,0.033156659454107285,1,48.0,144.0
1.2.643.5.1.13.13.12.2.77.8252.11100109131006120600020910050910,0.010408771224319935,1,252.0,224.0
1.2.643.5.1.13.13.12.2.77.8252.11100109131006120600020910050910,0.0661674216389656,1,112.0,192.0
1.2.643.5.1.13.13.12.2.77.8252.11100109131006120600020910050910,0.021955037489533424,1,48.0,240.0
1.2.643.5.1.13.13.12.2.77.8252.11100109131006120600020910050910,0.06779540330171585,1,160.0,192.0
1.2.643.5.1.13.13.12.2.77.8252.11100109131006120600020910050910,0.0136657590046525,1,252.0,208.0
1.2.643.5.1.13.13.12.2.77.8252.11100109131006120600020910050910,0.02636166661977768,1,192.0,160.0
1.2.643.5.1.13.13.12.2.77.8252.11100109131006120600020910050910,0.30029940605163574,1,144.0,256.0
1.2.643.5.1.13.13.12.2.77.8252.11100109131006120600020910050910,0.1415175497531891,1,80.0,112.0
1.2.643.5.1.13.13.12.2.77.8252.11100109131006120600020910050910,0.01723259873688221,1,192.0,192.0
1.2.643.5.1.13.13.12.2.77.8252.11100109131006120600020910050910,0.07603982836008072,1,192.0,96.0
1.2.643.5.1.13.13.12.2.77.8252.11100109131006120600020910050910,0.058530114591121674,1,252.0,270.0
1.2.643.5.1.13.13.12.2.77.8252.06020510071406141308051102110806,0.09684965759515762,1,254.5,45.0
1.2.643.5.1.13.13.12.2.77.8252.06020510071406141308051102110806,0.4029839038848877,1,75.5,62.0
1.2.643.5.1.13.13.12.2.77.8252.06020510071406141308051102110806,0.24892088770866394,1,150.5,237.5
1.2.643.5.1.13.13.12.2.77.8252.06020510071406141308051102110806,0.05591670423746109,1,240.0,128.0
1.2.643.5.1.13.13.12.2.77.8252.06020510071406141308051102110806,0.13664750754833221,1,224.0,144.0
1.2.643.5.1.13.13.12.2.77.8252.06020510071406141308051102110806,0.41167816519737244,1,112.0,244.0
1.2.643.5.1.13.13.12.2.77.8252.06020510071406141308051102110806,0.15889813005924225,1,80.0,112.0
1.2.643.5.1.13.13.12.2.77.8252.06020510071406141308051102110806,0.5093404650688171,1,128.0,244.0
1.2.643.5.1.13.13.12.2.77.8252.06020510071406141308051102110806,0.031969863921403885,1,48.0,176.0
1.2.643.5.1.13.13.12.2.77.8252.06020510071406141308051102110806,0.06246102973818779,1,252.0,244.0
1.2.643.5.1.13.13.12.2.77.8252.06020510071406141308051102110806,0.07229193300008774,1,240.0,80.0
1.2.643.5.1.13.13.12.2.77.8252.06020510071406141308051102110806,0.06243225932121277,1,240.0,208.0
1.2.643.5.1.13.13.12.2.77.8252.06020510071406141308051102110806,0.08405989408493042,1,64.0,112.0
1.2.643.5.1.13.13.12.2.77.8252.06020510071406141308051102110806,0.07646351307630539,1,64.0,224.0
1.2.643.5.1.13.13.12.2.77.8252.06020510071406141308051102110806,0.12955309450626373,1,192.0,176.0
1.2.643.5.1.13.13.12.2.77.8252.06020510071406141308051102110806,0.11658834666013718,1,160.0,80.0
1.2.643.5.1.13.13.12.2.77.8252.06020510071406141308051102110806,0.09164682030677795,1,48.0,96.0
1.2.643.5.1.13.13.12.2.77.8252.06020510071406141308051102110806,0.171551913022995,1,144.0,144.0
1.2.643.5.1.13.13.12.2.77.8252.06020510071406141308051102110806,0.19611026346683502,1,112.0,64.0
1.2.643.5.1.13.13.12.2.77.8252.06020510071406141308051102110806,0.07161333411931992,1,176.0,80.0
1.2.643.5.1.13.13.12.2.77.8252.06020510071406141308051102110806,0.03769196942448616,1,252.0,96.0
1.2.643.5.1.13.13.12.2.77.8252.06020510071406141308051102110806,0.24265950918197632,1,208.0,244.0
1.2.643.5.1.13.13.12.2.77.8252.06020510071406141308051102110806,0.5434677004814148,1,144.0,244.0
1.2.643.5.1.13.13.12.2.77.8252.06020510071406141308051102110806,0.04615681618452072,1,252.0,80.0
1.2.643.5.1.13.13.12.2.77.8252.06020510071406141308051102110806,0.20452441275119781,1,144.0,160.0
1.2.643.5.1.13.13.12.2.77.8252.06020510071406141308051102110806,0.05861949175596237,1,240.0,176.0
1.2.643.5.1.13.13.12.2.77.8252.06020510071406141308051102110806,0.0622340627014637,1,240.0,144.0
1.2.643.5.1.13.13.12.2.77.8252.06020510071406141308051102110806,0.15862366557121277,1,176.0,240.0
1.2.643.5.1.13.13.12.2.77.8252.06020510071406141308051102110806,0.4669795632362366,1,144.0,240.0
1.2.643.5.1.13.13.12.2.77.8252.06020510071406141308051102110806,0.10895408689975739,1,208.0,208.0
1.2.643.5.1.13.13.12.2.77.8252.06020510071406141308051102110806,0.06057768687605858,1,48.0,112.0
1.2.643.5.1.13.13.12.2.77.8252.06020510071406141308051102110806,0.38223832845687866,1,64.0,48.0
1.2.643.5.1.13.13.12.2.77.8252.06020510071406141308051102110806,0.04214934632182121,1,64.0,144.0
1.2.643.5.1.13.13.12.2.77.8252.06020510071406141308051102110806,0.03657098114490509,1,252.0,176.0
1.2.643.5.1.13.13.12.2.77.8252.06020510071406141308051102110806,0.38282477855682373,1,112.0,240.0
1.2.643.5.1.13.13.12.2.77.8252.06020510071406141308051102110806,0.06429442018270493,1,240.0,160.0
1.2.643.5.1.13.13.12.2.77.8252.06020510071406141308051102110806,0.2673490047454834,1,192.0,244.0
1.2.643.5.1.13.13.12.2.77.8252.06020510071406141308051102110806,0.24560755491256714,1,96.0,96.0
1.2.643.5.1.13.13.12.2.77.8252.06020510071406141308051102110806,0.04301660880446434,1,48.0,128.0
1.2.643.5.1.13.13.12.2.77.8252.06020510071406141308051102110806,0.05414105951786041,1,240.0,112.0
1.2.643.5.1.13.13.12.2.77.8252.06020510071406141308051102110806,0.04738549888134003,1,252.0,224.0
1.2.643.5.1.13.13.12.2.77.8252.06020510071406141308051102110806,0.09512456506490707,1,80.0,176.0
1.2.643.5.1.13.13.12.2.77.8252.06020510071406141308051102110806,0.09165792167186737,1,224.0,224.0
1.2.643.5.1.13.13.12.2.77.8252.07080813110202150000000512100700,0.15198324620723724,1,86.0,18.5
1.2.643.5.1.13.13.12.2.77.8252.07080813110202150000000512100700,0.34791135787963867,1,55.5,10.0
1.2.643.5.1.13.13.12.2.77.8252.07080813110202150000000512100700,0.46669772267341614,1,48.0,48.0
1.2.643.5.1.13.13.12.2.77.8252.07080813110202150000000512100700,0.3770899772644043,1,64.0,48.0
1.2.643.5.1.13.13.12.2.77.8252.07080813110202150000000512100700,0.31419873237609863,1,80.0,48.0
1.2.643.5.1.13.13.12.2.77.8252.07080813110202150000000512100700,0.3339296579360962,1,96.0,48.0
1.2.643.5.1.13.13.12.2.77.8252.07080813110202150000000512100700,0.3319070339202881,1,112.0,48.0
1.2.643.5.1.13.13.12.2.77.8252.07080813110202150000000512100700,0.39459216594696045,1,128.0,48.0
1.2.643.5.1.13.13.12.2.77.8252.07080813110202150000000512100700,0.4135555028915405,1,48.0,64.0
1.2.643.5.1.13.13.12.2.77.8252.07080813110202150000000512100700,0.4194175601005554,1,64.0,64.0
1.2.643.5.1.13.13.12.2.77.8252.07080813110202150000000512100700,0.3560774624347687,1,80.0,64.0
1.2.643.5.1.13.13.12.2.77.8252.07080813110202150000000512100700,0.40641576051712036,1,96.0,64.0
1.2.643.5.1.13.13.12.2.77.8252.07080813110202150000000512100700,0.5260965824127197,1,112.0,64.0
1.2.643.5.1.13.13.12.2.77.8252.07080813110202150000000512100700,0.029132824391126633,1,80.0,240.0
1.2.643.5.1.13.13.12.2.77.8252.07080813110202150000000512100700,0.060407549142837524,1,128.0,112.0
1.2.643.5.1.13.13.12.2.77.8252.07080813110202150000000512100700,0.027185644954442978,1,252.0,208.0
1.2.643.5.1.13.13.12.2.77.8252.07080813110202150000000512100700,0.02747575379908085,1,240.0,160.0
1.2.643.5.1.13.13.12.2.77.8252.07080813110202150000000512100700,0.07686580717563629,1,160.0,128.0
1.2.643.5.1.13.13.12.2.77.8252.07080813110202150000000512100700,0.016606396064162254,1,224.0,160.0
1.2.643.5.1.13.13.12.2.77.8252.07080813110202150000000512100700,0.49766090512275696,1,176.0,80.0
1.2.643.5.1.13.13.12.2.77.8252.07080813110202150000000512100700,0.07267172634601593,1,144.0,112.0
1.2.643.5.1.13.13.12.2.77.8252.07080813110202150000000512100700,0.27452632784843445,1,252.0,48.0
1.2.643.5.1.13.13.12.2.77.8252.07080813110202150000000512100700,0.018517393618822098,1,224.0,144.0
1.2.643.5.1.13.13.12.2.77.8252.07080813110202150000000512100700,0.014501678757369518,1,208.0,176.0
1.2.643.5.1.13.13.12.2.77.8252.07080813110202150000000512100700,0.16733554005622864,1,112.0,112.0
1.2.643.5.1.13.13.12.2.77.8252.07080813110202150000000512100700,0.03644173964858055,1,160.0,208.0
1.2.643.5.1.13.13.12.2.77.8252.07080813110202150000000512100700,0.09649224579334259,1,160.0,112.0
1.2.643.5.1.13.13.12.2.77.8252.07080813110202150000000512100700,0.04735551401972771,1,252.0,112.0
1.2.643.5.1.13.13.12.2.77.8252.07080813110202150000000512100700,0.45248711109161377,1,208.0,48.0
1.2.643.5.1.13.13.12.2.77.8252.07080813110202150000000512100700,0.008894911035895348,1,192.0,176.0
1.2.643.5.1.13.13.12.2.77.8252.07080813110202150000000512100700,0.06836432963609695,1,224.0,240.0
1.2.643.5.1.13.13.12.2.77.8252.07080813110202150000000512100700,0.035144831985235214,1,64.0,240.0
1.2.643.5.1.13.13.12.2.77.8252.07080813110202150000000512100700,0.4377090036869049,1,192.0,48.0
1.2.643.5.1.13.13.12.2.77.8252.07080813110202150000000512100700,0.08302535861730576,1,252.0,240.0
1.2.643.5.1.13.13.12.2.77.8252.07080813110202150000000512100700,0.12043635547161102,1,48.0,112.0
1.2.643.5.1.13.13.12.2.77.8252.07080813110202150000000512100700,0.11247991025447845,1,252.0,64.0
1.2.643.5.1.13.13.12.2.77.8252.07080813110202150000000512100700,0.023576023057103157,1,252.0,160.0
1.2.643.5.1.13.13.12.2.77.8252.07080813110202150000000512100700,0.034221332520246506,1,192.0,144.0
1.2.643.5.1.13.13.12.2.77.8252.07080813110202150000000512100700,0.11385766416788101,1,112.0,144.0
1.2.643.5.1.13.13.12.2.77.8252.07080813110202150000000512100700,0.3690333068370819,1,176.0,96.0
1.2.643.5.1.13.13.12.2.77.8252.07080813110202150000000512100700,0.043576616793870926,1,252.0,224.0
1.2.643.5.1.13.13.12.2.77.8252.07080813110202150000000512100700,0.09231589734554291,1,224.0,96.0
1.2.643.5.1.13.13.12.2.77.8252.07080813110202150000000512100700,0.02169482782483101,1,192.0,208.0
1.2.643.5.1.13.13.12.2.77.8252.07080813110202150000000512100700,0.10304980725049973,1,144.0,241.0
1.2.643.5.1.13.13.12.2.77.8252.07080813110202150000000512100700,0.03451654687523842,1,64.0,176.0
1.2.643.5.1.13.13.12.2.77.8252.07080813110202150000000512100700,0.028542205691337585,1,48.0,208.0
1.2.643.5.1.13.13.12.2.77.8252.07080813110202150000000512100700,0.03709709271788597,1,128.0,240.0
1.2.643.5.1.13.13.12.2.77.8252.07080813110202150000000512100700,0.015041491016745567,1,144.0,208.0
1.2.643.5.1.13.13.12.2.77.8252.07080813110202150000000512100700,0.07395469397306442,1,160.0,144.0
1.2.643.5.1.13.13.12.2.77.8252.07080813110202150000000512100700,0.05589361861348152,1,96.0,241.0
1.2.643.5.1.13.13.12.2.77.8252.07080813110202150000000512100700,0.039946530014276505,1,240.0,224.0
1.2.643.5.1.13.13.12.2.77.8252.07080813110202150000000512100700,0.07789964973926544,1,240.0,96.0
1.2.643.5.1.13.13.12.2.77.8252.07080813110202150000000512100700,0.056670840829610825,1,240.0,241.0
1.2.643.5.1.13.13.12.2.77.8252.11011500050713141305050211140308,0.42262110114097595,1,108.0,262.0
1.2.643.5.1.13.13.12.2.77.8252.11011500050713141305050211140308,0.31177112460136414,1,188.0,259.0
1.2.643.5.1.13.13.12.2.77.8252.11011500050713141305050211140308,0.013454059138894081,1,144.0,144.0
1.2.643.5.1.13.13.12.2.77.8252.11011500050713141305050211140308,0.04830674082040787,1,252.0,96.0
1.2.643.5.1.13.13.12.2.77.8252.11011500050713141305050211140308,0.045958828181028366,1,48.0,224.0
1.2.643.5.1.13.13.12.2.77.8252.11011500050713141305050211140308,0.04474394768476486,1,112.0,224.0
1.2.643.5.1.13.13.12.2.77.8252.11011500050713141305050211140308,0.031328100711107254,1,112.0,128.0
1.2.643.5.1.13.13.12.2.77.8252.11011500050713141305050211140308,0.06803490221500397,1,224.0,112.0
1.2.643.5.1.13.13.12.2.77.8252.11011500050713141305050211140308,0.46652093529701233,1,176.0,270.0
1.2.643.5.1.13.13.12.2.77.8252.11011500050713141305050211140308,0.036052897572517395,1,252.0,192.0
1.2.643.5.1.13.13.12.2.77.8252.11011500050713141305050211140308,0.03311925008893013,1,64.0,144.0
1.2.643.5.1.13.13.12.2.77.8252.11011500050713141305050211140308,0.022241344675421715,1,112.0,144.0
1.2.643.5.1.13.13.12.2.77.8252.11011500050713141305050211140308,0.042436633259058,1,224.0,160.0
1.2.643.5.1.13.13.12.2.77.8252.11011500050713141305050211140308,0.02385828271508217,1,192.0,144.0
1.2.643.5.1.13.13.12.2.77.8252.11011500050713141305050211140308,0.08862844854593277,1,80.0,48.0
1.2.643.5.1.13.13.12.2.77.8252.11011500050713141305050211140308,0.018005313351750374,1,176.0,208.0
1.2.643.5.1.13.13.12.2.77.8252.11011500050713141305050211140308,0.2762974500656128,1,144.0,256.0
1.2.643.5.1.13.13.12.2.77.8252.11011500050713141305050211140308,0.07521408796310425,1,252.0,224.0
1.2.643.5.1.13.13.12.2.77.8252.11011500050713141305050211140308,0.08319654315710068,1,192.0,240.0
1.2.643.5.1.13.13.12.2.77.8252.11011500050713141305050211140308,0.06918025016784668,1,64.0,224.0
1.2.643.5.1.13.13.12.2.77.8252.11011500050713141305050211140308,0.04032478481531143,1,144.0,64.0
1.2.643.5.1.13.13.12.2.77.8252.11011500050713141305050211140308,0.041138384491205215,1,64.0,80.0
1.2.643.5.1.13.13.12.2.77.8252.11011500050713141305050211140308,0.04032732918858528,1,144.0,112.0
1.2.643.5.1.13.13.12.2.77.8252.11011500050713141305050211140308,0.09892860054969788,1,64.0,48.0
1.2.643.5.1.13.13.12.2.77.8252.11011500050713141305050211140308,0.0876079648733139,1,128.0,48.0
1.2.643.5.1.13.13.12.2.77.8252.11011500050713141305050211140308,0.016318758949637413,1,144.0,128.0
1.2.643.5.1.13.13.12.2.77.8252.11011500050713141305050211140308,0.023122645914554596,1,160.0,176.0
1.2.643.5.1.13.13.12.2.77.8252.11011500050713141305050211140308,0.012877068482339382,1,160.0,160.0
1.2.643.5.1.13.13.12.2.77.8252.11011500050713141305050211140308,0.030858106911182404,1,96.0,144.0
1.2.643.5.1.13.13.12.2.77.8252.11011500050713141305050211140308,0.03076251409947872,1,64.0,128.0
1.2.643.5.1.13.13.12.2.77.8252.11011500050713141305050211140308,0.3379025459289551,1,48.0,270.0
1.2.643.5.1.13.13.12.2.77.8252.11011500050713141305050211140308,0.2696843445301056,1,208.0,256.0
1.2.643.5.1.13.13.12.2.77.8252.11011500050713141305050211140308,0.024431847035884857,1,208.0,176.0
1.2.643.5.1.13.13.12.2.77.8252.11011500050713141305050211140308,0.07736393064260483,1,160.0,112.0
1.2.643.5.1.13.13.12.2.77.8252.11011500050713141305050211140308,0.06546813994646072,1,112.0,48.0
1.2.643.5.1.13.13.12.2.77.8252.11011500050713141305050211140308,0.025130702182650566,1,48.0,128.0
1.2.643.5.1.13.13.12.2.77.8252.11011500050713141305050211140308,0.046283964067697525,1,96.0,112.0
1.2.643.5.1.13.13.12.2.77.8252.11011500050713141305050211140308,0.030445074662566185,1,96.0,192.0
1.2.643.5.1.13.13.12.2.77.8252.11011500050713141305050211140308,0.5824927687644958,1,112.0,270.0
1.2.643.5.1.13.13.12.2.77.8252.11011500050713141305050211140308,0.05832020938396454,1,252.0,80.0
1.2.643.5.1.13.13.12.2.77.8252.11011500050713141305050211140308,0.033951494842767715,1,112.0,96.0
1.2.643.5.1.13.13.12.2.77.8252.11011500050713141305050211140308,0.022020872682332993,1,144.0,96.0
1.2.643.5.1.13.13.12.2.77.8252.02060605151213121009151302130207,0.8172277212142944,1,155.0,108.5
1.2.643.5.1.13.13.12.2.77.8252.02060605151213121009151302130207,0.6011393666267395,1,151.5,258.0
1.2.643.5.1.13.13.12.2.77.8252.02060605151213121009151302130207,0.03690404072403908,1,240.0,240.0
1.2.643.5.1.13.13.12.2.77.8252.02060605151213121009151302130207,0.2795543968677521,1,208.0,256.0
1.2.643.5.1.13.13.12.2.77.8252.02060605151213121009151302130207,0.4293593466281891,1,252.0,96.0
1.2.643.5.1.13.13.12.2.77.8252.02060605151213121009151302130207,0.36564332246780396,1,208.0,269.0
1.2.643.5.1.13.13.12.2.77.8252.02060605151213121009151302130207,0.18954311311244965,1,96.0,160.0
1.2.643.5.1.13.13.12.2.77.8252.02060605151213121009151302130207,0.09776652604341507,1,224.0,256.0
1.2.643.5.1.13.13.12.2.77.8252.02060605151213121009151302130207,0.10224717855453491,1,48.0,48.0
1.2.643.5.1.13.13.12.2.77.8252.02060605151213121009151302130207,0.10830701887607574,1,128.0,240.0
1.2.643.5.1.13.13.12.2.77.8252.02060605151213121009151302130207,0.14290478825569153,1,192.0,240.0
1.2.643.5.1.13.13.12.2.77.8252.02060605151213121009151302130207,0.8130822777748108,1,176.0,48.0
1.2.643.5.1.13.13.12.2.77.8252.02060605151213121009151302130207,0.3734497129917145,1,160.0,240.0
1.2.643.5.1.13.13.12.2.77.8252.02060605151213121009151302130207,0.46968427300453186,1,144.0,160.0
1.2.643.5.1.13.13.12.2.77.8252.02060605151213121009151302130207,0.14307314157485962,1,160.0,208.0
1.2.643.5.1.13.13.12.2.77.8252.02060605151213121009151302130207,0.062083225697278976,1,48.0,160.0
1.2.643.5.1.13.13.12.2.77.8252.02060605151213121009151302130207,0.04370535537600517,1,80.0,208.0
1.2.643.5.1.13.13.12.2.77.8252.02060605151213121009151302130207,0.4711529016494751,1,96.0,48.0
1.2.643.5.1.13.13.12.2.77.8252.02060605151213121009151302130207,0.589661717414856,1,240.0,64.0
1.2.643.5.1.13.13.12.2.77.8252.02060605151213121009151302130207,0.6894188523292542,1,176.0,144.0
1.2.643.5.1.13.13.12.2.77.8252.02060605151213121009151302130207,0.4212217628955841,1,80.0,112.0
1.2.643.5.1.13.13.12.2.77.8252.02060605151213121009151302130207,0.4612722098827362,1,224.0,128.0
1.2.643.5.1.13.13.12.2.77.8252.02060605151213121009151302130207,0.27656838297843933,1,252.0,128.0
1.2.643.5.1.13.13.12.2.77.8252.02060605151213121009151302130207,0.03336559981107712,1,240.0,256.0
1.2.643.5.1.13.13.12.2.77.8252.02060605151213121009151302130207,0.2875097692012787,1,80.0,144.0
1.2.643.5.1.13.13.12.2.77.8252.02060605151213121009151302130207,0.3523363769054413,1,208.0,144.0
1.2.643.5.1.13.13.12.2.77.8252.02060605151213121009151302130207,0.19400306046009064,1,96.0,269.0
1.2.643.5.1.13.13.12.2.77.8252.02060605151213121009151302130207,0.031177904456853867,1,48.0,256.0
1.2.643.5.1.13.13.12.2.77.8252.02060605151213121009151302130207,0.9528599977493286,1,192.0,80.0
1.2.643.5.1.13.13.12.2.77.8252.02060605151213121009151302130207,0.8218745589256287,1,192.0,48.0
1.2.643.5.1.13.13.12.2.77.8252.02060605151213121009151302130207,0.2527202069759369,1,96.0,144.0
1.2.643.5.1.13.13.12.2.77.8252.02060605151213121009151302130207,0.07804674655199051,1,112.0,240.0
1.2.643.5.1.13.13.12.2.77.8252.02060605151213121009151302130207,0.8927307724952698,1,192.0,64.0
1.2.643.5.1.13.13.12.2.77.8252.02060605151213121009151302130207,0.18042461574077606,1,64.0,48.0
1.2.643.5.1.13.13.12.2.77.8252.02060605151213121009151302130207,0.9307877421379089,1,192.0,96.0
1.2.643.5.1.13.13.12.2.77.8252.02060605151213121009151302130207,0.10039729624986649,1,48.0,144.0
1.2.643.5.1.13.13.12.2.77.8252.02060605151213121009151302130207,0.09687688946723938,1,224.0,240.0
1.2.643.5.1.13.13.12.2.77.8252.02060605151213121009151302130207,0.7299764752388,1,144.0,269.0
1.2.643.5.1.13.13.12.2.77.8252.02060605151213121009151302130207,0.48141005635261536,1,96.0,64.0
1.2.643.5.1.13.13.12.2.77.8252.02060605151213121009151302130207,0.18192356824874878,1,144.0,192.0
1.2.643.5.1.13.13.12.2.77.8252.02060605151213121009151302130207,0.912605345249176,1,160.0,96.0
1.2.643.5.1.13.13.12.2.77.8252.02060605151213121009151302130207,0.858053982257843,1,128.0,80.0
1.2.643.5.1.13.13.12.2.77.8252.03020907090204060013031106111312,0.6093745231628418,1,219.0,162.5
1.2.643.5.1.13.13.12.2.77.8252.03020907090204060013031106111312,0.7032253742218018,1,99.5,160.0
1.2.643.5.1.13.13.12.2.77.8252.03020907090204060013031106111312,0.7625465989112854,1,61.0,80.0
1.2.643.5.1.13.13.12.2.77.8252.03020907090204060013031106111312,0.9456393718719482,1,155.0,160.5
1.2.643.5.1.13.13.12.2.77.8252.03020907090204060013031106111312,0.582025408744812,1,144.0,64.0
1.2.643.5.1.13.13.12.2.77.8252.03020907090204060013031106111312,0.4032285213470459,1,224.0,144.0
1.2.643.5.1.13.13.12.2.77.8252.03020907090204060013031106111312,0.24471382796764374,1,176.0,80.0
1.2.643.5.1.13.13.12.2.77.8252.03020907090204060013031106111312,0.4823206663131714,1,112.0,64.0
1.2.643.5.1.13.13.12.2.77.8252.03020907090204060013031106111312,0.216732919216156,1,64.0,237.0
1.2.643.5.1.13.13.12.2.77.8252.03020907090204060013031106111312,0.38674119114875793,1,240.0,96.0
1.2.643.5.1.13.13.12.2.77.8252.03020907090204060013031106111312,0.9614489078521729,1,160.0,144.0
1.2.643.5.1.13.13.12.2.77.8252.03020907090204060013031106111312,0.6376338601112366,1,176.0,176.0
1.2.643.5.1.13.13.12.2.77.8252.03020907090204060013031106111312,0.27250975370407104,1,224.0,128.0
1.2.643.5.1.13.13.12.2.77.8252.03020907090204060013031106111312,0.38444116711616516,1,224.0,64.0
1.2.643.5.1.13.13.12.2.77.8252.03020907090204060013031106111312,0.7000405788421631,1,144.0,208.0
1.2.643.5.1.13.13.12.2.77.8252.03020907090204060013031106111312,0.6599627137184143,1,160.0,224.0
1.2.643.5.1.13.13.12.2.77.8252.03020907090204060013031106111312,0.526699960231781,1,112.0,80.0
1.2.643.5.1.13.13.12.2.77.8252.03020907090204060013031106111312,0.6961221098899841,1,176.0,96.0
1.2.643.5.1.13.13.12.2.77.8252.03020907090204060013031106111312,0.5277153253555298,1,128.0,176.0
1.2.643.5.1.13.13.12.2.77.8252.03020907090204060013031106111312,0.3418859541416168,1,96.0,192.0
1.2.643.5.1.13.13.12.2.77.8252.03020907090204060013031106111312,0.3388078212738037,1,252.0,112.0
1.2.643.5.1.13.13.12.2.77.8252.03020907090204060013031106111312,0.300993412733078,1,176.0,237.0
1.2.643.5.1.13.13.12.2.77.8252.03020907090204060013031106111312,0.8930186033248901,1,128.0,96.0
1.2.643.5.1.13.13.12.2.77.8252.03020907090204060013031106111312,0.8561968207359314,1,96.0,112.0
1.2.643.5.1.13.13.12.2.77.8252.03020907090204060013031106111312,0.5626219511032104,1,224.0,160.0
1.2.643.5.1.13.13.12.2.77.8252.03020907090204060013031106111312,0.5876701474189758,1,112.0,176.0
1.2.643.5.1.13.13.12.2.77.8252.03020907090204060013031106111312,0.6860406994819641,1,48.0,80.0
1.2.643.5.1.13.13.12.2.77.8252.03020907090204060013031106111312,0.06950241327285767,1,48.0,208.0
1.2.643.5.1.13.13.12.2.77.8252.03020907090204060013031106111312,0.35718783736228943,1,240.0,208.0
1.2.643.5.1.13.13.12.2.77.8252.03020907090204060013031106111312,0.21353061497211456,1,48.0,144.0
1.2.643.5.1.13.13.12.2.77.8252.03020907090204060013031106111312,0.6765998005867004,1,224.0,208.0
1.2.643.5.1.13.13.12.2.77.8252.03020907090204060013031106111312,0.5422936677932739,1,128.0,48.0
1.2.643.5.1.13.13.12.2.77.8252.03020907090204060013031106111312,0.5115755200386047,1,80.0,160.0
1.2.643.5.1.13.13.12.2.77.8252.03020907090204060013031106111312,0.838128924369812,1,144.0,112.0
1.2.643.5.1.13.13.12.2.77.8252.03020907090204060013031106111312,0.13569919764995575,1,96.0,237.0
1.2.643.5.1.13.13.12.2.77.8252.03020907090204060013031106111312,0.49192488193511963,1,144.0,48.0
1.2.643.5.1.13.13.12.2.77.8252.03020907090204060013031106111312,0.8108924627304077,1,192.0,237.0
1.2.643.5.1.13.13.12.2.77.8252.03020907090204060013031106111312,0.8586722612380981,1,112.0,128.0
1.2.643.5.1.13.13.12.2.77.8252.03020907090204060013031106111312,0.2847680449485779,1,192.0,80.0
1.2.643.5.1.13.13.12.2.77.8252.03020907090204060013031106111312,0.5988612771034241,1,128.0,64.0
1.2.643.5.1.13.13.12.2.77.8252.03020907090204060013031106111312,0.6424381136894226,1,112.0,192.0
1.2.643.5.1.13.13.12.2.77.8252.03020907090204060013031106111312,0.6937620639801025,1,80.0,80.0
1.2.643.5.1.13.13.12.2.77.8252.03020907090204060013031106111312,0.9652329683303833,1,160.0,160.0
1.2.643.5.1.13.13.12.2.77.8252.03020907090204060013031106111312,0.6165937185287476,1,144.0,176.0
1.2.643.5.1.13.13.12.2.77.8252.12071204070300150506091512141413,0.6793254613876343,1,174.0,196.0
1.2.643.5.1.13.13.12.2.77.8252.12071204070300150506091512141413,0.32409071922302246,1,229.5,217.5
1.2.643.5.1.13.13.12.2.77.8252.12071204070300150506091512141413,0.7138573527336121,1,160.0,267.0
1.2.643.5.1.13.13.12.2.77.8252.12071204070300150506091512141413,0.16873027384281158,1,240.0,267.0
1.2.643.5.1.13.13.12.2.77.8252.12071204070300150506091512141413,0.249141663312912,1,224.0,256.0
1.2.643.5.1.13.13.12.2.77.8252.12071204070300150506091512141413,0.7076436877250671,1,176.0,256.0
1.2.643.5.1.13.13.12.2.77.8252.12071204070300150506091512141413,0.13580729067325592,1,224.0,160.0
1.2.643.5.1.13.13.12.2.77.8252.12071204070300150506091512141413,0.0972113385796547,1,224.0,96.0
1.2.643.5.1.13.13.12.2.77.8252.12071204070300150506091512141413,0.8460239768028259,1,160.0,240.0
1.2.643.5.1.13.13.12.2.77.8252.12071204070300150506091512141413,0.2976429760456085,1,224.0,240.0
1.2.643.5.1.13.13.12.2.77.8252.12071204070300150506091512141413,0.14113792777061462,1,252.0,64.0
1.2.643.5.1.13.13.12.2.77.8252.12071204070300150506091512141413,0.20700931549072266,1,192.0,64.0
1.2.643.5.1.13.13.12.2.77.8252.12071204070300150506091512141413,0.12326469272375107,1,112.0,112.0
1.2.643.5.1.13.13.12.2.77.8252.12071204070300150506091512141413,0.1748865246772766,1,224.0,176.0
1.2.643.5.1.13.13.12.2.77.8252.12071204070300150506091512141413,0.590420663356781,1,144.0,208.0
1.2.643.5.1.13.13.12.2.77.8252.12071204070300150506091512141413,0.15219475328922272,1,208.0,128.0
1.2.643.5.1.13.13.12.2.77.8252.12071204070300150506091512141413,0.10715984553098679,1,128.0,80.0
1.2.643.5.1.13.13.12.2.77.8252.12071204070300150506091512141413,0.5258395671844482,1,192.0,267.0
1.2.643.5.1.13.13.12.2.77.8252.12071204070300150506091512141413,0.04688939079642296,1,48.0,256.0
1.2.643.5.1.13.13.12.2.77.8252.12071204070300150506091512141413,0.6961680054664612,1,160.0,192.0
1.2.643.5.1.13.13.12.2.77.8252.12071204070300150506091512141413,0.09135089069604874,1,128.0,112.0
1.2.643.5.1.13.13.12.2.77.8252.12071204070300150506091512141413,0.09481903165578842,1,252.0,256.0
1.2.643.5.1.13.13.12.2.77.8252.12071204070300150506091512141413,0.4150422513484955,1,192.0,160.0
1.2.643.5.1.13.13.12.2.77.8252.12071204070300150506091512141413,0.6519981622695923,1,144.0,224.0
1.2.643.5.1.13.13.12.2.77.8252.12071204070300150506091512141413,0.1487075388431549,1,112.0,160.0
1.2.643.5.1.13.13.12.2.77.8252.12071204070300150506091512141413,0.17207658290863037,1,160.0,112.0
1.2.643.5.1.13.13.12.2.77.8252.12071204070300150506091512141413,0.08314413577318192,1,80.0,144.0
1.2.643.5.1.13.13.12.2.77.8252.12071204070300150506091512141413,0.2617913484573364,1,192.0,144.0
1.2.643.5.1.13.13.12.2.77.8252.12071204070300150506091512141413,0.26127272844314575,1,176.0,48.0
1.2.643.5.1.13.13.12.2.77.8252.12071204070300150506091512141413,0.04069678857922554,1,48.0,160.0
1.2.643.5.1.13.13.12.2.77.8252.12071204070300150506091512141413,0.16794781386852264,1,112.0,128.0
1.2.643.5.1.13.13.12.2.77.8252.12071204070300150506091512141413,0.38063761591911316,1,128.0,176.0
1.2.643.5.1.13.13.12.2.77.8252.12071204070300150506091512141413,0.3010327219963074,1,64.0,48.0
1.2.643.5.1.13.13.12.2.77.8252.12071204070300150506091512141413,0.23820939660072327,1,96.0,128.0
1.2.643.5.1.13.13.12.2.77.8252.12071204070300150506091512141413,0.06148090586066246,1,64.0,144.0
1.2.643.5.1.13.13.12.2.77.8252.12071204070300150506091512141413,0.07941927760839462,1,80.0,96.0
1.2.643.5.1.13.13.12.2.77.8252.12071204070300150506091512141413,0.07314717769622803,1,80.0,160.0
1.2.643.5.1.13.13.12.2.77.8252.12071204070300150506091512141413,0.17424990236759186,1,96.0,80.0
1.2.643.5.1.13.13.12.2.77.8252.12071204070300150506091512141413,0.06224997341632843,1,112.0,96.0
1.2.643.5.1.13.13.12.2.77.8252.12071204070300150506091512141413,0.18374402821063995,1,240.0,64.0
1.2.643.5.1.13.13.12.2.77.8252.12071204070300150506091512141413,0.781385064125061,1,192.0,208.0
1.2.643.5.1.13.13.12.2.77.8252.12071204070300150506091512141413,0.7754757404327393,1,176.0,224.0
1.2.643.5.1.13.13.12.2.77.8252.12060607091105150404131215110908,0.2682672441005707,1,116.5,289.0
1.2.643.5.1.13.13.12.2.77.8252.12060607091105150404131215110908,0.15986047685146332,1,57.5,97.5
1.2.643.5.1.13.13.12.2.77.8252.12060607091105150404131215110908,0.6588100790977478,1,46.0,39.0
1.2.643.5.1.13.13.12.2.77.8252.12060607091105150404131215110908,0.1410096436738968,1,247.5,68.5
1.2.643.5.1.13.13.12.2.77.8252.12060607091105150404131215110908,0.3850873112678528,1,112.0,256.0
1.2.643.5.1.13.13.12.2.77.8252.12060607091105150404131215110908,0.20820368826389313,1,80.0,256.0
1.2.643.5.1.13.13.12.2.77.8252.12060607091105150404131215110908,0.08569272607564926,1,48.0,272.0
1.2.643.5.1.13.13.12.2.77.8252.12060607091105150404131215110908,0.08824770152568817,1,64.0,224.0
1.2.643.5.1.13.13.12.2.77.8252.12060607091105150404131215110908,0.13371536135673523,1,252.0,256.0
1.2.643.5.1.13.13.12.2.77.8252.12060607091105150404131215110908,0.05497056245803833,1,240.0,160.0
1.2.643.5.1.13.13.12.2.77.8252.12060607091105150404131215110908,0.044302403926849365,1,240.0,192.0
1.2.643.5.1.13.13.12.2.77.8252.12060607091105150404131215110908,0.0952591523528099,1,224.0,192.0
1.2.643.5.1.13.13.12.2.77.8252.12060607091105150404131215110908,0.19422344863414764,1,80.0,288.0
1.2.643.5.1.13.13.12.2.77.8252.12060607091105150404131215110908,0.40314021706581116,1,144.0,240.0
1.2.643.5.1.13.13.12.2.77.8252.12060607091105150404131215110908,0.060966938734054565,1,252.0,208.0
1.2.643.5.1.13.13.12.2.77.8252.12060607091105150404131215110908,0.058908261358737946,1,48.0,208.0
1.2.643.5.1.13.13.12.2.77.8252.12060607091105150404131215110908,0.20648254454135895,1,208.0,288.0
1.2.643.5.1.13.13.12.2.77.8252.12060607091105150404131215110908,0.2596512734889984,1,240.0,288.0
1.2.643.5.1.13.13.12.2.77.8252.12060607091105150404131215110908,0.0885542556643486,1,192.0,298.0
1.2.643.5.1.13.13.12.2.77.8252.12060607091105150404131215110908,0.0752314031124115,1,64.0,176.0
1.2.643.5.1.13.13.12.2.77.8252.12060607091105150404131215110908,0.1812012940645218,1,208.0,80.0
1.2.643.5.1.13.13.12.2.77.8252.12060607091105150404131215110908,0.15226835012435913,1,240.0,48.0
1.2.643.5.1.13.13.12.2.77.8252.12060607091105150404131215110908,0.21204786002635956,1,96.0,96.0
1.2.643.5.1.13.13.12.2.77.8252.12060607091105150404131215110908,0.11382804811000824,1,208.0,256.0
1.2.643.5.1.13.13.12.2.77.8252.12060607091105150404131215110908,0.04614746570587158,1,176.0,224.0
1.2.643.5.1.13.13.12.2.77.8252.12060607091105150404131215110908,0.09653601795434952,1,240.0,256.0
1.2.643.5.1.13.13.12.2.77.8252.12060607091105150404131215110908,0.04013195261359215,1,176.0,64.0
1.2.643.5.1.13.13.12.2.77.8252.12060607091105150404131215110908,0.170316681265831,1,208.0,224.0
1.2.643.5.1.13.13.12.2.77.8252.12060607091105150404131215110908,0.12313292920589447,1,128.0,272.0
1.2.643.5.1.13.13.12.2.77.8252.12060607091105150404131215110908,0.23430554568767548,1,252.0,48.0
1.2.643.5.1.13.13.12.2.77.8252.12060607091105150404131215110908,0.11263543367385864,1,208.0,48.0
1.2.643.5.1.13.13.12.2.77.8252.12060607091105150404131215110908,0.09744895249605179,1,240.0,128.0
1.2.643.5.1.13.13.12.2.77.8252.12060607091105150404131215110908,0.06661573797464371,1,224.0,240.0
1.2.643.5.1.13.13.12.2.77.8252.12060607091105150404131215110908,0.15555375814437866,1,208.0,176.0
1.2.643.5.1.13.13.12.2.77.8252.12060607091105150404131215110908,0.24471831321716309,1,224.0,80.0
1.2.643.5.1.13.13.12.2.77.8252.12060607091105150404131215110908,0.05605375021696091,1,48.0,256.0
1.2.643.5.1.13.13.12.2.77.8252.12060607091105150404131215110908,0.2035570740699768,1,128.0,288.0
1.2.643.5.1.13.13.12.2.77.8252.12060607091105150404131215110908,0.06245607137680054,1,252.0,160.0
1.2.643.5.1.13.13.12.2.77.8252.12060607091105150404131215110908,0.2105645090341568,1,64.0,96.0
1.2.643.5.1.13.13.12.2.77.8252.12060607091105150404131215110908,0.02077794261276722,1,144.0,176.0
1.2.643.5.1.13.13.12.2.77.8252.12060607091105150404131215110908,0.039770305156707764,1,176.0,112.0
1.2.643.5.1.13.13.12.2.77.8252.12060607091105150404131215110908,0.011381769552826881,1,160.0,48.0
1.2.643.5.1.13.13.12.2.77.8252.12060607091105150404131215110908,0.10060427337884903,1,160.0,256.0
1.2.643.5.1.13.13.12.2.77.8252.12060607091105150404131215110908,0.08580512553453445,1,192.0,208.0
1.2.643.5.1.13.13.12.2.77.8252.05111111030105140803060510040613,0.47074300050735474,1,70.5,34.5
1.2.643.5.1.13.13.12.2.77.8252.05111111030105140803060510040613,0.4588989317417145,1,78.5,81.5
1.2.643.5.1.13.13.12.2.77.8252.05111111030105140803060510040613,0.20654775202274323,1,252.0,112.0
1.2.643.5.1.13.13.12.2.77.8252.05111111030105140803060510040613,0.10156000405550003,1,224.0,192.0
1.2.643.5.1.13.13.12.2.77.8252.05111111030105140803060510040613,0.028355777263641357,1,96.0,224.0
1.2.643.5.1.13.13.12.2.77.8252.05111111030105140803060510040613,0.009652824141085148,1,240.0,240.0
1.2.643.5.1.13.13.12.2.77.8252.05111111030105140803060510040613,0.4254930913448334,1,80.0,80.0
1.2.643.5.1.13.13.12.2.77.8252.05111111030105140803060510040613,0.30512142181396484,1,224.0,80.0
1.2.643.5.1.13.13.12.2.77.8252.05111111030105140803060510040613,0.028897296637296677,1,128.0,240.0
1.2.643.5.1.13.13.12.2.77.8252.05111111030105140803060510040613,0.44401347637176514,1,64.0,64.0
1.2.643.5.1.13.13.12.2.77.8252.05111111030105140803060510040613,0.025189721956849098,1,224.0,224.0
1.2.643.5.1.13.13.12.2.77.8252.05111111030105140803060510040613,0.2506937086582184,1,128.0,144.0
1.2.643.5.1.13.13.12.2.77.8252.05111111030105140803060510040613,0.03957580029964447,1,80.0,256.0
1.2.643.5.1.13.13.12.2.77.8252.05111111030105140803060510040613,0.46387314796447754,1,192.0,80.0
1.2.643.5.1.13.13.12.2.77.8252.05111111030105140803060510040613,0.301311194896698,1,224.0,64.0
1.2.643.5.1.13.13.12.2.77.8252.05111111030105140803060510040613,0.1485331654548645,1,64.0,128.0
1.2.643.5.1.13.13.12.2.77.8252.05111111030105140803060510040613,0.24524074792861938,1,144.0,176.0
1.2.643.5.1.13.13.12.2.77.8252.05111111030105140803060510040613,0.3199523985385895,1,224.0,96.0
1.2.643.5.1.13.13.12.2.77.8252.05111111030105140803060510040613,0.029837369918823242,1,192.0,256.0
1.2.643.5.1.13.13.12.2.77.8252.05111111030105140803060510040613,0.027945827692747116,1,128.0,224.0
1.2.643.5.1.13.13.12.2.77.8252.05111111030105140803060510040613,0.04179169982671738,1,96.0,176.0
1.2.643.5.1.13.13.12.2.77.8252.05111111030105140803060510040613,0.27336210012435913,1,64.0,112.0
1.2.643.5.1.13.13.12.2.77.8252.05111111030105140803060510040613,0.3590402901172638,1,192.0,160.0
1.2.643.5.1.13.13.12.2.77.8252.05111111030105140803060510040613,0.3263375461101532,1,128.0,112.0
1.2.643.5.1.13.13.12.2.77.8252.05111111030105140803060510040613,0.07970742136240005,1,160.0,208.0
1.2.643.5.1.13.13.12.2.77.8252.05111111030105140803060510040613,0.3746330440044403,1,192.0,48.0
1.2.643.5.1.13.13.12.2.77.8252.05111111030105140803060510040613,0.16833454370498657,1,192.0,208.0
1.2.643.5.1.13.13.12.2.77.8252.05111111030105140803060510040613,0.24231597781181335,1,112.0,96.0
1.2.643.5.1.13.13.12.2.77.8252.05111111030105140803060510040613,0.43367353081703186,1,176.0,144.0
1.2.643.5.1.13.13.12.2.77.8252.05111111030105140803060510040613,0.1127343624830246,1,48.0,128.0
1.2.643.5.1.13.13.12.2.77.8252.05111111030105140803060510040613,0.007355652283877134,1,176.0,240.0
1.2.643.5.1.13.13.12.2.77.8252.05111111030105140803060510040613,0.1680680364370346,1,128.0,176.0
1.2.643.5.1.13.13.12.2.77.8252.05111111030105140803060510040613,0.347645103931427,1,176.0,96.0
1.2.643.5.1.13.13.12.2.77.8252.05111111030105140803060510040613,0.19915878772735596,1,48.0,112.0
1.2.643.5.1.13.13.12.2.77.8252.05111111030105140803060510040613,0.09872858226299286,1,96.0,144.0
1.2.643.5.1.13.13.12.2.77.8252.05111111030105140803060510040613,0.019092675298452377,1,176.0,256.0
1.2.643.5.1.13.13.12.2.77.8252.05111111030105140803060510040613,0.07541005313396454,1,208.0,224.0
1.2.643.5.1.13.13.12.2.77.8252.05111111030105140803060510040613,0.027511676773428917,1,208.0,240.0
1.2.643.5.1.13.13.12.2.77.8252.05111111030105140803060510040613,0.22774094343185425,1,224.0,144.0
1.2.643.5.1.13.13.12.2.77.8252.05111111030105140803060510040613,0.286607027053833,1,208.0,192.0
1.2.643.5.1.13.13.12.2.77.8252.05111111030105140803060510040613,0.0343371219933033,1,252.0,270.0
1.2.643.5.1.13.13.12.2.77.8252.05111111030105140803060510040613,0.02059095911681652,1,80.0,208.0
1.2.643.5.1.13.13.12.2.77.8252.02031401091510001200041308031003,0.9781655669212341,1,58.0,24.0
1.2.643.5.1.13.13.12.2.77.8252.02031401091510001200041308031003,0.9941332936286926,1,251.0,15.0
1.2.643.5.1.13.13.12.2.77.8252.02031401091510001200041308031003,0.9445479512214661,1,48.0,48.0
1.2.643.5.1.13.13.12.2.77.8252.02031401091510001200041308031003,0.9459191560745239,1,64.0,48.0
1.2.643.5.1.13.13.12.2.77.8252.02031401091510001200041308031003,0.9102593660354614,1,80.0,48.0
1.2.643.5.1.13.13.12.2.77.8252.02031401091510001200041308031003,0.80202317237854,1,96.0,48.0
1.2.643.5.1.13.13.12.2.77.8252.02031401091510001200041308031003,0.9595344662666321,1,208.0,48.0
1.2.643.5.1.13.13.12.2.77.8252.02031401091510001200041308031003,0.9692201614379883,1,224.0,48.0
1.2.643.5.1.13.13.12.2.77.8252.02031401091510001200041308031003,0.9817550778388977,1,240.0,48.0
1.2.643.5.1.13.13.12.2.77.8252.02031401091510001200041308031003,0.9858844876289368,1,252.0,48.0
1.2.643.5.1.13.13.12.2.77.8252.02031401091510001200041308031003,0.9371731877326965,1,48.0,64.0
1.2.643.5.1.13.13.12.2.77.8252.02031401091510001200041308031003,0.9320010542869568,1,64.0,64.0
1.2.643.5.1.13.13.12.2.77.8252.02031401091510001200041308031003,0.26663699746131897,1,128.0,256.0
1.2.643.5.1.13.13.12.2.77.8252.02031401091510001200041308031003,0.3301190733909607,1,240.0,160.0
1.2.643.5.1.13.13.12.2.77.8252.02031401091510001200041308031003,0.16405341029167175,1,80.0,256.0
1.2.643.5.1.13.13.12.2.77.8252.02031401091510001200041308031003,0.37436115741729736,1,144.0,144.0
1.2.643.5.1.13.13.12.2.77.8252.02031401091510001200041308031003,0.0793365091085434,1,240.0,224.0
1.2.643.5.1.13.13.12.2.77.8252.02031401091510001200041308031003,0.4629862904548645,1,144.0,192.0
1.2.643.5.1.13.13.12.2.77.8252.02031401091510001200041308031003,0.07258439809083939,1,240.0,240.0
1.2.643.5.1.13.13.12.2.77.8252.02031401091510001200041308031003,0.055464230477809906,1,96.0,224.0
1.2.643.5.1.13.13.12.2.77.8252.02031401091510001200041308031003,0.6120064854621887,1,192.0,270.0
1.2.643.5.1.13.13.12.2.77.8252.02031401091510001200041308031003,0.13117019832134247,1,112.0,240.0
1.2.643.5.1.13.13.12.2.77.8252.02031401091510001200041308031003,0.09550908207893372,1,64.0,240.0
1.2.643.5.1.13.13.12.2.77.8252.02031401091510001200041308031003,0.0740908831357956,1,96.0,256.0
1.2.643.5.1.13.13.12.2.77.8252.02031401091510001200041308031003,0.0738835409283638,1,224.0,240.0
1.2.643.5.1.13.13.12.2.77.8252.02031401091510001200041308031003,0.18553489446640015,1,240.0,270.0
1.2.643.5.1.13.13.12.2.77.8252.02031401091510001200041308031003,0.6174061298370361,1,252.0,112.0
1.2.643.5.1.13.13.12.2.77.8252.02031401091510001200041308031003,0.2815825641155243,1,176.0,192.0
1.2.643.5.1.13.13.12.2.77.8252.02031401091510001200041308031003,0.14175771176815033,1,252.0,176.0
1.2.643.5.1.13.13.12.2.77.8252.02031401091510001200041308031003,0.17752470076084137,1,144.0,176.0
1.2.643.5.1.13.13.12.2.77.8252.02031401091510001200041308031003,0.30243784189224243,1,144.0,240.0
1.2.643.5.1.13.13.12.2.77.8252.02031401091510001200041308031003,0.43312808871269226,1,144.0,256.0
1.2.643.5.1.13.13.12.2.77.8252.02031401091510001200041308031003,0.4460558295249939,1,252.0,128.0
1.2.643.5.1.13.13.12.2.77.8252.02031401091510001200041308031003,0.20011396706104279,1,224.0,192.0
1.2.643.5.1.13.13.12.2.77.8252.02031401091510001200041308031003,0.5569140911102295,1,64.0,144.0
1.2.643.5.1.13.13.12.2.77.8252.02031401091510001200041308031003,0.2793228328227997,1,128.0,160.0
1.2.643.5.1.13.13.12.2.77.8252.02031401091510001200041308031003,0.14148947596549988,1,240.0,192.0
1.2.643.5.1.13.13.12.2.77.8252.02031401091510001200041308031003,0.6500983834266663,1,240.0,112.0
1.2.643.5.1.13.13.12.2.77.8252.02031401091510001200041308031003,0.23009854555130005,1,160.0,176.0
1.2.643.5.1.13.13.12.2.77.8252.02031401091510001200041308031003,0.10293912142515182,1,112.0,208.0
1.2.643.5.1.13.13.12.2.77.8252.02031401091510001200041308031003,0.273862361907959,1,208.0,176.0
1.2.643.5.1.13.13.12.2.77.8252.02031401091510001200041308031003,0.15121042728424072,1,128.0,208.0
1.2.643.5.1.13.13.12.2.77.8252.02031401091510001200041308031003,0.1469363123178482,1,80.0,224.0
1.2.643.5.1.13.13.12.2.77.8252.02031401091510001200041308031003,0.2180984914302826,1,112.0,176.0
1.2.643.5.1.13.13.12.2.77.8252.02031401091510001200041308031003,0.37240368127822876,1,192.0,256.0
1.2.643.5.1.13.13.12.2.77.8252.02031401091510001200041308031003,0.6739304661750793,1,96.0,144.0
1.2.643.5.1.13.13.12.2.77.8252.02031401091510001200041308031003,0.4787374436855316,1,192.0,144.0
1.2.643.5.1.13.13.12.2.77.8252.02031401091510001200041308031003,0.6176592111587524,1,80.0,128.0
1.2.643.5.1.13.13.12.2.77.8252.02031401091510001200041308031003,0.13838426768779755,1,208.0,240.0
1.2.643.5.1.13.13.12.2.77.8252.02031401091510001200041308031003,0.3712027668952942,1,224.0,160.0
1.2.643.5.1.13.13.12.2.77.8252.02031401091510001200041308031003,0.056634560227394104,1,252.0,224.0
1.2.643.5.1.13.13.12.2.77.8252.02031401091510001200041308031003,0.09636332094669342,1,224.0,224.0
1.2.643.5.1.13.13.12.2.77.8252.04000404020304020301120408100801,0.9999723434448242,1,62.0,56.5
1.2.643.5.1.13.13.12.2.77.8252.04000404020304020301120408100801,0.9999475479125977,1,246.0,80.5
1.2.643.5.1.13.13.12.2.77.8252.04000404020304020301120408100801,0.9917998909950256,1,167.5,36.5
1.2.643.5.1.13.13.12.2.77.8252.04000404020304020301120408100801,0.999806821346283,1,48.0,48.0
1.2.643.5.1.13.13.12.2.77.8252.04000404020304020301120408100801,0.9999094009399414,1,64.0,48.0
1.2.643.5.1.13.13.12.2.77.8252.04000404020304020301120408100801,0.9997333884239197,1,80.0,48.0
1.2.643.5.1.13.13.12.2.77.8252.04000404020304020301120408100801,0.998992383480072,1,96.0,48.0
1.2.643.5.1.13.13.12.2.77.8252.04000404020304020301120408100801,0.9518136978149414,1,128.0,48.0
1.2.643.5.1.13.13.12.2.77.8252.04000404020304020301120408100801,0.9135329127311707,1,144.0,48.0
1.2.643.5.1.13.13.12.2.77.8252.04000404020304020301120408100801,0.984528124332428,1,160.0,48.0
1.2.643.5.1.13.13.12.2.77.8252.04000404020304020301120408100801,0.9965104460716248,1,176.0,48.0
1.2.643.5.1.13.13.12.2.77.8252.04000404020304020301120408100801,0.999373733997345,1,192.0,48.0
1.2.643.5.1.13.13.12.2.77.8252.04000404020304020301120408100801,0.999278724193573,1,208.0,48.0
1.2.643.5.1.13.13.12.2.77.8252.04000404020304020301120408100801,0.9996628761291504,1,224.0,48.0
1.2.643.5.1.13.13.12.2.77.8252.04000404020304020301120408100801,0.9998962879180908,1,240.0,48.0
1.2.643.5.1.13.13.12.2.77.8252.04000404020304020301120408100801,0.9998774528503418,1,252.0,48.0
1.2.643.5.1.13.13.12.2.77.8252.04000404020304020301120408100801,0.9999886751174927,1,48.0,64.0
1.2.643.5.1.13.13.12.2.77.8252.04000404020304020301120408100801,0.9999947547912598,1,64.0,64.0
1.2.643.5.1.13.13.12.2.77.8252.04000404020304020301120408100801,0.9999215602874756,1,80.0,64.0
1.2.643.5.1.13.13.12.2.77.8252.04000404020304020301120408100801,0.9988528490066528,1,96.0,64.0
1.2.643.5.1.13.13.12.2.77.8252.04000404020304020301120408100801,0.7913551926612854,1,144.0,64.0
1.2.643.5.1.13.13.12.2.77.8252.04000404020304020301120408100801,0.965151309967041,1,160.0,64.0
1.2.643.5.1.13.13.12.2.77.8252.04000404020304020301120408100801,0.9913459420204163,1,176.0,64.0
1.2.643.5.1.13.13.12.2.77.8252.04000404020304020301120408100801,0.9994039535522461,1,192.0,64.0
1.2.643.5.1.13.13.12.2.77.8252.04000404020304020301120408100801,0.999321460723877,1,208.0,64.0
1.2.643.5.1.13.13.12.2.77.8252.04000404020304020301120408100801,0.999678373336792,1,224.0,64.0
1.2.643.5.1.13.13.12.2.77.8252.04000404020304020301120408100801,0.9999232292175293,1,240.0,64.0
1.2.643.5.1.13.13.12.2.77.8252.04000404020304020301120408100801,0.99996018409729,1,252.0,64.0
1.2.643.5.1.13.13.12.2.77.8252.04000404020304020301120408100801,0.9999979734420776,1,48.0,80.0
1.2.643.5.1.13.13.12.2.77.8252.04000404020304020301120408100801,0.9999984502792358,1,64.0,80.0
1.2.643.5.1.13.13.12.2.77.8252.04000404020304020301120408100801,0.9998354911804199,1,80.0,80.0
1.2.643.5.1.13.13.12.2.77.8252.04000404020304020301120408100801,0.8866867423057556,1,160.0,80.0
1.2.643.5.1.13.13.12.2.77.8252.04000404020304020301120408100801,0.9726904630661011,1,176.0,80.0
1.2.643.5.1.13.13.12.2.77.8252.04000404020304020301120408100801,0.9978366494178772,1,192.0,80.0
1.2.643.5.1.13.13.12.2.77.8252.04000404020304020301120408100801,0.9993034601211548,1,208.0,80.0
1.2.643.5.1.13.13.12.2.77.8252.04000404020304020301120408100801,0.9996267557144165,1,224.0,80.0
1.2.643.5.1.13.13.12.2.77.8252.04000404020304020301120408100801,0.9999136924743652,1,240.0,80.0
1.2.643.5.1.13.13.12.2.77.8252.04000404020304020301120408100801,0.9999531507492065,1,252.0,80.0
1.2.643.5.1.13.13.12.2.77.8252.04000404020304020301120408100801,0.9999948740005493,1,48.0,96.0
1.2.643.5.1.13.13.12.2.77.8252.04000404020304020301120408100801,0.9999955892562866,1,64.0,96.0
1.2.643.5.1.13.13.12.2.77.8252.04000404020304020301120408100801,0.9969504475593567,1,208.0,96.0
1.2.643.5.1.13.13.12.2.77.8252.04000404020304020301120408100801,0.9994637370109558,1,224.0,96.0
1.2.643.5.1.13.13.12.2.77.8252.04000404020304020301120408100801,0.9998140931129456,1,240.0,96.0
1.2.643.5.1.13.13.12.2.77.8252.04000404020304020301120408100801,0.9999067783355713,1,252.0,96.0
1.2.643.5.1.13.13.12.2.77.8252.04000404020304020301120408100801,0.9764819741249084,1,208.0,112.0
1.2.643.5.1.13.13.12.2.77.8252.04000404020304020301120408100801,0.9945971965789795,1,224.0,112.0
1.2.643.5.1.13.13.12.2.77.8252.04000404020304020301120408100801,0.9995054006576538,1,240.0,112.0
1.2.643.5.1.13.13.12.2.77.8252.04000404020304020301120408100801,0.9998354911804199,1,252.0,112.0
1.2.643.5.1.13.13.12.2.77.8252.04000404020304020301120408100801,0.879950225353241,1,240.0,128.0
1.2.643.5.1.13.13.12.2.77.8252.04000404020304020301120408100801,0.984639048576355,1,252.0,128.0
1.2.643.5.1.13.13.12.2.77.8252.04000404020304020301120408100801,0.0697847381234169,1,240.0,176.0
1.2.643.5.1.13.13.12.2.77.8252.04000404020304020301120408100801,0.024924663826823235,1,160.0,208.0
1.2.643.5.1.13.13.12.2.77.8252.04000404020304020301120408100801,0.11518830806016922,1,96.0,192.0
1.2.643.5.1.13.13.12.2.77.8252.04000404020304020301120408100801,0.02906443178653717,1,48.0,208.0
1.2.643.5.1.13.13.12.2.77.8252.04000404020304020301120408100801,0.09312190860509872,1,96.0,256.0
1.2.643.5.1.13.13.12.2.77.8252.04000404020304020301120408100801,0.08243522047996521,1,224.0,176.0
1.2.643.5.1.13.13.12.2.77.8252.04000404020304020301120408100801,0.06540930271148682,1,80.0,269.0
1.2.643.5.1.13.13.12.2.77.8252.04000404020304020301120408100801,0.0888923704624176,1,208.0,208.0
1.2.643.5.1.13.13.12.2.77.8252.04000404020304020301120408100801,0.11249180883169174,1,96.0,269.0
1.2.643.5.1.13.13.12.2.77.8252.04000404020304020301120408100801,0.04363133758306503,1,112.0,208.0
1.2.643.5.1.13.13.12.2.77.8252.04000404020304020301120408100801,0.0590718537569046,1,240.0,192.0
1.2.643.5.1.13.13.12.2.77.8252.04000404020304020301120408100801,0.03229821100831032,1,176.0,224.0
1.2.643.5.1.13.13.12.2.77.8252.04000404020304020301120408100801,0.07224442064762115,1,208.0,240.0
1.2.643.5.1.13.13.12.2.77.8252.04000404020304020301120408100801,0.02758779004216194,1,48.0,240.0
1.2.643.5.1.13.13.12.2.77.8252.04000404020304020301120408100801,0.08536624163389206,1,224.0,256.0
1.2.643.5.1.13.13.12.2.77.8252.04000404020304020301120408100801,0.08140158653259277,1,96.0,240.0
1.2.643.5.1.13.13.12.2.77.8252.04000404020304020301120408100801,0.08608216047286987,1,224.0,192.0
1.2.643.5.1.13.13.12.2.77.8252.04000404020304020301120408100801,0.18111975491046906,1,224.0,269.0
1.2.643.5.1.13.13.12.2.77.8252.04000404020304020301120408100801,0.0288038682192564,1,144.0,240.0
1.2.643.5.1.13.13.12.2.77.8252.04000404020304020301120408100801,0.04036152362823486,1,64.0,240.0
1.2.643.5.1.13.13.12.2.77.8252.04000404020304020301120408100801,0.019228776916861534,1,128.0,208.0
1.2.643.5.1.13.13.12.2.77.8252.04000404020304020301120408100801,0.02141515724360943,1,128.0,256.0
1.2.643.5.1.13.13.12.2.77.8252.04000404020304020301120408100801,0.04901124909520149,1,252.0,224.0
1.2.643.5.1.13.13.12.2.77.8252.04000404020304020301120408100801,0.09175269305706024,1,96.0,224.0
1.2.643.5.1.13.13.12.2.77.8252.04000404020304020301120408100801,0.04646517336368561,1,176.0,269.0
1.2.643.5.1.13.13.12.2.77.8252.04000404020304020301120408100801,0.0336490273475647,1,144.0,269.0
1.2.643.5.1.13.13.12.2.77.8252.04000404020304020301120408100801,0.019906239584088326,1,144.0,208.0
1.2.643.5.1.13.13.12.2.77.8252.04000404020304020301120408100801,0.1264423429965973,1,80.0,192.0
1.2.643.5.1.13.13.12.2.77.8252.04000404020304020301120408100801,0.04256740212440491,1,160.0,224.0
1.2.643.5.1.13.13.12.2.77.8252.04000404020304020301120408100801,0.04124271497130394,1,112.0,256.0
1.2.643.5.1.13.13.12.2.77.8252.04000404020304020301120408100801,0.0556781031191349,1,112.0,192.0
1.2.643.5.1.13.13.12.2.77.8252.04000404020304020301120408100801,0.032122135162353516,1,176.0,192.0
1.2.643.5.1.13.13.12.2.77.8252.04000404020304020301120408100801,0.07509270310401917,1,252.0,269.0
1.2.643.5.1.13.13.12.2.77.8252.04000404020304020301120408100801,0.0507209487259388,1,112.0,240.0
1.2.643.5.1.13.13.12.2.77.8252.04000404020304020301120408100801,0.055039431899785995,1,192.0,192.0
1.2.643.5.1.13.13.12.2.77.8252.04000404020304020301120408100801,0.043871860951185226,1,252.0,192.0
1.2.643.5.1.13.13.12.2.77.8252.04000404020304020301120408100801,0.03534991294145584,1,128.0,224.0
1.2.643.5.1.13.13.12.2.77.8252.04000404020304020301120408100801,0.07201683521270752,1,224.0,240.0
1.2.643.5.1.13.13.12.2.77.8252.04000404020304020301120408100801,0.06598670035600662,1,64.0,192.0
1.2.643.5.1.13.13.12.2.77.8252.04000404020304020301120408100801,0.05367739126086235,1,112.0,224.0
1.2.643.5.1.13.13.12.2.77.8252.15090515141309140806011408041204,0.5713095664978027,1,48.5,88.5
1.2.643.5.1.13.13.12.2.77.8252.15090515141309140806011408041204,0.6331078410148621,1,48.0,48.0
1.2.643.5.1.13.13.12.2.77.8252.15090515141309140806011408041204,0.3697224259376526,1,64.0,48.0
1.2.643.5.1.13.13.12.2.77.8252.15090515141309140806011408041204,0.3149881660938263,1,80.0,48.0
1.2.643.5.1.13.13.12.2.77.8252.15090515141309140806011408041204,0.69725501537323,1,48.0,64.0
1.2.643.5.1.13.13.12.2.77.8252.15090515141309140806011408041204,0.40792733430862427,1,64.0,64.0
1.2.643.5.1.13.13.12.2.77.8252.15090515141309140806011408041204,0.382267564535141,1,80.0,64.0
1.2.643.5.1.13.13.12.2.77.8252.15090515141309140806011408041204,0.5612311959266663,1,96.0,64.0
1.2.643.5.1.13.13.12.2.77.8252.15090515141309140806011408041204,0.5972736477851868,1,48.0,80.0
1.2.643.5.1.13.13.12.2.77.8252.15090515141309140806011408041204,0.43116626143455505,1,64.0,80.0
1.2.643.5.1.13.13.12.2.77.8252.15090515141309140806011408041204,0.40829798579216003,1,80.0,80.0
1.2.643.5.1.13.13.12.2.77.8252.15090515141309140806011408041204,0.5984565019607544,1,96.0,80.0
1.2.643.5.1.13.13.12.2.77.8252.15090515141309140806011408041204,0.5498005747795105,1,48.0,96.0
1.2.643.5.1.13.13.12.2.77.8252.15090515141309140806011408041204,0.39970260858535767,1,64.0,96.0
1.2.643.5.1.13.13.12.2.77.8252.15090515141309140806011408041204,0.29569804668426514,1,80.0,96.0
1.2.643.5.1.13.13.12.2.77.8252.15090515141309140806011408041204,0.41919785737991333,1,96.0,96.0
1.2.643.5.1.13.13.12.2.77.8252.15090515141309140806011408041204,0.3979158103466034,1,48.0,112.0
1.2.643.5.1.13.13.12.2.77.8252.15090515141309140806011408041204,0.3593459725379944,1,64.0,112.0
1.2.643.5.1.13.13.12.2.77.8252.15090515141309140806011408041204,0.2322641909122467,1,80.0,112.0
1.2.643.5.1.13.13.12.2.77.8252.15090515141309140806011408041204,0.27141812443733215,1,96.0,112.0
1.2.643.5.1.13.13.12.2.77.8252.15090515141309140806011408041204,0.333526074886322,1,48.0,128.0
1.2.643.5.1.13.13.12.2.77.8252.15090515141309140806011408041204,0.2930137813091278,1,64.0,128.0
1.2.643.5.1.13.13.12.2.77.8252.15090515141309140806011408041204,0.18416748940944672,1,80.0,128.0
1.2.643.5.1.13.13.12.2.77.8252.15090515141309140806011408041204,0.39225801825523376,1,160.0,208.0
1.2.643.5.1.13.13.12.2.77.8252.15090515141309140806011408041204,0.33454060554504395,1,208.0,80.0
1.2.643.5.1.13.13.12.2.77.8252.15090515141309140806011408041204,0.17669586837291718,1,224.0,112.0
1.2.643.5.1.13.13.12.2.77.8252.15090515141309140806011408041204,0.14124195277690887,1,252.0,224.0
1.2.643.5.1.13.13.12.2.77.8252.15090515141309140806011408041204,0.18927769362926483,1,240.0,224.0
1.2.643.5.1.13.13.12.2.77.8252.15090515141309140806011408041204,0.1897684931755066,1,224.0,96.0
1.2.643.5.1.13.13.12.2.77.8252.15090515141309140806011408041204,0.515659511089325,1,176.0,224.0
1.2.643.5.1.13.13.12.2.77.8252.15090515141309140806011408041204,0.35955408215522766,1,144.0,224.0
1.2.643.5.1.13.13.12.2.77.8252.15090515141309140806011408041204,0.6328772306442261,1,144.0,192.0
1.2.643.5.1.13.13.12.2.77.8252.15090515141309140806011408041204,0.5963184833526611,1,160.0,192.0
1.2.643.5.1.13.13.12.2.77.8252.15090515141309140806011408041204,0.7049641609191895,1,208.0,240.0
1.2.643.5.1.13.13.12.2.77.8252.15090515141309140806011408041204,0.4463038742542267,1,192.0,48.0
1.2.643.5.1.13.13.12.2.77.8252.15090515141309140806011408041204,0.2532123327255249,1,80.0,224.0
1.2.643.5.1.13.13.12.2.77.8252.15090515141309140806011408041204,0.4742165505886078,1,208.0,160.0
1.2.643.5.1.13.13.12.2.77.8252.15090515141309140806011408041204,0.5185409784317017,1,208.0,192.0
1.2.643.5.1.13.13.12.2.77.8252.15090515141309140806011408041204,0.5306136608123779,1,192.0,64.0
1.2.643.5.1.13.13.12.2.77.8252.15090515141309140806011408041204,0.8450531959533691,1,144.0,112.0
1.2.643.5.1.13.13.12.2.77.8252.15090515141309140806011408041204,0.8266634345054626,1,192.0,243.0
1.2.643.5.1.13.13.12.2.77.8252.15090515141309140806011408041204,0.10246513783931732,1,252.0,208.0
1.2.643.5.1.13.13.12.2.77.8252.15090515141309140806011408041204,0.4747285842895508,1,128.0,192.0
1.2.643.5.1.13.13.12.2.77.8252.15090515141309140806011408041204,0.7912881374359131,1,176.0,243.0
1.2.643.5.1.13.13.12.2.77.8252.15090515141309140806011408041204,0.580794095993042,1,192.0,208.0
1.2.643.5.1.13.13.12.2.77.8252.15090515141309140806011408041204,0.11085845530033112,1,252.0,80.0
1.2.643.5.1.13.13.12.2.77.8252.15090515141309140806011408041204,0.3982049524784088,1,208.0,144.0
1.2.643.5.1.13.13.12.2.77.8252.15090515141309140806011408041204,0.2791683077812195,1,224.0,176.0
1.2.643.5.1.13.13.12.2.77.8252.15090515141309140806011408041204,0.7203220725059509,1,192.0,160.0
1.2.643.5.1.13.13.12.2.77.8252.15090515141309140806011408041204,0.08290506154298782,1,252.0,128.0
1.2.643.5.1.13.13.12.2.77.8252.15090515141309140806011408041204,0.1168113723397255,1,240.0,192.0
1.2.643.5.1.13.13.12.2.77.8252.15090515141309140806011408041204,0.59914231300354,1,144.0,240.0
1.2.643.5.1.13.13.12.2.77.8252.15090515141309140806011408041204,0.09152740985155106,1,48.0,240.0
1.2.643.5.1.13.13.12.2.77.8252.15090515141309140806011408041204,0.4792652130126953,1,144.0,176.0
1.2.643.5.1.13.13.12.2.77.8252.15090515141309140806011408041204,0.32066768407821655,1,160.0,224.0
1.2.643.5.1.13.13.12.2.77.8252.15090515141309140806011408041204,0.7464196681976318,1,176.0,192.0
1.2.643.5.1.13.13.12.2.77.8252.15090515141309140806011408041204,0.1649360954761505,1,64.0,192.0
1.2.643.5.1.13.13.12.2.77.8252.15090515141309140806011408041204,0.7369197607040405,1,192.0,112.0
1.2.643.5.1.13.13.12.2.77.8252.15090515141309140806011408041204,0.8817052245140076,1,176.0,96.0
1.2.643.5.1.13.13.12.2.77.8252.15090515141309140806011408041204,0.6630561351776123,1,192.0,192.0
1.2.643.5.1.13.13.12.2.77.8252.15090515141309140806011408041204,0.6744396686553955,1,192.0,80.0
1.2.643.5.1.13.13.12.2.77.8252.15090515141309140806011408041204,0.8159695863723755,1,176.0,128.0
1.2.643.5.1.13.13.12.2.77.8252.15090515141309140806011408041204,0.8897923231124878,1,144.0,96.0
1.2.643.5.1.13.13.12.2.77.8252.01120104060301100213100004141203,0.04108342155814171,1,48.0,96.0
1.2.643.5.1.13.13.12.2.77.8252.01120104060301100213100004141203,0.019794519990682602,1,176.0,208.0
1.2.643.5.1.13.13.12.2.77.8252.01120104060301100213100004141203,0.03753100708127022,1,224.0,80.0
1.2.643.5.1.13.13.12.2.77.8252.01120104060301100213100004141203,0.0571349561214447,1,208.0,80.0
1.2.643.5.1.13.13.12.2.77.8252.01120104060301100213100004141203,0.08787807822227478,1,128.0,160.0
1.2.643.5.1.13.13.12.2.77.8252.01120104060301100213100004141203,0.023609241470694542,1,240.0,112.0
1.2.643.5.1.13.13.12.2.77.8252.01120104060301100213100004141203,0.021649716421961784,1,252.0,192.0
1.2.643.5.1.13.13.12.2.77.8252.01120104060301100213100004141203,0.061807211488485336,1,144.0,239.0
1.2.643.5.1.13.13.12.2.77.8252.01120104060301100213100004141203,0.09297814965248108,1,96.0,144.0
1.2.643.5.1.13.13.12.2.77.8252.01120104060301100213100004141203,0.08271270245313644,1,112.0,176.0
1.2.643.5.1.13.13.12.2.77.8252.01120104060301100213100004141203,0.1470782458782196,1,144.0,64.0
1.2.643.5.1.13.13.12.2.77.8252.01120104060301100213100004141203,0.07085592299699783,1,160.0,239.0
1.2.643.5.1.13.13.12.2.77.8252.01120104060301100213100004141203,0.01983179710805416,1,48.0,160.0
1.2.643.5.1.13.13.12.2.77.8252.01120104060301100213100004141203,0.034091029316186905,1,64.0,160.0
1.2.643.5.1.13.13.12.2.77.8252.01120104060301100213100004141203,0.0537528395652771,1,128.0,192.0
1.2.643.5.1.13.13.12.2.77.8252.01120104060301100213100004141203,0.02197444997727871,1,224.0,160.0
1.2.643.5.1.13.13.12.2.77.8252.01120104060301100213100004141203,0.03654101863503456,1,160.0,208.0
1.2.643.5.1.13.13.12.2.77.8252.01120104060301100213100004141203,0.05937003716826439,1,64.0,80.0
1.2.643.5.1.13.13.12.2.77.8252.01120104060301100213100004141203,0.08342399448156357,1,80.0,64.0
1.2.643.5.1.13.13.12.2.77.8252.01120104060301100213100004141203,0.021604005247354507,1,224.0,176.0
1.2.643.5.1.13.13.12.2.77.8252.01120104060301100213100004141203,0.1656971126794815,1,192.0,48.0
1.2.643.5.1.13.13.12.2.77.8252.01120104060301100213100004141203,0.033767856657505035,1,144.0,208.0
1.2.643.5.1.13.13.12.2.77.8252.01120104060301100213100004141203,0.17875666916370392,1,144.0,48.0
1.2.643.5.1.13.13.12.2.77.8252.01120104060301100213100004141203,0.12690934538841248,1,112.0,96.0
1.2.643.5.1.13.13.12.2.77.8252.01120104060301100213100004141203,0.0870157778263092,1,128.0,176.0
1.2.643.5.1.13.13.12.2.77.8252.01120104060301100213100004141203,0.024181408807635307,1,224.0,208.0
1.2.643.5.1.13.13.12.2.77.8252.01120104060301100213100004141203,0.041522663086652756,1,144.0,192.0
1.2.643.5.1.13.13.12.2.77.8252.01120104060301100213100004141203,0.023355625569820404,1,252.0,112.0
1.2.643.5.1.13.13.12.2.77.8252.01120104060301100213100004141203,0.09538210183382034,1,192.0,64.0
1.2.643.5.1.13.13.12.2.77.8252.01120104060301100213100004141203,0.03137063980102539,1,160.0,224.0
1.2.643.5.1.13.13.12.2.77.8252.01120104060301100213100004141203,0.10986991226673126,1,80.0,48.0
1.2.643.5.1.13.13.12.2.77.8252.01120104060301100213100004141203,0.11777055263519287,1,160.0,48.0
1.2.643.5.1.13.13.12.2.77.8252.01120104060301100213100004141203,0.05851968005299568,1,48.0,80.0
1.2.643.5.1.13.13.12.2.77.8252.01120104060301100213100004141203,0.2138032466173172,1,208.0,48.0
1.2.643.5.1.13.13.12.2.77.8252.01120104060301100213100004141203,0.16368716955184937,1,144.0,96.0
1.2.643.5.1.13.13.12.2.77.8252.01120104060301100213100004141203,0.07913820445537567,1,240.0,48.0
1.2.643.5.1.13.13.12.2.77.8252.01120104060301100213100004141203,0.038447096943855286,1,128.0,224.0
1.2.643.5.1.13.13.12.2.77.8252.01120104060301100213100004141203,0.02261224016547203,1,224.0,112.0
1.2.643.5.1.13.13.12.2.77.8252.01120104060301100213100004141203,0.15204085409641266,1,128.0,144.0
1.2.643.5.1.13.13.12.2.77.8252.01120104060301100213100004141203,0.022944936528801918,1,252.0,128.0
1.2.643.5.1.13.13.12.2.77.8252.12021011000615031102060001101203,0.08452809602022171,1,208.0,224.0
1.2.643.5.1.13.13.12.2.77.8252.12021011000615031102060001101203,0.00608225679025054,1,160.0,48.0
1.2.643.5.1.13.13.12.2.77.8252.12021011000615031102060001101203,0.0938187912106514,1,80.0,224.0
1.2.643.5.1.13.13.12.2.77.8252.12021011000615031102060001101203,0.005903816316276789,1,144.0,64.0
1.2.643.5.1.13.13.12.2.77.8252.12021011000615031102060001101203,0.026476478204131126,1,112.0,160.0
1.2.643.5.1.13.13.12.2.77.8252.12021011000615031102060001101203,0.011064957827329636,1,64.0,267.0
1.2.643.5.1.13.13.12.2.77.8252.12021011000615031102060001101203,0.09808441251516342,1,80.0,267.0
1.2.643.5.1.13.13.12.2.77.8252.12021011000615031102060001101203,0.03961033374071121,1,112.0,64.0
1.2.643.5.1.13.13.12.2.77.8252.12021011000615031102060001101203,0.37466537952423096,1,64.0,112.0
1.2.643.5.1.13.13.12.2.77.8252.12021011000615031102060001101203,0.019593562930822372,1,176.0,112.0
1.2.643.5.1.13.13.12.2.77.8252.12021011000615031102060001101203,0.04510797932744026,1,144.0,144.0
1.2.643.5.1.13.13.12.2.77.8252.12021011000615031102060001101203,0.036126963794231415,1,252.0,144.0
1.2.643.5.1.13.13.12.2.77.8252.12021011000615031102060001101203,0.016253268346190453,1,192.0,192.0
1.2.643.5.1.13.13.12.2.77.8252.12021011000615031102060001101203,0.038252655416727066,1,96.0,176.0
1.2.643.5.1.13.13.12.2.77.8252.12021011000615031102060001101203,0.038352370262145996,1,48.0,208.0
1.2.643.5.1.13.13.12.2.77.8252.12021011000615031102060001101203,0.03245779126882553,1,192.0,267.0
1.2.643.5.1.13.13.12.2.77.8252.12021011000615031102060001101203,0.09430452436208725,1,208.0,256.0
1.2.643.5.1.13.13.12.2.77.8252.12021011000615031102060001101203,0.07986444234848022,1,208.0,96.0
1.2.643.5.1.13.13.12.2.77.8252.12021011000615031102060001101203,0.2652646601200104,1,48.0,112.0
1.2.643.5.1.13.13.12.2.77.8252.12021011000615031102060001101203,0.03659805655479431,1,224.0,128.0
1.2.643.5.1.13.13.12.2.77.8252.12021011000615031102060001101203,0.02382660284638405,1,252.0,224.0
1.2.643.5.1.13.13.12.2.77.8252.12021011000615031102060001101203,0.009229048155248165,1,144.0,176.0
1.2.643.5.1.13.13.12.2.77.8252.12021011000615031102060001101203,0.05672265961766243,1,208.0,208.0
1.2.643.5.1.13.13.12.2.77.8252.12021011000615031102060001101203,0.0701320469379425,1,144.0,256.0
1.2.643.5.1.13.13.12.2.77.8252.12021011000615031102060001101203,0.03255675733089447,1,224.0,224.0
1.2.643.5.1.13.13.12.2.77.8252.12021011000615031102060001101203,0.030574487522244453,1,160.0,224.0
1.2.643.5.1.13.13.12.2.77.8252.12021011000615031102060001101203,0.050419002771377563,1,48.0,192.0
1.2.643.5.1.13.13.12.2.77.8252.12021011000615031102060001101203,0.023643679916858673,1,240.0,267.0
1.2.643.5.1.13.13.12.2.77.8252.12021011000615031102060001101203,0.09999819099903107,1,224.0,96.0
1.2.643.5.1.13.13.12.2.77.8252.12021011000615031102060001101203,0.019032910466194153,1,208.0,160.0
1.2.643.5.1.13.13.12.2.77.8252.12021011000615031102060001101203,0.10003945976495743,1,240.0,96.0
1.2.643.5.1.13.13.12.2.77.8252.12021011000615031102060001101203,0.02563081867992878,1,224.0,267.0
1.2.643.5.1.13.13.12.2.77.8252.12021011000615031102060001101203,0.08917811512947083,1,208.0,267.0
1.2.643.5.1.13.13.12.2.77.8252.12021011000615031102060001101203,0.01890747621655464,1,192.0,64.0
1.2.643.5.1.13.13.12.2.77.8252.12021011000615031102060001101203,0.027895551174879074,1,240.0,256.0
1.2.643.5.1.13.13.12.2.77.8252.12021011000615031102060001101203,0.12917263805866241,1,64.0,160.0
1.2.643.5.1.13.13.12.2.77.8252.12021011000615031102060001101203,0.10888900607824326,1,64.0,176.0
1.2.643.5.1.13.13.12.2.77.8252.12021011000615031102060001101203,0.02653697319328785,1,208.0,176.0
1.2.643.5.1.13.13.12.2.77.8252.12021011000615031102060001101203,0.09706529229879379,1,252.0,96.0
1.2.643.5.1.13.13.12.2.77.8252.12021011000615031102060001101203,0.02241123840212822,1,192.0,224.0
1.2.643.5.1.13.13.12.2.77.8252.04131001000110131311121304090609,0.49042588472366333,2,55.5,33.0
1.2.643.5.1.13.13.12.2.77.8252.04131001000110131311121304090609,0.2562161684036255,2,64.0,128.0
1.2.643.5.1.13.13.12.2.77.8252.04131001000110131311121304090609,0.7445971369743347,2,80.0,64.0
1.2.643.5.1.13.13.12.2.77.8252.04131001000110131311121304090609,0.14130474627017975,2,252.0,192.0
1.2.643.5.1.13.13.12.2.77.8252.04131001000110131311121304090609,0.09012031555175781,2,48.0,176.0
1.2.643.5.1.13.13.12.2.77.8252.04131001000110131311121304090609,0.18429267406463623,2,80.0,192.0
1.2.643.5.1.13.13.12.2.77.8252.04131001000110131311121304090609,0.3385290801525116,2,48.0,80.0
1.2.643.5.1.13.13.12.2.77.8252.04131001000110131311121304090609,0.9375954270362854,2,128.0,270.0
1.2.643.5.1.13.13.12.2.77.8252.04131001000110131311121304090609,0.6480401158332825,2,192.0,144.0
1.2.643.5.1.13.13.12.2.77.8252.04131001000110131311121304090609,0.8563261032104492,2,128.0,96.0
1.2.643.5.1.13.13.12.2.77.8252.04131001000110131311121304090609,0.8697599768638611,2,176.0,224.0
1.2.643.5.1.13.13.12.2.77.8252.04131001000110131311121304090609,0.8390888571739197,2,128.0,128.0
1.2.643.5.1.13.13.12.2.77.8252.04131001000110131311121304090609,0.48770835995674133,2,64.0,80.0
1.2.643.5.1.13.13.12.2.77.8252.04131001000110131311121304090609,0.8695102334022522,2,160.0,176.0
1.2.643.5.1.13.13.12.2.77.8252.04131001000110131311121304090609,0.8769940733909607,2,160.0,192.0
1.2.643.5.1.13.13.12.2.77.8252.04131001000110131311121304090609,0.16896384954452515,2,240.0,160.0
1.2.643.5.1.13.13.12.2.77.8252.04131001000110131311121304090609,0.41800975799560547,2,224.0,128.0
1.2.643.5.1.13.13.12.2.77.8252.04131001000110131311121304090609,0.6397229433059692,2,192.0,192.0
1.2.643.5.1.13.13.12.2.77.8252.04131001000110131311121304090609,0.6087020635604858,2,192.0,160.0
1.2.643.5.1.13.13.12.2.77.8252.04131001000110131311121304090609,0.73087477684021,2,208.0,112.0
1.2.643.5.1.13.13.12.2.77.8252.04131001000110131311121304090609,0.847564160823822,2,176.0,144.0
1.2.643.5.1.13.13.12.2.77.8252.04131001000110131311121304090609,0.9240248203277588,2,160.0,240.0
1.2.643.5.1.13.13.12.2.77.8252.04131001000110131311121304090609,0.38936465978622437,2,96.0,208.0
1.2.643.5.1.13.13.12.2.77.8252.04131001000110131311121304090609,0.8902006149291992,2,144.0,48.0
1.2.643.5.1.13.13.12.2.77.8252.04131001000110131311121304090609,0.6371815800666809,2,224.0,96.0
1.2.643.5.1.13.13.12.2.77.8252.04131001000110131311121304090609,0.5304918885231018,2,80.0,96.0
1.2.643.5.1.13.13.12.2.77.8252.04131001000110131311121304090609,0.8337453603744507,2,96.0,270.0
1.2.643.5.1.13.13.12.2.77.8252.04131001000110131311121304090609,0.7655814290046692,2,112.0,112.0
1.2.643.5.1.13.13.12.2.77.8252.04131001000110131311121304090609,0.29217642545700073,2,64.0,112.0
1.2.643.5.1.13.13.12.2.77.8252.04131001000110131311121304090609,0.30477645993232727,2,64.0,224.0
1.2.643.5.1.13.13.12.2.77.8252.04131001000110131311121304090609,0.8643333911895752,2,112.0,64.0
1.2.643.5.1.13.13.12.2.77.8252.04131001000110131311121304090609,0.7640874981880188,2,112.0,128.0
1.2.643.5.1.13.13.12.2.77.8252.04131001000110131311121304090609,0.8400228023529053,2,192.0,240.0
1.2.643.5.1.13.13.12.2.77.8252.04131001000110131311121304090609,0.6095545291900635,2,192.0,176.0
1.2.643.5.1.13.13.12.2.77.8252.04131001000110131311121304090609,0.11779499053955078,2,64.0,176.0
1.2.643.5.1.13.13.12.2.77.8252.04131001000110131311121304090609,0.5433687567710876,2,240.0,80.0
1.2.643.5.1.13.13.12.2.77.8252.04131001000110131311121304090609,0.641726016998291,2,208.0,160.0
1.2.643.5.1.13.13.12.2.77.8252.04131001000110131311121304090609,0.9279268383979797,2,176.0,256.0
1.2.643.5.1.13.13.12.2.77.8252.04131001000110131311121304090609,0.504133939743042,2,64.0,256.0
1.2.643.5.1.13.13.12.2.77.8252.04131001000110131311121304090609,0.15545828640460968,2,48.0,128.0
1.2.643.5.1.13.13.12.2.77.8252.04131001000110131311121304090609,0.2528823912143707,2,80.0,176.0
1.2.643.5.1.13.13.12.2.77.8252.01081107130715100908030700130001,0.9946786165237427,2,148.5,18.0
1.2.643.5.1.13.13.12.2.77.8252.01081107130715100908030700130001,0.999351441860199,2,33.5,3.5
1.2.643.5.1.13.13.12.2.77.8252.01081107130715100908030700130001,0.9988530874252319,2,48.0,48.0
1.2.643.5.1.13.13.12.2.77.8252.01081107130715100908030700130001,0.9868554472923279,2,64.0,48.0
1.2.643.5.1.13.13.12.2.77.8252.01081107130715100908030700130001,0.9114345908164978,2,80.0,48.0
1.2.643.5.1.13.13.12.2.77.8252.01081107130715100908030700130001,0.962775707244873,2,112.0,48.0
1.2.643.5.1.13.13.12.2.77.8252.01081107130715100908030700130001,0.9673632979393005,2,128.0,48.0
1.2.643.5.1.13.13.12.2.77.8252.01081107130715100908030700130001,0.983642578125,2,144.0,48.0
1.2.643.5.1.13.13.12.2.77.8252.01081107130715100908030700130001,0.9866564273834229,2,160.0,48.0
1.2.643.5.1.13.13.12.2.77.8252.01081107130715100908030700130001,0.9827497005462646,2,176.0,48.0
1.2.643.5.1.13.13.12.2.77.8252.01081107130715100908030700130001,0.9627857804298401,2,192.0,48.0
1.2.643.5.1.13.13.12.2.77.8252.01081107130715100908030700130001,0.9369553327560425,2,144.0,64.0
1.2.643.5.1.13.13.12.2.77.8252.01081107130715100908030700130001,0.9095225930213928,2,160.0,64.0
1.2.643.5.1.13.13.12.2.77.8252.01081107130715100908030700130001,0.3981446623802185,2,176.0,160.0
1.2.643.5.1.13.13.12.2.77.8252.01081107130715100908030700130001,0.5813512802124023,2,192.0,128.0
1.2.643.5.1.13.13.12.2.77.8252.01081107130715100908030700130001,0.5162175893783569,2,208.0,240.0
1.2.643.5.1.13.13.12.2.77.8252.01081107130715100908030700130001,0.5015388131141663,2,224.0,224.0
1.2.643.5.1.13.13.12.2.77.8252.01081107130715100908030700130001,0.14580568671226501,2,128.0,192.0
1.2.643.5.1.13.13.12.2.77.8252.01081107130715100908030700130001,0.459653377532959,2,192.0,192.0
1.2.643.5.1.13.13.12.2.77.8252.01081107130715100908030700130001,0.1439850926399231,2,112.0,192.0
1.2.643.5.1.13.13.12.2.77.8252.01081107130715100908030700130001,0.28025349974632263,2,144.0,192.0
1.2.643.5.1.13.13.12.2.77.8252.01081107130715100908030700130001,0.30355170369148254,2,160.0,224.0
1.2.643.5.1.13.13.12.2.77.8252.01081107130715100908030700130001,0.41117167472839355,2,112.0,256.0
1.2.643.5.1.13.13.12.2.77.8252.01081107130715100908030700130001,0.3993297517299652,2,240.0,269.0
1.2.643.5.1.13.13.12.2.77.8252.01081107130715100908030700130001,0.24472422897815704,2,64.0,240.0
1.2.643.5.1.13.13.12.2.77.8252.01081107130715100908030700130001,0.0842675119638443,2,128.0,208.0
1.2.643.5.1.13.13.12.2.77.8252.01081107130715100908030700130001,0.272752583026886,2,252.0,128.0
1.2.643.5.1.13.13.12.2.77.8252.01081107130715100908030700130001,0.45265892148017883,2,80.0,256.0
1.2.643.5.1.13.13.12.2.77.8252.01081107130715100908030700130001,0.5844451785087585,2,208.0,224.0
1.2.643.5.1.13.13.12.2.77.8252.01081107130715100908030700130001,0.37975773215293884,2,192.0,208.0
1.2.643.5.1.13.13.12.2.77.8252.01081107130715100908030700130001,0.4766472280025482,2,128.0,256.0
1.2.643.5.1.13.13.12.2.77.8252.01081107130715100908030700130001,0.556999683380127,2,160.0,144.0
1.2.643.5.1.13.13.12.2.77.8252.01081107130715100908030700130001,0.26822057366371155,2,48.0,144.0
1.2.643.5.1.13.13.12.2.77.8252.01081107130715100908030700130001,0.3206314146518707,2,240.0,224.0
1.2.643.5.1.13.13.12.2.77.8252.01081107130715100908030700130001,0.2584907114505768,2,96.0,192.0
1.2.643.5.1.13.13.12.2.77.8252.01081107130715100908030700130001,0.1932469755411148,2,96.0,208.0
1.2.643.5.1.13.13.12.2.77.8252.01081107130715100908030700130001,0.2834673821926117,2,96.0,240.0
1.2.643.5.1.13.13.12.2.77.8252.01081107130715100908030700130001,0.21780286729335785,2,160.0,208.0
1.2.643.5.1.13.13.12.2.77.8252.01081107130715100908030700130001,0.770185649394989,2,208.0,112.0
1.2.643.5.1.13.13.12.2.77.8252.01081107130715100908030700130001,0.4698088467121124,2,48.0,269.0
1.2.643.5.1.13.13.12.2.77.8252.01081107130715100908030700130001,0.27957209944725037,2,240.0,240.0
1.2.643.5.1.13.13.12.2.77.8252.01081107130715100908030700130001,0.11890906095504761,2,48.0,176.0
1.2.643.5.1.13.13.12.2.77.8252.01081107130715100908030700130001,0.6471733450889587,2,128.0,112.0
1.2.643.5.1.13.13.12.2.77.8252.01081107130715100908030700130001,0.1643775850534439,2,252.0,224.0
1.2.643.5.1.13.13.12.2.77.8252.01081107130715100908030700130001,0.16821055114269257,2,112.0,176.0
1.2.643.5.1.13.13.12.2.77.8252.01081107130715100908030700130001,0.6567971110343933,2,112.0,269.0
1.2.643.5.1.13.13.12.2.77.8252.01081107130715100908030700130001,0.9096102714538574,2,64.0,112.0
1.2.643.5.1.13.13.12.2.77.8252.01081107130715100908030700130001,0.36137524247169495,2,112.0,144.0
1.2.643.5.1.13.13.12.2.77.8252.01081107130715100908030700130001,0.3989584743976593,2,160.0,176.0
1.2.643.5.1.13.13.12.2.77.8252.01081107130715100908030700130001,0.45939919352531433,2,224.0,160.0
1.2.643.5.1.13.13.12.2.77.8252.01081107130715100908030700130001,0.1854582577943802,2,48.0,240.0
1.2.643.5.1.13.13.12.2.77.8252.01081107130715100908030700130001,0.6809399724006653,2,176.0,112.0
1.2.643.5.1.13.13.12.2.77.8252.01081107130715100908030700130001,0.14986693859100342,2,80.0,208.0
1.2.643.5.1.13.13.12.2.77.8252.07130015011404020601141211131000,0.2359732687473297,2,52.5,21.0
1.2.643.5.1.13.13.12.2.77.8252.07130015011404020601141211131000,0.15104801952838898,2,96.0,192.0
1.2.643.5.1.13.13.12.2.77.8252.07130015011404020601141211131000,0.14377719163894653,2,128.0,160.0
1.2.643.5.1.13.13.12.2.77.8252.07130015011404020601141211131000,0.44859009981155396,2,160.0,208.0
1.2.643.5.1.13.13.12.2.77.8252.07130015011404020601141211131000,0.1844305843114853,2,160.0,96.0
1.2.643.5.1.13.13.12.2.77.8252.07130015011404020601141211131000,0.4456881284713745,2,96.0,256.0
1.2.643.5.1.13.13.12.2.77.8252.07130015011404020601141211131000,0.8876670598983765,2,192.0,256.0
1.2.643.5.1.13.13.12.2.77.8252.07130015011404020601141211131000,0.5236036777496338,2,80.0,256.0
1.2.643.5.1.13.13.12.2.77.8252.07130015011404020601141211131000,0.21560434997081757,2,96.0,144.0
1.2.643.5.1.13.13.12.2.77.8252.07130015011404020601141211131000,0.1518206149339676,2,208.0,176.0
1.2.643.5.1.13.13.12.2.77.8252.07130015011404020601141211131000,0.6152156591415405,2,224.0,224.0
1.2.643.5.1.13.13.12.2.77.8252.07130015011404020601141211131000,0.20767401158809662,2,80.0,80.0
1.2.643.5.1.13.13.12.2.77.8252.07130015011404020601141211131000,0.16238439083099365,2,208.0,144.0
1.2.643.5.1.13.13.12.2.77.8252.07130015011404020601141211131000,0.07804994285106659,2,144.0,144.0
1.2.643.5.1.13.13.12.2.77.8252.07130015011404020601141211131000,0.549626350402832,2,112.0,240.0
1.2.643.5.1.13.13.12.2.77.8252.07130015011404020601141211131000,0.1385616511106491,2,160.0,144.0
1.2.643.5.1.13.13.12.2.77.8252.07130015011404020601141211131000,0.7475776672363281,2,192.0,224.0
1.2.643.5.1.13.13.12.2.77.8252.07130015011404020601141211131000,0.8923953175544739,2,208.0,269.0
1.2.643.5.1.13.13.12.2.77.8252.07130015011404020601141211131000,0.12812764942646027,2,48.0,224.0
1.2.643.5.1.13.13.12.2.77.8252.07130015011404020601141211131000,0.13275907933712006,2,128.0,144.0
1.2.643.5.1.13.13.12.2.77.8252.07130015011404020601141211131000,0.4127972424030304,2,176.0,64.0
1.2.643.5.1.13.13.12.2.77.8252.07130015011404020601141211131000,0.34015506505966187,2,112.0,160.0
1.2.643.5.1.13.13.12.2.77.8252.07130015011404020601141211131000,0.14334386587142944,2,48.0,64.0
1.2.643.5.1.13.13.12.2.77.8252.07130015011404020601141211131000,0.1530832052230835,2,252.0,192.0
1.2.643.5.1.13.13.12.2.77.8252.07130015011404020601141211131000,0.15810132026672363,2,96.0,208.0
1.2.643.5.1.13.13.12.2.77.8252.07130015011404020601141211131000,0.7336766123771667,2,224.0,240.0
1.2.643.5.1.13.13.12.2.77.8252.07130015011404020601141211131000,0.42140060663223267,2,208.0,64.0
1.2.643.5.1.13.13.12.2.77.8252.07130015011404020601141211131000,0.14761364459991455,2,252.0,176.0
1.2.643.5.1.13.13.12.2.77.8252.07130015011404020601141211131000,0.07255938649177551,2,48.0,160.0
1.2.643.5.1.13.13.12.2.77.8252.07130015011404020601141211131000,0.19483551383018494,2,208.0,96.0
1.2.643.5.1.13.13.12.2.77.8252.07130015011404020601141211131000,0.2921379804611206,2,160.0,192.0
1.2.643.5.1.13.13.12.2.77.8252.07130015011404020601141211131000,0.42091184854507446,2,224.0,176.0
1.2.643.5.1.13.13.12.2.77.8252.07130015011404020601141211131000,0.2353620082139969,2,252.0,96.0
1.2.643.5.1.13.13.12.2.77.8252.07130015011404020601141211131000,0.44298815727233887,2,176.0,208.0
1.2.643.5.1.13.13.12.2.77.8252.07130015011404020601141211131000,0.6136553883552551,2,128.0,256.0
1.2.643.5.1.13.13.12.2.77.8252.07130015011404020601141211131000,0.6652543544769287,2,80.0,269.0
1.2.643.5.1.13.13.12.2.77.8252.07130015011404020601141211131000,0.08798763900995255,2,80.0,176.0
1.2.643.5.1.13.13.12.2.77.8252.07130015011404020601141211131000,0.32791730761528015,2,96.0,128.0
1.2.643.5.1.13.13.12.2.77.8252.07130015011404020601141211131000,0.609479546546936,2,96.0,269.0
1.2.643.5.1.13.13.12.2.77.8252.07130015011404020601141211131000,0.211448535323143,2,64.0,48.0
1.2.643.5.1.13.13.12.2.77.8252.07130015011404020601141211131000,0.21810027956962585,2,208.0,192.0
1.2.643.5.1.13.13.12.2.77.8252.07151108041411120004040810151209,0.9999967813491821,2,19.5,17.5
1.2.643.5.1.13.13.12.2.77.8252.07151108041411120004040810151209,0.9997103810310364,2,55.5,19.0
1.2.643.5.1.13.13.12.2.77.8252.07151108041411120004040810151209,0.9999802112579346,2,213.0,11.0
1.2.643.5.1.13.13.12.2.77.8252.07151108041411120004040810151209,0.9994606375694275,2,243.0,25.5
1.2.643.5.1.13.13.12.2.77.8252.07151108041411120004040810151209,0.9963311553001404,2,182.0,50.5
1.2.643.5.1.13.13.12.2.77.8252.07151108041411120004040810151209,0.9966030120849609,2,48.0,48.0
1.2.643.5.1.13.13.12.2.77.8252.07151108041411120004040810151209,0.9970998764038086,2,64.0,48.0
1.2.643.5.1.13.13.12.2.77.8252.07151108041411120004040810151209,0.9961634874343872,2,80.0,48.0
1.2.643.5.1.13.13.12.2.77.8252.07151108041411120004040810151209,0.9969167709350586,2,96.0,48.0
1.2.643.5.1.13.13.12.2.77.8252.07151108041411120004040810151209,0.9982872605323792,2,144.0,48.0
1.2.643.5.1.13.13.12.2.77.8252.07151108041411120004040810151209,0.9931938648223877,2,160.0,48.0
1.2.643.5.1.13.13.12.2.77.8252.07151108041411120004040810151209,0.9966734647750854,2,176.0,48.0
1.2.643.5.1.13.13.12.2.77.8252.07151108041411120004040810151209,0.9967160224914551,2,192.0,48.0
1.2.643.5.1.13.13.12.2.77.8252.07151108041411120004040810151209,0.9987921118736267,2,208.0,48.0
1.2.643.5.1.13.13.12.2.77.8252.07151108041411120004040810151209,0.997488260269165,2,224.0,48.0
1.2.643.5.1.13.13.12.2.77.8252.07151108041411120004040810151209,0.9921993613243103,2,240.0,48.0
1.2.643.5.1.13.13.12.2.77.8252.07151108041411120004040810151209,0.9851926565170288,2,252.0,48.0
1.2.643.5.1.13.13.12.2.77.8252.07151108041411120004040810151209,0.9596066474914551,2,48.0,64.0
1.2.643.5.1.13.13.12.2.77.8252.07151108041411120004040810151209,0.9639959335327148,2,64.0,64.0
1.2.643.5.1.13.13.12.2.77.8252.07151108041411120004040810151209,0.9495021104812622,2,80.0,64.0
1.2.643.5.1.13.13.12.2.77.8252.07151108041411120004040810151209,0.9467219710350037,2,96.0,64.0
1.2.643.5.1.13.13.12.2.77.8252.07151108041411120004040810151209,0.9863539338111877,2,144.0,64.0
1.2.643.5.1.13.13.12.2.77.8252.07151108041411120004040810151209,0.9795274138450623,2,160.0,64.0
1.2.643.5.1.13.13.12.2.77.8252.07151108041411120004040810151209,0.968373715877533,2,176.0,64.0
1.2.643.5.1.13.13.12.2.77.8252.07151108041411120004040810151209,0.9493581056594849,2,192.0,64.0
1.2.643.5.1.13.13.12.2.77.8252.07151108041411120004040810151209,0.9794526100158691,2,208.0,64.0
1.2.643.5.1.13.13.12.2.77.8252.07151108041411120004040810151209,0.9558470249176025,2,224.0,64.0
1.2.643.5.1.13.13.12.2.77.8252.07151108041411120004040810151209,0.8935059905052185,2,240.0,64.0
1.2.643.5.1.13.13.12.2.77.8252.07151108041411120004040810151209,0.8697454333305359,2,252.0,64.0
1.2.643.5.1.13.13.12.2.77.8252.07151108041411120004040810151209,0.975150465965271,2,144.0,80.0
1.2.643.5.1.13.13.12.2.77.8252.07151108041411120004040810151209,0.9636832475662231,2,160.0,80.0
1.2.643.5.1.13.13.12.2.77.8252.07151108041411120004040810151209,0.9367176294326782,2,176.0,80.0
1.2.643.5.1.13.13.12.2.77.8252.07151108041411120004040810151209,0.8258942365646362,2,192.0,80.0
1.2.643.5.1.13.13.12.2.77.8252.07151108041411120004040810151209,0.6317222714424133,2,208.0,80.0
1.2.643.5.1.13.13.12.2.77.8252.07151108041411120004040810151209,0.4301525056362152,2,224.0,80.0
1.2.643.5.1.13.13.12.2.77.8252.07151108041411120004040810151209,0.9334391951560974,2,160.0,96.0
1.2.643.5.1.13.13.12.2.77.8252.07151108041411120004040810151209,0.8596464395523071,2,176.0,96.0
1.2.643.5.1.13.13.12.2.77.8252.07151108041411120004040810151209,0.7264732718467712,2,192.0,96.0
1.2.643.5.1.13.13.12.2.77.8252.07151108041411120004040810151209,0.5107280015945435,2,208.0,96.0
1.2.643.5.1.13.13.12.2.77.8252.07151108041411120004040810151209,0.9254792928695679,2,192.0,208.0
1.2.643.5.1.13.13.12.2.77.8252.07151108041411120004040810151209,0.8827763795852661,2,176.0,240.0
1.2.643.5.1.13.13.12.2.77.8252.07151108041411120004040810151209,0.3741926848888397,2,64.0,160.0
1.2.643.5.1.13.13.12.2.77.8252.07151108041411120004040810151209,0.5862386226654053,2,48.0,128.0
1.2.643.5.1.13.13.12.2.77.8252.07151108041411120004040810151209,0.8342463970184326,2,208.0,208.0
1.2.643.5.1.13.13.12.2.77.8252.07151108041411120004040810151209,0.41442421078681946,2,96.0,224.0
1.2.643.5.1.13.13.12.2.77.8252.07151108041411120004040810151209,0.9477376341819763,2,144.0,160.0
1.2.643.5.1.13.13.12.2.77.8252.07151108041411120004040810151209,0.8891453742980957,2,176.0,241.0
1.2.643.5.1.13.13.12.2.77.8252.07151108041411120004040810151209,0.14794887602329254,2,252.0,240.0
1.2.643.5.1.13.13.12.2.77.8252.07151108041411120004040810151209,0.42765912413597107,2,112.0,208.0
1.2.643.5.1.13.13.12.2.77.8252.07151108041411120004040810151209,0.09290435165166855,2,64.0,192.0
1.2.643.5.1.13.13.12.2.77.8252.07151108041411120004040810151209,0.8949962854385376,2,192.0,241.0
1.2.643.5.1.13.13.12.2.77.8252.07151108041411120004040810151209,0.8213480114936829,2,208.0,192.0
1.2.643.5.1.13.13.12.2.77.8252.07151108041411120004040810151209,0.19005955755710602,2,80.0,240.0
1.2.643.5.1.13.13.12.2.77.8252.07151108041411120004040810151209,0.914867639541626,2,96.0,96.0
1.2.643.5.1.13.13.12.2.77.8252.07151108041411120004040810151209,0.9332993030548096,2,144.0,208.0
1.2.643.5.1.13.13.12.2.77.8252.07151108041411120004040810151209,0.8925832509994507,2,80.0,96.0
1.2.643.5.1.13.13.12.2.77.8252.07151108041411120004040810151209,0.877842366695404,2,192.0,240.0
1.2.643.5.1.13.13.12.2.77.8252.07151108041411120004040810151209,0.13631579279899597,2,252.0,160.0
1.2.643.5.1.13.13.12.2.77.8252.07151108041411120004040810151209,0.0954877957701683,2,64.0,224.0
1.2.643.5.1.13.13.12.2.77.8252.07151108041411120004040810151209,0.9611387848854065,2,144.0,176.0
1.2.643.5.1.13.13.12.2.77.8252.07151108041411120004040810151209,0.12024006992578506,2,252.0,192.0
1.2.643.5.1.13.13.12.2.77.8252.07151108041411120004040810151209,0.9451515078544617,2,176.0,224.0
1.2.643.5.1.13.13.12.2.77.8252.07151108041411120004040810151209,0.707562267780304,2,48.0,112.0
1.2.643.5.1.13.13.12.2.77.8252.07151108041411120004040810151209,0.09459652006626129,2,48.0,192.0
1.2.643.5.1.13.13.12.2.77.8252.07151108041411120004040810151209,0.1736404150724411,2,240.0,160.0
1.2.643.5.1.13.13.12.2.77.8252.07151108041411120004040810151209,0.4527142345905304,2,96.0,240.0
1.2.643.5.1.13.13.12.2.77.8252.07151108041411120004040810151209,0.9636273980140686,2,160.0,240.0
1.2.643.5.1.13.13.12.2.77.8252.07151108041411120004040810151209,0.17150041460990906,2,240.0,224.0
1.2.643.5.1.13.13.12.2.77.8252.07151108041411120004040810151209,0.11570192128419876,2,64.0,240.0
1.2.643.5.1.13.13.12.2.77.8252.07151108041411120004040810151209,0.9796781539916992,2,160.0,224.0
1.2.643.5.1.13.13.12.2.77.8252.07151108041411120004040810151209,0.1923162043094635,2,80.0,241.0
1.2.643.5.1.13.13.12.2.77.8252.07151108041411120004040810151209,0.290506511926651,2,96.0,208.0
1.2.643.5.1.13.13.12.2.77.8252.07151108041411120004040810151209,0.834475576877594,2,128.0,240.0
1.2.643.5.1.13.13.12.2.77.8252.07151108041411120004040810151209,0.44501426815986633,2,96.0,241.0
1.2.643.5.1.13.13.12.2.77.8252.07151108041411120004040810151209,0.7970888614654541,2,48.0,96.0
1.2.643.5.1.13.13.12.2.77.8252.07151108041411120004040810151209,0.8349965214729309,2,128.0,224.0
1.2.643.5.1.13.13.12.2.77.8252.07151108041411120004040810151209,0.17482180893421173,2,240.0,192.0
1.2.643.5.1.13.13.12.2.77.8252.07151108041411120004040810151209,0.9445937275886536,2,160.0,160.0
1.2.643.5.1.13.13.12.2.77.8252.07151108041411120004040810151209,0.7976811528205872,2,80.0,128.0
1.2.643.5.1.13.13.12.2.77.8252.02050314081501100100131400110412,1.0,2,212.5,6.5
1.2.643.5.1.13.13.12.2.77.8252.02050314081501100100131400110412,0.9999997615814209,2,253.5,6.5
1.2.643.5.1.13.13.12.2.77.8252.02050314081501100100131400110412,1.0,2,34.5,11.5
1.2.643.5.1.13.13.12.2.77.8252.02050314081501100100131400110412,1.0,2,191.0,19.5
1.2.643.5.1.13.13.12.2.77.8252.02050314081501100100131400110412,1.0,2,169.0,21.5
1.2.643.5.1.13.13.12.2.77.8252.02050314081501100100131400110412,0.9999979734420776,2,142.5,20.0
1.2.643.5.1.13.13.12.2.77.8252.02050314081501100100131400110412,0.9995597004890442,2,126.5,19.5
1.2.643.5.1.13.13.12.2.77.8252.02050314081501100100131400110412,0.9058387875556946,2,131.5,41.0
1.2.643.5.1.13.13.12.2.77.8252.02050314081501100100131400110412,1.0,2,34.5,11.0
1.2.643.5.1.13.13.12.2.77.8252.02050314081501100100131400110412,1.0,2,204.5,4.5
1.2.643.5.1.13.13.12.2.77.8252.02050314081501100100131400110412,1.0,2,250.0,6.5
1.2.643.5.1.13.13.12.2.77.8252.02050314081501100100131400110412,1.0,2,191.5,20.0
1.2.643.5.1.13.13.12.2.77.8252.02050314081501100100131400110412,1.0,2,168.0,22.0
1.2.643.5.1.13.13.12.2.77.8252.02050314081501100100131400110412,0.9947524070739746,2,137.0,30.0
1.2.643.5.1.13.13.12.2.77.8252.02050314081501100100131400110412,0.9998216032981873,2,48.0,48.0
1.2.643.5.1.13.13.12.2.77.8252.02050314081501100100131400110412,0.9967424273490906,2,64.0,48.0
1.2.643.5.1.13.13.12.2.77.8252.02050314081501100100131400110412,0.9252244830131531,2,80.0,48.0
1.2.643.5.1.13.13.12.2.77.8252.02050314081501100100131400110412,0.8206475377082825,2,96.0,48.0
1.2.643.5.1.13.13.12.2.77.8252.02050314081501100100131400110412,0.6579065322875977,2,112.0,48.0
1.2.643.5.1.13.13.12.2.77.8252.02050314081501100100131400110412,0.9124823212623596,2,128.0,48.0
1.2.643.5.1.13.13.12.2.77.8252.02050314081501100100131400110412,0.9933156371116638,2,144.0,48.0
1.2.643.5.1.13.13.12.2.77.8252.02050314081501100100131400110412,0.9999700784683228,2,160.0,48.0
1.2.643.5.1.13.13.12.2.77.8252.02050314081501100100131400110412,0.9999889135360718,2,176.0,48.0
1.2.643.5.1.13.13.12.2.77.8252.02050314081501100100131400110412,0.9999847412109375,2,192.0,48.0
1.2.643.5.1.13.13.12.2.77.8252.02050314081501100100131400110412,0.9999979734420776,2,208.0,48.0
1.2.643.5.1.13.13.12.2.77.8252.02050314081501100100131400110412,0.9999918937683105,2,224.0,48.0
1.2.643.5.1.13.13.12.2.77.8252.02050314081501100100131400110412,0.9999866485595703,2,240.0,48.0
1.2.643.5.1.13.13.12.2.77.8252.02050314081501100100131400110412,0.9990255832672119,2,252.0,48.0
1.2.643.5.1.13.13.12.2.77.8252.02050314081501100100131400110412,0.38035449385643005,2,96.0,64.0
1.2.643.5.1.13.13.12.2.77.8252.02050314081501100100131400110412,0.3020485043525696,2,112.0,64.0
1.2.643.5.1.13.13.12.2.77.8252.02050314081501100100131400110412,0.48028314113616943,2,128.0,64.0
1.2.643.5.1.13.13.12.2.77.8252.02050314081501100100131400110412,0.8217953443527222,2,144.0,64.0
1.2.643.5.1.13.13.12.2.77.8252.02050314081501100100131400110412,0.9918521046638489,2,160.0,64.0
1.2.643.5.1.13.13.12.2.77.8252.02050314081501100100131400110412,0.984478235244751,2,176.0,64.0
1.2.643.5.1.13.13.12.2.77.8252.02050314081501100100131400110412,0.9887930750846863,2,192.0,64.0
1.2.643.5.1.13.13.12.2.77.8252.02050314081501100100131400110412,0.9968389272689819,2,208.0,64.0
1.2.643.5.1.13.13.12.2.77.8252.02050314081501100100131400110412,0.9470648765563965,2,224.0,64.0
1.2.643.5.1.13.13.12.2.77.8252.02050314081501100100131400110412,0.06117010489106178,2,96.0,80.0
1.2.643.5.1.13.13.12.2.77.8252.02050314081501100100131400110412,0.025339873507618904,2,112.0,80.0
1.2.643.5.1.13.13.12.2.77.8252.02050314081501100100131400110412,0.012324382551014423,2,128.0,80.0
1.2.643.5.1.13.13.12.2.77.8252.02050314081501100100131400110412,0.018417606130242348,2,144.0,80.0
1.2.643.5.1.13.13.12.2.77.8252.02050314081501100100131400110412,0.11195773631334305,2,160.0,80.0
1.2.643.5.1.13.13.12.2.77.8252.02050314081501100100131400110412,0.09767603874206543,2,176.0,80.0
1.2.643.5.1.13.13.12.2.77.8252.02050314081501100100131400110412,0.049051180481910706,2,96.0,144.0
1.2.643.5.1.13.13.12.2.77.8252.02050314081501100100131400110412,0.011859534308314323,2,128.0,240.0
1.2.643.5.1.13.13.12.2.77.8252.02050314081501100100131400110412,0.04756427928805351,2,240.0,240.0
1.2.643.5.1.13.13.12.2.77.8252.02050314081501100100131400110412,0.8342140316963196,2,240.0,112.0
1.2.643.5.1.13.13.12.2.77.8252.02050314081501100100131400110412,0.11924978345632553,2,80.0,160.0
1.2.643.5.1.13.13.12.2.77.8252.02050314081501100100131400110412,0.04132110998034477,2,208.0,240.0
1.2.643.5.1.13.13.12.2.77.8252.02050314081501100100131400110412,0.00988086313009262,2,144.0,144.0
1.2.643.5.1.13.13.12.2.77.8252.02050314081501100100131400110412,0.6533050537109375,2,224.0,144.0
1.2.643.5.1.13.13.12.2.77.8252.02050314081501100100131400110412,0.06879141181707382,2,48.0,224.0
1.2.643.5.1.13.13.12.2.77.8252.02050314081501100100131400110412,0.062252227216959,2,240.0,269.0
1.2.643.5.1.13.13.12.2.77.8252.02050314081501100100131400110412,0.024166155606508255,2,208.0,256.0
1.2.643.5.1.13.13.12.2.77.8252.02050314081501100100131400110412,0.07533663511276245,2,48.0,144.0
1.2.643.5.1.13.13.12.2.77.8252.02050314081501100100131400110412,0.07074226438999176,2,240.0,208.0
1.2.643.5.1.13.13.12.2.77.8252.02050314081501100100131400110412,0.8879917860031128,2,224.0,112.0
1.2.643.5.1.13.13.12.2.77.8252.02050314081501100100131400110412,0.00828926544636488,2,176.0,240.0
1.2.643.5.1.13.13.12.2.77.8252.02050314081501100100131400110412,0.025957513600587845,2,176.0,224.0
1.2.643.5.1.13.13.12.2.77.8252.02050314081501100100131400110412,0.037672258913517,2,176.0,192.0
1.2.643.5.1.13.13.12.2.77.8252.02050314081501100100131400110412,0.01881198212504387,2,160.0,144.0
1.2.643.5.1.13.13.12.2.77.8252.02050314081501100100131400110412,0.015178431756794453,2,176.0,128.0
1.2.643.5.1.13.13.12.2.77.8252.02050314081501100100131400110412,0.06460582464933395,2,240.0,224.0
1.2.643.5.1.13.13.12.2.77.8252.02050314081501100100131400110412,0.027757655829191208,2,160.0,176.0
1.2.643.5.1.13.13.12.2.77.8252.02050314081501100100131400110412,0.03770828619599342,2,224.0,256.0
1.2.643.5.1.13.13.12.2.77.8252.02050314081501100100131400110412,0.090909942984581,2,48.0,128.0
1.2.643.5.1.13.13.12.2.77.8252.02050314081501100100131400110412,0.1419721245765686,2,208.0,176.0
1.2.643.5.1.13.13.12.2.77.8252.02050314081501100100131400110412,0.09045541286468506,2,64.0,144.0
1.2.643.5.1.13.13.12.2.77.8252.02050314081501100100131400110412,0.014993500895798206,2,176.0,144.0
1.2.643.5.1.13.13.12.2.77.8252.02050314081501100100131400110412,0.11222539842128754,2,48.0,256.0
1.2.643.5.1.13.13.12.2.77.8252.02050314081501100100131400110412,0.0677020475268364,2,48.0,192.0
1.2.643.5.1.13.13.12.2.77.8252.02050314081501100100131400110412,0.2078300565481186,2,224.0,176.0
1.2.643.5.1.13.13.12.2.77.8252.02050314081501100100131400110412,0.054402392357587814,2,192.0,160.0
1.2.643.5.1.13.13.12.2.77.8252.02050314081501100100131400110412,0.8434658646583557,2,224.0,128.0
1.2.643.5.1.13.13.12.2.77.8252.02050314081501100100131400110412,0.17003318667411804,2,192.0,144.0
1.2.643.5.1.13.13.12.2.77.8252.02050314081501100100131400110412,0.11405843496322632,2,64.0,128.0
1.2.643.5.1.13.13.12.2.77.8252.02050314081501100100131400110412,0.009229152463376522,2,144.0,256.0
1.2.643.5.1.13.13.12.2.77.8252.02050314081501100100131400110412,0.10109703987836838,2,80.0,128.0
1.2.643.5.1.13.13.12.2.77.8252.02050314081501100100131400110412,0.0498068705201149,2,224.0,269.0
1.2.643.5.1.13.13.12.2.77.8252.02050314081501100100131400110412,0.04990549758076668,2,96.0,208.0
1.2.643.5.1.13.13.12.2.77.8252.02050314081501100100131400110412,0.02098585106432438,2,192.0,256.0
1.2.643.5.1.13.13.12.2.77.8252.02050314081501100100131400110412,0.09153849631547928,2,112.0,192.0
1.2.643.5.1.13.13.12.2.77.8252.02050314081501100100131400110412,0.013723487965762615,2,144.0,160.0
1.2.643.5.1.13.13.12.2.77.8252.00071307071102020311080215100104,0.8506306409835815,2,72.5,61.5
1.2.643.5.1.13.13.12.2.77.8252.00071307071102020311080215100104,0.9269469976425171,2,160.0,160.0
1.2.643.5.1.13.13.12.2.77.8252.00071307071102020311080215100104,0.472782701253891,2,64.0,96.0
1.2.643.5.1.13.13.12.2.77.8252.00071307071102020311080215100104,0.4856778383255005,2,224.0,128.0
1.2.643.5.1.13.13.12.2.77.8252.00071307071102020311080215100104,0.8575907349586487,2,112.0,80.0
1.2.643.5.1.13.13.12.2.77.8252.00071307071102020311080215100104,0.36518165469169617,2,96.0,256.0
1.2.643.5.1.13.13.12.2.77.8252.00071307071102020311080215100104,0.9043698906898499,2,176.0,144.0
1.2.643.5.1.13.13.12.2.77.8252.00071307071102020311080215100104,0.728756844997406,2,48.0,80.0
1.2.643.5.1.13.13.12.2.77.8252.00071307071102020311080215100104,0.9084956049919128,2,80.0,48.0
1.2.643.5.1.13.13.12.2.77.8252.00071307071102020311080215100104,0.9200728535652161,2,112.0,64.0
1.2.643.5.1.13.13.12.2.77.8252.00071307071102020311080215100104,0.8816348314285278,2,192.0,128.0
1.2.643.5.1.13.13.12.2.77.8252.00071307071102020311080215100104,0.1889137625694275,2,240.0,144.0
1.2.643.5.1.13.13.12.2.77.8252.00071307071102020311080215100104,0.332931786775589,2,128.0,270.0
1.2.643.5.1.13.13.12.2.77.8252.00071307071102020311080215100104,0.9359450936317444,2,128.0,160.0
1.2.643.5.1.13.13.12.2.77.8252.00071307071102020311080215100104,0.11132149398326874,2,64.0,208.0
1.2.643.5.1.13.13.12.2.77.8252.00071307071102020311080215100104,0.13890977203845978,2,48.0,160.0
1.2.643.5.1.13.13.12.2.77.8252.00071307071102020311080215100104,0.12434723973274231,2,64.0,224.0
1.2.643.5.1.13.13.12.2.77.8252.00071307071102020311080215100104,0.26226383447647095,2,240.0,192.0
1.2.643.5.1.13.13.12.2.77.8252.00071307071102020311080215100104,0.15892364084720612,2,48.0,144.0
1.2.643.5.1.13.13.12.2.77.8252.00071307071102020311080215100104,0.8541774153709412,2,176.0,160.0
1.2.643.5.1.13.13.12.2.77.8252.00071307071102020311080215100104,0.9508598446846008,2,128.0,128.0
1.2.643.5.1.13.13.12.2.77.8252.00071307071102020311080215100104,0.8108296990394592,2,112.0,160.0
1.2.643.5.1.13.13.12.2.77.8252.00071307071102020311080215100104,0.771176278591156,2,192.0,176.0
1.2.643.5.1.13.13.12.2.77.8252.00071307071102020311080215100104,0.09915386140346527,2,48.0,208.0
1.2.643.5.1.13.13.12.2.77.8252.00071307071102020311080215100104,0.34608548879623413,2,240.0,240.0
1.2.643.5.1.13.13.12.2.77.8252.00071307071102020311080215100104,0.17372208833694458,2,64.0,256.0
1.2.643.5.1.13.13.12.2.77.8252.00071307071102020311080215100104,0.7180876731872559,2,160.0,240.0
1.2.643.5.1.13.13.12.2.77.8252.00071307071102020311080215100104,0.9066513180732727,2,144.0,48.0
1.2.643.5.1.13.13.12.2.77.8252.00071307071102020311080215100104,0.9500592350959778,2,160.0,96.0
1.2.643.5.1.13.13.12.2.77.8252.00071307071102020311080215100104,0.4034882187843323,2,224.0,144.0
1.2.643.5.1.13.13.12.2.77.8252.00071307071102020311080215100104,0.14824534952640533,2,252.0,144.0
1.2.643.5.1.13.13.12.2.77.8252.00071307071102020311080215100104,0.41860949993133545,2,192.0,270.0
1.2.643.5.1.13.13.12.2.77.8252.00071307071102020311080215100104,0.7646326422691345,2,176.0,192.0
1.2.643.5.1.13.13.12.2.77.8252.00071307071102020311080215100104,0.725392758846283,2,208.0,128.0
1.2.643.5.1.13.13.12.2.77.8252.00071307071102020311080215100104,0.3546721637248993,2,128.0,256.0
1.2.643.5.1.13.13.12.2.77.8252.00071307071102020311080215100104,0.36643266677856445,2,144.0,270.0
1.2.643.5.1.13.13.12.2.77.8252.00071307071102020311080215100104,0.8280198574066162,2,160.0,192.0
1.2.643.5.1.13.13.12.2.77.8252.00071307071102020311080215100104,0.31651660799980164,2,252.0,256.0
1.2.643.5.1.13.13.12.2.77.8252.00071307071102020311080215100104,0.15989509224891663,2,48.0,128.0
1.2.643.5.1.13.13.12.2.77.8252.00071307071102020311080215100104,0.6921973824501038,2,128.0,192.0
1.2.643.5.1.13.13.12.2.77.8252.00071307071102020311080215100104,0.7600709199905396,2,96.0,80.0
1.2.643.5.1.13.13.12.2.77.8252.10041006131411151513070104110809,0.06187787279486656,2,176.0,241.0
1.2.643.5.1.13.13.12.2.77.8252.10041006131411151513070104110809,0.08688436448574066,2,192.0,241.0
1.2.643.5.1.13.13.12.2.77.8252.10041006131411151513070104110809,0.24628283083438873,2,160.0,241.0
1.2.643.5.1.13.13.12.2.77.8252.10041006131411151513070104110809,0.07875097543001175,2,224.0,240.0
1.2.643.5.1.13.13.12.2.77.8252.10041006131411151513070104110809,0.051917288452386856,2,252.0,112.0
1.2.643.5.1.13.13.12.2.77.8252.10041006131411151513070104110809,0.19129137694835663,2,160.0,224.0
1.2.643.5.1.13.13.12.2.77.8252.10041006131411151513070104110809,0.10526487976312637,2,96.0,160.0
1.2.643.5.1.13.13.12.2.77.8252.10041006131411151513070104110809,0.05220840126276016,2,240.0,144.0
1.2.643.5.1.13.13.12.2.77.8252.10041006131411151513070104110809,0.516974925994873,2,112.0,48.0
1.2.643.5.1.13.13.12.2.77.8252.10041006131411151513070104110809,0.5280223488807678,2,144.0,241.0
1.2.643.5.1.13.13.12.2.77.8252.10041006131411151513070104110809,0.11925908923149109,2,240.0,240.0
1.2.643.5.1.13.13.12.2.77.8252.10041006131411151513070104110809,0.12288966774940491,2,144.0,112.0
1.2.643.5.1.13.13.12.2.77.8252.10041006131411151513070104110809,0.20719480514526367,2,160.0,208.0
1.2.643.5.1.13.13.12.2.77.8252.10041006131411151513070104110809,0.10258018970489502,2,208.0,160.0
1.2.643.5.1.13.13.12.2.77.8252.10041006131411151513070104110809,0.1153762936592102,2,208.0,240.0
1.2.643.5.1.13.13.12.2.77.8252.10041006131411151513070104110809,0.6185282468795776,2,64.0,80.0
1.2.643.5.1.13.13.12.2.77.8252.10041006131411151513070104110809,0.11508474498987198,2,112.0,128.0
1.2.643.5.1.13.13.12.2.77.8252.10041006131411151513070104110809,0.5015718936920166,2,144.0,240.0
1.2.643.5.1.13.13.12.2.77.8252.10041006131411151513070104110809,0.14045760035514832,2,128.0,128.0
1.2.643.5.1.13.13.12.2.77.8252.10041006131411151513070104110809,0.6411111354827881,2,96.0,48.0
1.2.643.5.1.13.13.12.2.77.8252.10041006131411151513070104110809,0.0866050124168396,2,252.0,240.0
1.2.643.5.1.13.13.12.2.77.8252.10041006131411151513070104110809,0.12743277847766876,2,240.0,241.0
1.2.643.5.1.13.13.12.2.77.8252.10041006131411151513070104110809,0.09241651743650436,2,128.0,112.0
1.2.643.5.1.13.13.12.2.77.8252.10041006131411151513070104110809,0.5027945637702942,2,144.0,224.0
1.2.643.5.1.13.13.12.2.77.8252.10041006131411151513070104110809,0.09534738212823868,2,112.0,112.0
1.2.643.5.1.13.13.12.2.77.8252.10041006131411151513070104110809,0.10766231268644333,2,192.0,112.0
1.2.643.5.1.13.13.12.2.77.8252.10041006131411151513070104110809,0.11580701172351837,2,176.0,208.0
1.2.643.5.1.13.13.12.2.77.8252.10041006131411151513070104110809,0.22254998981952667,2,112.0,208.0
1.2.643.5.1.13.13.12.2.77.8252.10041006131411151513070104110809,0.09105279296636581,2,252.0,241.0
1.2.643.5.1.13.13.12.2.77.8252.10041006131411151513070104110809,0.0974496454000473,2,208.0,208.0
1.2.643.5.1.13.13.12.2.77.8252.10041006131411151513070104110809,0.35514023900032043,2,48.0,112.0
1.2.643.5.1.13.13.12.2.77.8252.10041006131411151513070104110809,0.10211681574583054,2,80.0,176.0
1.2.643.5.1.13.13.12.2.77.8252.10041006131411151513070104110809,0.11440609395503998,2,192.0,128.0
1.2.643.5.1.13.13.12.2.77.8252.10041006131411151513070104110809,0.20449042320251465,2,128.0,208.0
1.2.643.5.1.13.13.12.2.77.8252.10041006131411151513070104110809,0.050516095012426376,2,252.0,176.0
1.2.643.5.1.13.13.12.2.77.8252.10041006131411151513070104110809,0.36584073305130005,2,64.0,112.0
1.2.643.5.1.13.13.12.2.77.8252.10041006131411151513070104110809,0.15525975823402405,2,96.0,144.0
1.2.643.5.1.13.13.12.2.77.8252.10041006131411151513070104110809,0.3084079325199127,2,96.0,96.0
1.2.643.5.1.13.13.12.2.77.8252.10041006131411151513070104110809,0.21887138485908508,2,128.0,224.0
1.2.643.5.1.13.13.12.2.77.8252.10041006131411151513070104110809,0.3500964045524597,2,80.0,240.0
1.2.643.5.1.13.13.12.2.77.8252.14031015091008031013040205110915,0.15334169566631317,2,80.0,208.0
1.2.643.5.1.13.13.12.2.77.8252.14031015091008031013040205110915,0.35356035828590393,2,128.0,80.0
1.2.643.5.1.13.13.12.2.77.8252.14031015091008031013040205110915,0.4396502673625946,2,112.0,64.0
1.2.643.5.1.13.13.12.2.77.8252.14031015091008031013040205110915,0.10250084102153778,2,240.0,128.0
1.2.643.5.1.13.13.12.2.77.8252.14031015091008031013040205110915,0.1467495858669281,2,80.0,128.0
1.2.643.5.1.13.13.12.2.77.8252.14031015091008031013040205110915,0.3043392598628998,2,240.0,224.0
1.2.643.5.1.13.13.12.2.77.8252.14031015091008031013040205110915,0.13273178040981293,2,224.0,112.0
1.2.643.5.1.13.13.12.2.77.8252.14031015091008031013040205110915,0.7073873281478882,2,160.0,160.0
1.2.643.5.1.13.13.12.2.77.8252.14031015091008031013040205110915,0.36680009961128235,2,176.0,96.0
1.2.643.5.1.13.13.12.2.77.8252.14031015091008031013040205110915,0.48988956212997437,2,112.0,48.0
1.2.643.5.1.13.13.12.2.77.8252.14031015091008031013040205110915,0.6155529022216797,2,144.0,224.0
1.2.643.5.1.13.13.12.2.77.8252.14031015091008031013040205110915,0.4604211449623108,2,208.0,160.0
1.2.643.5.1.13.13.12.2.77.8252.14031015091008031013040205110915,0.28005149960517883,2,96.0,96.0
1.2.643.5.1.13.13.12.2.77.8252.14031015091008031013040205110915,0.0853041261434555,2,48.0,160.0
1.2.643.5.1.13.13.12.2.77.8252.14031015091008031013040205110915,0.18123754858970642,2,224.0,176.0
1.2.643.5.1.13.13.12.2.77.8252.14031015091008031013040205110915,0.24024154245853424,2,80.0,80.0
1.2.643.5.1.13.13.12.2.77.8252.14031015091008031013040205110915,0.44944119453430176,2,208.0,64.0
1.2.643.5.1.13.13.12.2.77.8252.14031015091008031013040205110915,0.41186025738716125,2,144.0,112.0
1.2.643.5.1.13.13.12.2.77.8252.14031015091008031013040205110915,0.18607036769390106,2,80.0,224.0
1.2.643.5.1.13.13.12.2.77.8252.14031015091008031013040205110915,0.706007182598114,2,160.0,224.0
1.2.643.5.1.13.13.12.2.77.8252.14031015091008031013040205110915,0.33490338921546936,2,112.0,96.0
1.2.643.5.1.13.13.12.2.77.8252.14031015091008031013040205110915,0.30401498079299927,2,96.0,80.0
1.2.643.5.1.13.13.12.2.77.8252.14031015091008031013040205110915,0.15805529057979584,2,224.0,160.0
1.2.643.5.1.13.13.12.2.77.8252.14031015091008031013040205110915,0.4979805648326874,2,96.0,144.0
1.2.643.5.1.13.13.12.2.77.8252.14031015091008031013040205110915,0.12788353860378265,2,240.0,160.0
1.2.643.5.1.13.13.12.2.77.8252.14031015091008031013040205110915,0.24985893070697784,2,80.0,240.0
1.2.643.5.1.13.13.12.2.77.8252.14031015091008031013040205110915,0.6279995441436768,2,176.0,224.0
1.2.643.5.1.13.13.12.2.77.8252.14031015091008031013040205110915,0.4538666605949402,2,112.0,224.0
1.2.643.5.1.13.13.12.2.77.8252.14031015091008031013040205110915,0.46435898542404175,2,208.0,208.0
1.2.643.5.1.13.13.12.2.77.8252.14031015091008031013040205110915,0.3903382420539856,2,160.0,64.0
1.2.643.5.1.13.13.12.2.77.8252.14031015091008031013040205110915,0.08542990684509277,2,48.0,144.0
1.2.643.5.1.13.13.12.2.77.8252.14031015091008031013040205110915,0.4600770175457001,2,160.0,241.0
1.2.643.5.1.13.13.12.2.77.8252.14031015091008031013040205110915,0.7027744054794312,2,176.0,192.0
1.2.643.5.1.13.13.12.2.77.8252.14031015091008031013040205110915,0.38066521286964417,2,208.0,144.0
1.2.643.5.1.13.13.12.2.77.8252.14031015091008031013040205110915,0.5753856301307678,2,208.0,240.0
1.2.643.5.1.13.13.12.2.77.8252.14031015091008031013040205110915,0.11824507266283035,2,252.0,80.0
1.2.643.5.1.13.13.12.2.77.8252.14031015091008031013040205110915,0.3975663185119629,2,160.0,96.0
1.2.643.5.1.13.13.12.2.77.8252.14031015091008031013040205110915,0.09964994341135025,2,64.0,128.0
1.2.643.5.1.13.13.12.2.77.8252.14031015091008031013040205110915,0.3526252806186676,2,240.0,48.0
1.2.643.5.1.13.13.12.2.77.8252.14031015091008031013040205110915,0.3420048654079437,2,224.0,64.0
1.2.643.5.1.13.13.12.2.77.8252.08120904010605130814050710080508,0.7987977862358093,2,53.5,48.0
1.2.643.5.1.13.13.12.2.77.8252.08120904010605130814050710080508,0.974731981754303,2,152.0,61.0
1.2.643.5.1.13.13.12.2.77.8252.08120904010605130814050710080508,0.8955196142196655,2,175.0,227.0
1.2.643.5.1.13.13.12.2.77.8252.08120904010605130814050710080508,0.9414280652999878,2,106.0,260.0
1.2.643.5.1.13.13.12.2.77.8252.08120904010605130814050710080508,0.3676565885543823,2,224.0,160.0
1.2.643.5.1.13.13.12.2.77.8252.08120904010605130814050710080508,0.5935344696044922,2,208.0,224.0
1.2.643.5.1.13.13.12.2.77.8252.08120904010605130814050710080508,0.9749926924705505,2,144.0,48.0
1.2.643.5.1.13.13.12.2.77.8252.08120904010605130814050710080508,0.23494447767734528,2,224.0,176.0
1.2.643.5.1.13.13.12.2.77.8252.08120904010605130814050710080508,0.8625352382659912,2,208.0,80.0
1.2.643.5.1.13.13.12.2.77.8252.08120904010605130814050710080508,0.11888252943754196,2,252.0,144.0
1.2.643.5.1.13.13.12.2.77.8252.08120904010605130814050710080508,0.3257147967815399,2,240.0,80.0
1.2.643.5.1.13.13.12.2.77.8252.08120904010605130814050710080508,0.9059051871299744,2,96.0,240.0
1.2.643.5.1.13.13.12.2.77.8252.08120904010605130814050710080508,0.3401658535003662,2,240.0,224.0
1.2.643.5.1.13.13.12.2.77.8252.08120904010605130814050710080508,0.8987485766410828,2,144.0,112.0
1.2.643.5.1.13.13.12.2.77.8252.08120904010605130814050710080508,0.9742147922515869,2,176.0,48.0
1.2.643.5.1.13.13.12.2.77.8252.08120904010605130814050710080508,0.8232661485671997,2,96.0,64.0
1.2.643.5.1.13.13.12.2.77.8252.08120904010605130814050710080508,0.5530669093132019,2,224.0,112.0
1.2.643.5.1.13.13.12.2.77.8252.08120904010605130814050710080508,0.719478964805603,2,128.0,192.0
1.2.643.5.1.13.13.12.2.77.8252.08120904010605130814050710080508,0.8270436525344849,2,96.0,96.0
1.2.643.5.1.13.13.12.2.77.8252.08120904010605130814050710080508,0.9164232015609741,2,112.0,240.0
1.2.643.5.1.13.13.12.2.77.8252.08120904010605130814050710080508,0.801347017288208,2,112.0,208.0
1.2.643.5.1.13.13.12.2.77.8252.08120904010605130814050710080508,0.9460545778274536,2,144.0,224.0
1.2.643.5.1.13.13.12.2.77.8252.08120904010605130814050710080508,0.11017891019582748,2,252.0,192.0
1.2.643.5.1.13.13.12.2.77.8252.08120904010605130814050710080508,0.7518600821495056,2,64.0,48.0
1.2.643.5.1.13.13.12.2.77.8252.08120904010605130814050710080508,0.7354744076728821,2,64.0,80.0
1.2.643.5.1.13.13.12.2.77.8252.08120904010605130814050710080508,0.46966755390167236,2,48.0,240.0
1.2.643.5.1.13.13.12.2.77.8252.08120904010605130814050710080508,0.8050926327705383,2,64.0,64.0
1.2.643.5.1.13.13.12.2.77.8252.08120904010605130814050710080508,0.7652167677879333,2,112.0,160.0
1.2.643.5.1.13.13.12.2.77.8252.08120904010605130814050710080508,0.4668213129043579,2,64.0,224.0
1.2.643.5.1.13.13.12.2.77.8252.08120904010605130814050710080508,0.8420296907424927,2,48.0,48.0
1.2.643.5.1.13.13.12.2.77.8252.08120904010605130814050710080508,0.253221333026886,2,252.0,224.0
1.2.643.5.1.13.13.12.2.77.8252.08120904010605130814050710080508,0.34573492407798767,2,192.0,208.0
1.2.643.5.1.13.13.12.2.77.8252.08120904010605130814050710080508,0.8693318367004395,2,160.0,240.0
1.2.643.5.1.13.13.12.2.77.8252.08120904010605130814050710080508,0.2020605355501175,2,240.0,160.0
1.2.643.5.1.13.13.12.2.77.8252.08120904010605130814050710080508,0.1327497661113739,2,252.0,128.0
1.2.643.5.1.13.13.12.2.77.8252.08120904010605130814050710080508,0.7467381954193115,2,96.0,160.0
1.2.643.5.1.13.13.12.2.77.8252.08120904010605130814050710080508,0.9186328649520874,2,112.0,48.0
1.2.643.5.1.13.13.12.2.77.8252.08120904010605130814050710080508,0.7561308741569519,2,96.0,144.0
1.2.643.5.1.13.13.12.2.77.8252.08120904010605130814050710080508,0.6642058491706848,2,208.0,144.0
1.2.643.5.1.13.13.12.2.77.8252.08120904010605130814050710080508,0.10819709300994873,2,252.0,160.0
1.2.643.5.1.13.13.12.2.77.8252.08120904010605130814050710080508,0.9265367388725281,2,160.0,224.0
1.2.643.5.1.13.13.12.2.77.8252.08120904010605130814050710080508,0.9209908843040466,2,128.0,224.0
1.2.643.5.1.13.13.12.2.77.8252.08120904010605130814050710080508,0.7822626829147339,2,128.0,144.0
1.2.643.5.1.13.13.12.2.77.8252.08120904010605130814050710080508,0.7668985724449158,2,48.0,80.0
1.2.643.5.1.13.13.12.2.77.8252.09070705131210061514041509120513,0.7014901638031006,2,66.0,69.5
1.2.643.5.1.13.13.12.2.77.8252.09070705131210061514041509120513,0.8494293093681335,2,233.5,50.5
1.2.643.5.1.13.13.12.2.77.8252.09070705131210061514041509120513,0.5960562825202942,2,42.0,24.0
1.2.643.5.1.13.13.12.2.77.8252.09070705131210061514041509120513,0.09571801126003265,2,240.0,144.0
1.2.643.5.1.13.13.12.2.77.8252.09070705131210061514041509120513,0.1826644092798233,2,128.0,112.0
1.2.643.5.1.13.13.12.2.77.8252.09070705131210061514041509120513,0.1222701370716095,2,48.0,256.0
1.2.643.5.1.13.13.12.2.77.8252.09070705131210061514041509120513,0.22578951716423035,2,96.0,176.0
1.2.643.5.1.13.13.12.2.77.8252.09070705131210061514041509120513,0.0973084419965744,2,64.0,208.0
1.2.643.5.1.13.13.12.2.77.8252.09070705131210061514041509120513,0.06480295956134796,2,252.0,208.0
1.2.643.5.1.13.13.12.2.77.8252.09070705131210061514041509120513,0.36657100915908813,2,128.0,176.0
1.2.643.5.1.13.13.12.2.77.8252.09070705131210061514041509120513,0.7730769515037537,2,144.0,240.0
1.2.643.5.1.13.13.12.2.77.8252.09070705131210061514041509120513,0.293361097574234,2,252.0,265.0
1.2.643.5.1.13.13.12.2.77.8252.09070705131210061514041509120513,0.06465508788824081,2,240.0,176.0
1.2.643.5.1.13.13.12.2.77.8252.09070705131210061514041509120513,0.4585530459880829,2,252.0,64.0
1.2.643.5.1.13.13.12.2.77.8252.09070705131210061514041509120513,0.1857202649116516,2,80.0,160.0
1.2.643.5.1.13.13.12.2.77.8252.09070705131210061514041509120513,0.629633367061615,2,144.0,224.0
1.2.643.5.1.13.13.12.2.77.8252.09070705131210061514041509120513,0.3559923470020294,2,112.0,64.0
1.2.643.5.1.13.13.12.2.77.8252.09070705131210061514041509120513,0.16955596208572388,2,176.0,176.0
1.2.643.5.1.13.13.12.2.77.8252.09070705131210061514041509120513,0.4880847930908203,2,144.0,96.0
1.2.643.5.1.13.13.12.2.77.8252.09070705131210061514041509120513,0.20880310237407684,2,252.0,256.0
1.2.643.5.1.13.13.12.2.77.8252.09070705131210061514041509120513,0.24704509973526,2,176.0,96.0
1.2.643.5.1.13.13.12.2.77.8252.09070705131210061514041509120513,0.0792512595653534,2,252.0,224.0
1.2.643.5.1.13.13.12.2.77.8252.09070705131210061514041509120513,0.07430873811244965,2,48.0,192.0
1.2.643.5.1.13.13.12.2.77.8252.09070705131210061514041509120513,0.883034884929657,2,176.0,265.0
1.2.643.5.1.13.13.12.2.77.8252.09070705131210061514041509120513,0.18103864789009094,2,112.0,176.0
1.2.643.5.1.13.13.12.2.77.8252.09070705131210061514041509120513,0.28857240080833435,2,160.0,128.0
1.2.643.5.1.13.13.12.2.77.8252.09070705131210061514041509120513,0.3674636781215668,2,160.0,112.0
1.2.643.5.1.13.13.12.2.77.8252.09070705131210061514041509120513,0.2709898352622986,2,160.0,176.0
1.2.643.5.1.13.13.12.2.77.8252.09070705131210061514041509120513,0.7400790452957153,2,64.0,48.0
1.2.643.5.1.13.13.12.2.77.8252.09070705131210061514041509120513,0.26648396253585815,2,80.0,144.0
1.2.643.5.1.13.13.12.2.77.8252.09070705131210061514041509120513,0.5291774868965149,2,252.0,48.0
1.2.643.5.1.13.13.12.2.77.8252.09070705131210061514041509120513,0.07888256758451462,2,48.0,176.0
1.2.643.5.1.13.13.12.2.77.8252.09070705131210061514041509120513,0.6364085674285889,2,96.0,64.0
1.2.643.5.1.13.13.12.2.77.8252.09070705131210061514041509120513,0.2744816541671753,2,224.0,240.0
1.2.643.5.1.13.13.12.2.77.8252.09070705131210061514041509120513,0.3430527448654175,2,240.0,96.0
1.2.643.5.1.13.13.12.2.77.8252.09070705131210061514041509120513,0.5324472188949585,2,192.0,240.0
1.2.643.5.1.13.13.12.2.77.8252.09070705131210061514041509120513,0.16548658907413483,2,252.0,112.0
1.2.643.5.1.13.13.12.2.77.8252.09070705131210061514041509120513,0.3546382188796997,2,252.0,80.0
1.2.643.5.1.13.13.12.2.77.8252.09070705131210061514041509120513,0.3260912597179413,2,208.0,224.0
1.2.643.5.1.13.13.12.2.77.8252.09070705131210061514041509120513,0.5650894641876221,2,48.0,96.0
1.2.643.5.1.13.13.12.2.77.8252.09070705131210061514041509120513,0.19563327729701996,2,96.0,224.0
1.2.643.5.1.13.13.12.2.77.8252.09070705131210061514041509120513,0.7169551849365234,2,208.0,265.0
1.2.643.5.1.13.13.12.2.77.8252.09070705131210061514041509120513,0.21518181264400482,2,128.0,128.0
1.2.643.5.1.13.13.12.2.77.8252.00080112010710030607090609070409,0.8953450918197632,2,132.5,46.5
1.2.643.5.1.13.13.12.2.77.8252.00080112010710030607090609070409,0.504576563835144,2,244.5,242.0
1.2.643.5.1.13.13.12.2.77.8252.00080112010710030607090609070409,0.9058362245559692,2,170.0,143.5
1.2.643.5.1.13.13.12.2.77.8252.00080112010710030607090609070409,0.36599645018577576,2,224.0,64.0
1.2.643.5.1.13.13.12.2.77.8252.00080112010710030607090609070409,0.3779944181442261,2,224.0,48.0
1.2.643.5.1.13.13.12.2.77.8252.00080112010710030607090609070409,0.6007569432258606,2,224.0,224.0
1.2.643.5.1.13.13.12.2.77.8252.00080112010710030607090609070409,0.85855633020401,2,144.0,144.0
1.2.643.5.1.13.13.12.2.77.8252.00080112010710030607090609070409,0.1531488299369812,2,252.0,176.0
1.2.643.5.1.13.13.12.2.77.8252.00080112010710030607090609070409,0.675745964050293,2,176.0,192.0
1.2.643.5.1.13.13.12.2.77.8252.00080112010710030607090609070409,0.9192175269126892,2,144.0,48.0
1.2.643.5.1.13.13.12.2.77.8252.00080112010710030607090609070409,0.20157133042812347,2,80.0,144.0
1.2.643.5.1.13.13.12.2.77.8252.00080112010710030607090609070409,0.11362775415182114,2,48.0,224.0
1.2.643.5.1.13.13.12.2.77.8252.00080112010710030607090609070409,0.692736029624939,2,192.0,96.0
1.2.643.5.1.13.13.12.2.77.8252.00080112010710030607090609070409,0.2614242434501648,2,64.0,80.0
1.2.643.5.1.13.13.12.2.77.8252.00080112010710030607090609070409,0.22321604192256927,2,96.0,208.0
1.2.643.5.1.13.13.12.2.77.8252.00080112010710030607090609070409,0.6196092367172241,2,96.0,64.0
1.2.643.5.1.13.13.12.2.77.8252.00080112010710030607090609070409,0.23967993259429932,2,96.0,240.0
1.2.643.5.1.13.13.12.2.77.8252.00080112010710030607090609070409,0.1372726708650589,2,80.0,192.0
1.2.643.5.1.13.13.12.2.77.8252.00080112010710030607090609070409,0.9156059622764587,2,160.0,48.0
1.2.643.5.1.13.13.12.2.77.8252.00080112010710030607090609070409,0.4342298209667206,2,224.0,128.0
1.2.643.5.1.13.13.12.2.77.8252.00080112010710030607090609070409,0.11467542499303818,2,252.0,96.0
1.2.643.5.1.13.13.12.2.77.8252.00080112010710030607090609070409,0.06953808665275574,2,48.0,192.0
1.2.643.5.1.13.13.12.2.77.8252.00080112010710030607090609070409,0.2036048024892807,2,64.0,240.0
1.2.643.5.1.13.13.12.2.77.8252.00080112010710030607090609070409,0.6531500220298767,2,224.0,243.0
1.2.643.5.1.13.13.12.2.77.8252.00080112010710030607090609070409,0.49223825335502625,2,192.0,240.0
1.2.643.5.1.13.13.12.2.77.8252.00080112010710030607090609070409,0.4199095666408539,2,240.0,208.0
1.2.643.5.1.13.13.12.2.77.8252.00080112010710030607090609070409,0.4436050057411194,2,112.0,192.0
1.2.643.5.1.13.13.12.2.77.8252.00080112010710030607090609070409,0.6419427394866943,2,160.0,243.0
1.2.643.5.1.13.13.12.2.77.8252.00080112010710030607090609070409,0.8662251234054565,2,128.0,128.0
1.2.643.5.1.13.13.12.2.77.8252.00080112010710030607090609070409,0.3187023401260376,2,144.0,208.0
1.2.643.5.1.13.13.12.2.77.8252.00080112010710030607090609070409,0.655250072479248,2,224.0,240.0
1.2.643.5.1.13.13.12.2.77.8252.00080112010710030607090609070409,0.45951640605926514,2,224.0,176.0
1.2.643.5.1.13.13.12.2.77.8252.00080112010710030607090609070409,0.434131920337677,2,208.0,96.0
1.2.643.5.1.13.13.12.2.77.8252.00080112010710030607090609070409,0.902008593082428,2,128.0,48.0
1.2.643.5.1.13.13.12.2.77.8252.00080112010710030607090609070409,0.14727334678173065,2,240.0,48.0
1.2.643.5.1.13.13.12.2.77.8252.00080112010710030607090609070409,0.44986116886138916,2,208.0,128.0
1.2.643.5.1.13.13.12.2.77.8252.00080112010710030607090609070409,0.2652585208415985,2,252.0,224.0
1.2.643.5.1.13.13.12.2.77.8252.00080112010710030607090609070409,0.44666028022766113,2,208.0,208.0
1.2.643.5.1.13.13.12.2.77.8252.00080112010710030607090609070409,0.8925327062606812,2,160.0,64.0
1.2.643.5.1.13.13.12.2.77.8252.00080112010710030607090609070409,0.488812655210495,2,208.0,192.0
1.2.643.5.1.13.13.12.2.77.8252.00080112010710030607090609070409,0.13136574625968933,2,252.0,128.0
1.2.643.5.1.13.13.12.2.77.8252.00080112010710030607090609070409,0.4138779044151306,2,112.0,208.0
1.2.643.5.1.13.13.12.2.77.8252.00080112010710030607090609070409,0.24381966888904572,2,80.0,243.0
1.2.643.5.1.13.13.12.2.77.8252.14131410040814100713070401091213,0.8040134310722351,2,179.5,261.5
1.2.643.5.1.13.13.12.2.77.8252.14131410040814100713070401091213,0.839840292930603,2,113.0,264.5
1.2.643.5.1.13.13.12.2.77.8252.14131410040814100713070401091213,0.8939045667648315,2,77.0,18.0
1.2.643.5.1.13.13.12.2.77.8252.14131410040814100713070401091213,0.7578691840171814,2,229.5,42.5
1.2.643.5.1.13.13.12.2.77.8252.14131410040814100713070401091213,0.4714100956916809,2,128.0,112.0
1.2.643.5.1.13.13.12.2.77.8252.14131410040814100713070401091213,0.8699883818626404,2,112.0,270.0
1.2.643.5.1.13.13.12.2.77.8252.14131410040814100713070401091213,0.798809826374054,2,112.0,48.0
1.2.643.5.1.13.13.12.2.77.8252.14131410040814100713070401091213,0.6914587020874023,2,80.0,270.0
1.2.643.5.1.13.13.12.2.77.8252.14131410040814100713070401091213,0.9322125911712646,2,160.0,270.0
1.2.643.5.1.13.13.12.2.77.8252.14131410040814100713070401091213,0.8779253363609314,2,208.0,80.0
1.2.643.5.1.13.13.12.2.77.8252.14131410040814100713070401091213,0.7518973350524902,2,160.0,240.0
1.2.643.5.1.13.13.12.2.77.8252.14131410040814100713070401091213,0.853038489818573,2,112.0,256.0
1.2.643.5.1.13.13.12.2.77.8252.14131410040814100713070401091213,0.2007351964712143,2,64.0,208.0
1.2.643.5.1.13.13.12.2.77.8252.14131410040814100713070401091213,0.8933610320091248,2,208.0,64.0
1.2.643.5.1.13.13.12.2.77.8252.14131410040814100713070401091213,0.1182648316025734,2,240.0,176.0
1.2.643.5.1.13.13.12.2.77.8252.14131410040814100713070401091213,0.2106049358844757,2,128.0,160.0
1.2.643.5.1.13.13.12.2.77.8252.14131410040814100713070401091213,0.42664653062820435,2,240.0,112.0
1.2.643.5.1.13.13.12.2.77.8252.14131410040814100713070401091213,0.6370453238487244,2,112.0,80.0
1.2.643.5.1.13.13.12.2.77.8252.14131410040814100713070401091213,0.5374751091003418,2,240.0,64.0
1.2.643.5.1.13.13.12.2.77.8252.14131410040814100713070401091213,0.3269462287425995,2,128.0,192.0
1.2.643.5.1.13.13.12.2.77.8252.14131410040814100713070401091213,0.6504483819007874,2,112.0,208.0
1.2.643.5.1.13.13.12.2.77.8252.14131410040814100713070401091213,0.20295865833759308,2,48.0,112.0
1.2.643.5.1.13.13.12.2.77.8252.14131410040814100713070401091213,0.16475354135036469,2,208.0,176.0
1.2.643.5.1.13.13.12.2.77.8252.14131410040814100713070401091213,0.6258378624916077,2,96.0,240.0
1.2.643.5.1.13.13.12.2.77.8252.14131410040814100713070401091213,0.6508980989456177,2,112.0,224.0
1.2.643.5.1.13.13.12.2.77.8252.14131410040814100713070401091213,0.39166948199272156,2,240.0,96.0
1.2.643.5.1.13.13.12.2.77.8252.14131410040814100713070401091213,0.8305045962333679,2,96.0,64.0
1.2.643.5.1.13.13.12.2.77.8252.14131410040814100713070401091213,0.5114247798919678,2,48.0,48.0
1.2.643.5.1.13.13.12.2.77.8252.14131410040814100713070401091213,0.6166621446609497,2,208.0,256.0
1.2.643.5.1.13.13.12.2.77.8252.14131410040814100713070401091213,0.8023884892463684,2,112.0,64.0
1.2.643.5.1.13.13.12.2.77.8252.14131410040814100713070401091213,0.24254123866558075,2,64.0,160.0
1.2.643.5.1.13.13.12.2.77.8252.14131410040814100713070401091213,0.8516804575920105,2,128.0,270.0
1.2.643.5.1.13.13.12.2.77.8252.14131410040814100713070401091213,0.5422085523605347,2,144.0,112.0
1.2.643.5.1.13.13.12.2.77.8252.14131410040814100713070401091213,0.3234638273715973,2,80.0,160.0
1.2.643.5.1.13.13.12.2.77.8252.14131410040814100713070401091213,0.559200644493103,2,64.0,64.0
1.2.643.5.1.13.13.12.2.77.8252.14131410040814100713070401091213,0.08601368963718414,2,252.0,208.0
1.2.643.5.1.13.13.12.2.77.8252.14131410040814100713070401091213,0.7863990664482117,2,96.0,256.0
1.2.643.5.1.13.13.12.2.77.8252.14131410040814100713070401091213,0.3976389467716217,2,252.0,48.0
1.2.643.5.1.13.13.12.2.77.8252.14131410040814100713070401091213,0.13988426327705383,2,176.0,160.0
1.2.643.5.1.13.13.12.2.77.8252.14131410040814100713070401091213,0.5146821737289429,2,144.0,128.0
1.2.643.5.1.13.13.12.2.77.8252.14131410040814100713070401091213,0.6495822668075562,2,64.0,48.0
1.2.643.5.1.13.13.12.2.77.8252.14131410040814100713070401091213,0.8937990665435791,2,144.0,270.0
1.2.643.5.1.13.13.12.2.77.8252.14131410040814100713070401091213,0.29904690384864807,2,160.0,192.0
1.2.643.5.1.13.13.12.2.77.8252.14131410040814100713070401091213,0.5067328810691833,2,192.0,112.0
1.2.643.5.1.13.13.12.2.77.8252.14070208080209001506081402060503,0.6974189877510071,2,152.5,160.0
1.2.643.5.1.13.13.12.2.77.8252.14070208080209001506081402060503,0.8785172700881958,2,112.0,267.0
1.2.643.5.1.13.13.12.2.77.8252.14070208080209001506081402060503,0.8913367390632629,2,187.0,267.0
1.2.643.5.1.13.13.12.2.77.8252.14070208080209001506081402060503,0.886211633682251,2,83.0,44.5
1.2.643.5.1.13.13.12.2.77.8252.14070208080209001506081402060503,0.6683217883110046,2,251.5,266.5
1.2.643.5.1.13.13.12.2.77.8252.14070208080209001506081402060503,0.45604339241981506,2,48.0,64.0
1.2.643.5.1.13.13.12.2.77.8252.14070208080209001506081402060503,0.6425581574440002,2,160.0,240.0
1.2.643.5.1.13.13.12.2.77.8252.14070208080209001506081402060503,0.6985292434692383,2,128.0,64.0
1.2.643.5.1.13.13.12.2.77.8252.14070208080209001506081402060503,0.7665439248085022,2,64.0,269.0
1.2.643.5.1.13.13.12.2.77.8252.14070208080209001506081402060503,0.19137829542160034,2,64.0,128.0
1.2.643.5.1.13.13.12.2.77.8252.14070208080209001506081402060503,0.6617203950881958,2,160.0,112.0
1.2.643.5.1.13.13.12.2.77.8252.14070208080209001506081402060503,0.702771008014679,2,80.0,80.0
1.2.643.5.1.13.13.12.2.77.8252.14070208080209001506081402060503,0.5337470769882202,2,144.0,208.0
1.2.643.5.1.13.13.12.2.77.8252.14070208080209001506081402060503,0.47365355491638184,2,240.0,48.0
1.2.643.5.1.13.13.12.2.77.8252.14070208080209001506081402060503,0.6303722262382507,2,208.0,80.0
1.2.643.5.1.13.13.12.2.77.8252.14070208080209001506081402060503,0.43441835045814514,2,112.0,224.0
1.2.643.5.1.13.13.12.2.77.8252.14070208080209001506081402060503,0.6086724400520325,2,96.0,128.0
1.2.643.5.1.13.13.12.2.77.8252.14070208080209001506081402060503,0.10917524248361588,2,48.0,160.0
1.2.643.5.1.13.13.12.2.77.8252.14070208080209001506081402060503,0.5708318948745728,2,160.0,64.0
1.2.643.5.1.13.13.12.2.77.8252.14070208080209001506081402060503,0.5772532224655151,2,128.0,224.0
1.2.643.5.1.13.13.12.2.77.8252.14070208080209001506081402060503,0.48502206802368164,2,144.0,192.0
1.2.643.5.1.13.13.12.2.77.8252.14070208080209001506081402060503,0.15736067295074463,2,240.0,144.0
1.2.643.5.1.13.13.12.2.77.8252.14070208080209001506081402060503,0.6018357276916504,2,224.0,64.0
1.2.643.5.1.13.13.12.2.77.8252.14070208080209001506081402060503,0.6442089676856995,2,160.0,80.0
1.2.643.5.1.13.13.12.2.77.8252.14070208080209001506081402060503,0.7079759836196899,2,224.0,256.0
1.2.643.5.1.13.13.12.2.77.8252.14070208080209001506081402060503,0.3576090931892395,2,64.0,96.0
1.2.643.5.1.13.13.12.2.77.8252.14070208080209001506081402060503,0.7504630088806152,2,192.0,64.0
1.2.643.5.1.13.13.12.2.77.8252.14070208080209001506081402060503,0.4527271091938019,2,224.0,224.0
1.2.643.5.1.13.13.12.2.77.8252.14070208080209001506081402060503,0.649796187877655,2,224.0,48.0
1.2.643.5.1.13.13.12.2.77.8252.14070208080209001506081402060503,0.4528946876525879,2,80.0,240.0
1.2.643.5.1.13.13.12.2.77.8252.14070208080209001506081402060503,0.40109962224960327,2,96.0,208.0
1.2.643.5.1.13.13.12.2.77.8252.14070208080209001506081402060503,0.7533026337623596,2,176.0,144.0
1.2.643.5.1.13.13.12.2.77.8252.14070208080209001506081402060503,0.4608451724052429,2,208.0,208.0
1.2.643.5.1.13.13.12.2.77.8252.14070208080209001506081402060503,0.6588160395622253,2,96.0,144.0
1.2.643.5.1.13.13.12.2.77.8252.14070208080209001506081402060503,0.6589176654815674,2,192.0,240.0
1.2.643.5.1.13.13.12.2.77.8252.14070208080209001506081402060503,0.7568820714950562,2,80.0,269.0
1.2.643.5.1.13.13.12.2.77.8252.14070208080209001506081402060503,0.6489807367324829,2,112.0,144.0
1.2.643.5.1.13.13.12.2.77.8252.14070208080209001506081402060503,0.39080438017845154,2,252.0,240.0
1.2.643.5.1.13.13.12.2.77.8252.14070208080209001506081402060503,0.5462133884429932,2,160.0,224.0
1.2.643.5.1.13.13.12.2.77.8252.14070208080209001506081402060503,0.1320534497499466,2,252.0,96.0
1.2.643.5.1.13.13.12.2.77.8252.14070208080209001506081402060503,0.5415217876434326,2,160.0,208.0
1.2.643.5.1.13.13.12.2.77.8252.14070208080209001506081402060503,0.8488016128540039,2,144.0,269.0
1.2.643.5.1.13.13.12.2.77.8252.14070208080209001506081402060503,0.8173522353172302,2,128.0,256.0
1.2.643.5.1.13.13.12.2.77.8252.14070208080209001506081402060503,0.47218531370162964,2,128.0,176.0
1.2.643.5.1.13.13.12.2.77.8252.14070208080209001506081402060503,0.4516129791736603,2,240.0,240.0
1.2.643.5.1.13.13.12.2.77.8252.14031513011512070711151413071213,0.5737656354904175,2,216.0,42.0
1.2.643.5.1.13.13.12.2.77.8252.14031513011512070711151413071213,0.577773928642273,2,57.0,44.0
1.2.643.5.1.13.13.12.2.77.8252.14031513011512070711151413071213,0.07229957729578018,2,240.0,208.0
1.2.643.5.1.13.13.12.2.77.8252.14031513011512070711151413071213,0.6064680814743042,2,144.0,160.0
1.2.643.5.1.13.13.12.2.77.8252.14031513011512070711151413071213,0.5705974698066711,2,208.0,64.0
1.2.643.5.1.13.13.12.2.77.8252.14031513011512070711151413071213,0.4134780466556549,2,48.0,64.0
1.2.643.5.1.13.13.12.2.77.8252.14031513011512070711151413071213,0.07252677530050278,2,252.0,192.0
1.2.643.5.1.13.13.12.2.77.8252.14031513011512070711151413071213,0.5179411768913269,2,64.0,64.0
1.2.643.5.1.13.13.12.2.77.8252.14031513011512070711151413071213,0.5272623300552368,2,208.0,96.0
1.2.643.5.1.13.13.12.2.77.8252.14031513011512070711151413071213,0.24568650126457214,2,224.0,112.0
1.2.643.5.1.13.13.12.2.77.8252.14031513011512070711151413071213,0.2631916403770447,2,96.0,176.0
1.2.643.5.1.13.13.12.2.77.8252.14031513011512070711151413071213,0.6144315004348755,2,144.0,224.0
1.2.643.5.1.13.13.12.2.77.8252.14031513011512070711151413071213,0.6569974422454834,2,144.0,112.0
1.2.643.5.1.13.13.12.2.77.8252.14031513011512070711151413071213,0.47397464513778687,2,48.0,48.0
1.2.643.5.1.13.13.12.2.77.8252.14031513011512070711151413071213,0.07560362666845322,2,252.0,176.0
1.2.643.5.1.13.13.12.2.77.8252.14031513011512070711151413071213,0.582110583782196,2,128.0,112.0
1.2.643.5.1.13.13.12.2.77.8252.14031513011512070711151413071213,0.23917555809020996,2,240.0,80.0
1.2.643.5.1.13.13.12.2.77.8252.14031513011512070711151413071213,0.2524212896823883,2,252.0,64.0
1.2.643.5.1.13.13.12.2.77.8252.14031513011512070711151413071213,0.5950601100921631,2,176.0,160.0
1.2.643.5.1.13.13.12.2.77.8252.14031513011512070711151413071213,0.5719835758209229,2,192.0,160.0
1.2.643.5.1.13.13.12.2.77.8252.14031513011512070711151413071213,0.25448328256607056,2,48.0,240.0
1.2.643.5.1.13.13.12.2.77.8252.14031513011512070711151413071213,0.6973493695259094,2,176.0,144.0
1.2.643.5.1.13.13.12.2.77.8252.14031513011512070711151413071213,0.3721185028553009,2,192.0,192.0
1.2.643.5.1.13.13.12.2.77.8252.14031513011512070711151413071213,0.3346392512321472,2,80.0,128.0
1.2.643.5.1.13.13.12.2.77.8252.14031513011512070711151413071213,0.7200919985771179,2,192.0,128.0
1.2.643.5.1.13.13.12.2.77.8252.14031513011512070711151413071213,0.5563120245933533,2,176.0,80.0
1.2.643.5.1.13.13.12.2.77.8252.14031513011512070711151413071213,0.4437941610813141,2,192.0,176.0
1.2.643.5.1.13.13.12.2.77.8252.14031513011512070711151413071213,0.6790252923965454,2,192.0,112.0
1.2.643.5.1.13.13.12.2.77.8252.14031513011512070711151413071213,0.7311571836471558,2,160.0,64.0
1.2.643.5.1.13.13.12.2.77.8252.14031513011512070711151413071213,0.19851315021514893,2,64.0,144.0
1.2.643.5.1.13.13.12.2.77.8252.14031513011512070711151413071213,0.11834216862916946,2,252.0,112.0
1.2.643.5.1.13.13.12.2.77.8252.14031513011512070711151413071213,0.1122373417019844,2,48.0,208.0
1.2.643.5.1.13.13.12.2.77.8252.14031513011512070711151413071213,0.08990243822336197,2,252.0,224.0
1.2.643.5.1.13.13.12.2.77.8252.14031513011512070711151413071213,0.14751625061035156,2,48.0,224.0
1.2.643.5.1.13.13.12.2.77.8252.14031513011512070711151413071213,0.07578979432582855,2,224.0,224.0
1.2.643.5.1.13.13.12.2.77.8252.14031513011512070711151413071213,0.8049550652503967,2,112.0,48.0
1.2.643.5.1.13.13.12.2.77.8252.14031513011512070711151413071213,0.43455904722213745,2,208.0,112.0
1.2.643.5.1.13.13.12.2.77.8252.14031513011512070711151413071213,0.690118134021759,2,192.0,144.0
1.2.643.5.1.13.13.12.2.77.8252.14031513011512070711151413071213,0.29356324672698975,2,240.0,48.0
1.2.643.5.1.13.13.12.2.77.8252.14031513011512070711151413071213,0.48136359453201294,2,96.0,96.0
1.2.643.5.1.13.13.12.2.77.8252.14031513011512070711151413071213,0.27478379011154175,2,208.0,160.0
1.2.643.5.1.13.13.12.2.77.8252.14031513011512070711151413071213,0.7907741665840149,2,80.0,48.0
1.2.643.5.1.13.13.12.2.77.8252.13110108131113110013070512051310,0.9997877478599548,2,52.5,14.5
1.2.643.5.1.13.13.12.2.77.8252.13110108131113110013070512051310,0.8760166764259338,2,253.5,3.0
1.2.643.5.1.13.13.12.2.77.8252.13110108131113110013070512051310,0.9947618842124939,2,48.0,48.0
1.2.643.5.1.13.13.12.2.77.8252.13110108131113110013070512051310,0.9962643980979919,2,64.0,48.0
1.2.643.5.1.13.13.12.2.77.8252.13110108131113110013070512051310,0.9870222210884094,2,80.0,48.0
1.2.643.5.1.13.13.12.2.77.8252.13110108131113110013070512051310,0.9825494289398193,2,96.0,48.0
1.2.643.5.1.13.13.12.2.77.8252.13110108131113110013070512051310,0.7910912036895752,2,208.0,48.0
1.2.643.5.1.13.13.12.2.77.8252.13110108131113110013070512051310,0.7176457047462463,2,224.0,48.0
1.2.643.5.1.13.13.12.2.77.8252.13110108131113110013070512051310,0.5929648280143738,2,240.0,48.0
1.2.643.5.1.13.13.12.2.77.8252.13110108131113110013070512051310,0.5219510793685913,2,252.0,48.0
1.2.643.5.1.13.13.12.2.77.8252.13110108131113110013070512051310,0.2904554009437561,2,240.0,128.0
1.2.643.5.1.13.13.12.2.77.8252.13110108131113110013070512051310,0.22638951241970062,2,80.0,192.0
1.2.643.5.1.13.13.12.2.77.8252.13110108131113110013070512051310,0.9385928511619568,2,160.0,112.0
1.2.643.5.1.13.13.12.2.77.8252.13110108131113110013070512051310,0.9522420763969421,2,176.0,96.0
1.2.643.5.1.13.13.12.2.77.8252.13110108131113110013070512051310,0.5365275740623474,2,224.0,176.0
1.2.643.5.1.13.13.12.2.77.8252.13110108131113110013070512051310,0.5196112990379333,2,224.0,192.0
1.2.643.5.1.13.13.12.2.77.8252.13110108131113110013070512051310,0.958433985710144,2,160.0,80.0
1.2.643.5.1.13.13.12.2.77.8252.13110108131113110013070512051310,0.35555967688560486,2,48.0,144.0
1.2.643.5.1.13.13.12.2.77.8252.13110108131113110013070512051310,0.1641165167093277,2,252.0,112.0
1.2.643.5.1.13.13.12.2.77.8252.13110108131113110013070512051310,0.6061443090438843,2,224.0,128.0
1.2.643.5.1.13.13.12.2.77.8252.13110108131113110013070512051310,0.7849687933921814,2,112.0,112.0
1.2.643.5.1.13.13.12.2.77.8252.13110108131113110013070512051310,0.8308368921279907,2,112.0,269.0
1.2.643.5.1.13.13.12.2.77.8252.13110108131113110013070512051310,0.956975519657135,2,176.0,269.0
1.2.643.5.1.13.13.12.2.77.8252.13110108131113110013070512051310,0.34321874380111694,2,240.0,224.0
1.2.643.5.1.13.13.12.2.77.8252.13110108131113110013070512051310,0.394029438495636,2,80.0,256.0
1.2.643.5.1.13.13.12.2.77.8252.13110108131113110013070512051310,0.1246880367398262,2,64.0,208.0
1.2.643.5.1.13.13.12.2.77.8252.13110108131113110013070512051310,0.648924708366394,2,48.0,112.0
1.2.643.5.1.13.13.12.2.77.8252.13110108131113110013070512051310,0.23604343831539154,2,252.0,256.0
1.2.643.5.1.13.13.12.2.77.8252.13110108131113110013070512051310,0.7071747183799744,2,208.0,176.0
1.2.643.5.1.13.13.12.2.77.8252.13110108131113110013070512051310,0.6460445523262024,2,224.0,80.0
1.2.643.5.1.13.13.12.2.77.8252.13110108131113110013070512051310,0.7031151652336121,2,208.0,224.0
1.2.643.5.1.13.13.12.2.77.8252.13110108131113110013070512051310,0.41740506887435913,2,96.0,192.0
1.2.643.5.1.13.13.12.2.77.8252.13110108131113110013070512051310,0.4717870056629181,2,48.0,128.0
1.2.643.5.1.13.13.12.2.77.8252.13110108131113110013070512051310,0.10055949538946152,2,48.0,240.0
1.2.643.5.1.13.13.12.2.77.8252.13110108131113110013070512051310,0.44282564520835876,2,112.0,208.0
1.2.643.5.1.13.13.12.2.77.8252.13110108131113110013070512051310,0.9182737469673157,2,160.0,224.0
1.2.643.5.1.13.13.12.2.77.8252.13110108131113110013070512051310,0.7936787605285645,2,192.0,176.0
1.2.643.5.1.13.13.12.2.77.8252.13110108131113110013070512051310,0.3070416748523712,2,240.0,160.0
1.2.643.5.1.13.13.12.2.77.8252.13110108131113110013070512051310,0.31039804220199585,2,252.0,269.0
1.2.643.5.1.13.13.12.2.77.8252.13110108131113110013070512051310,0.9303761124610901,2,144.0,128.0
1.2.643.5.1.13.13.12.2.77.8252.13110108131113110013070512051310,0.48513922095298767,2,80.0,269.0
1.2.643.5.1.13.13.12.2.77.8252.13110108131113110013070512051310,0.5309087038040161,2,224.0,208.0
1.2.643.5.1.13.13.12.2.77.8252.13110108131113110013070512051310,0.8259874582290649,2,192.0,240.0
1.2.643.5.1.13.13.12.2.77.8252.13110108131113110013070512051310,0.902327835559845,2,144.0,144.0
1.2.643.5.1.13.13.12.2.77.8252.13110108131113110013070512051310,0.24932341277599335,2,48.0,269.0
1.2.643.5.1.13.13.12.2.77.8252.13110108131113110013070512051310,0.5422306656837463,2,112.0,160.0
1.2.643.5.1.13.13.12.2.77.8252.13110108131113110013070512051310,0.8660313487052917,2,144.0,192.0
1.2.643.5.1.13.13.12.2.77.8252.13110108131113110013070512051310,0.13456818461418152,2,48.0,176.0
1.2.643.5.1.13.13.12.2.77.8252.13110108131113110013070512051310,0.5562854409217834,2,224.0,144.0
1.2.643.5.1.13.13.12.2.77.8252.13110108131113110013070512051310,0.9230795502662659,2,128.0,269.0
1.2.643.5.1.13.13.12.2.77.8252.05130006080703150808130311150104,0.9999973773956299,2,33.0,45.5
1.2.643.5.1.13.13.12.2.77.8252.05130006080703150808130311150104,0.9986423850059509,2,94.5,24.0
1.2.643.5.1.13.13.12.2.77.8252.05130006080703150808130311150104,0.99998939037323,2,235.0,20.0
1.2.643.5.1.13.13.12.2.77.8252.05130006080703150808130311150104,0.9990724325180054,2,48.0,48.0
1.2.643.5.1.13.13.12.2.77.8252.05130006080703150808130311150104,0.9992578625679016,2,64.0,48.0
1.2.643.5.1.13.13.12.2.77.8252.05130006080703150808130311150104,0.9989309906959534,2,80.0,48.0
1.2.643.5.1.13.13.12.2.77.8252.05130006080703150808130311150104,0.9924855828285217,2,96.0,48.0
1.2.643.5.1.13.13.12.2.77.8252.05130006080703150808130311150104,0.8877816796302795,2,112.0,48.0
1.2.643.5.1.13.13.12.2.77.8252.05130006080703150808130311150104,0.3824847340583801,2,128.0,48.0
1.2.643.5.1.13.13.12.2.77.8252.05130006080703150808130311150104,0.8215817213058472,2,192.0,48.0
1.2.643.5.1.13.13.12.2.77.8252.05130006080703150808130311150104,0.9839481711387634,2,208.0,48.0
1.2.643.5.1.13.13.12.2.77.8252.05130006080703150808130311150104,0.9963918328285217,2,224.0,48.0
1.2.643.5.1.13.13.12.2.77.8252.05130006080703150808130311150104,0.9998914003372192,2,240.0,48.0
1.2.643.5.1.13.13.12.2.77.8252.05130006080703150808130311150104,0.9997346997261047,2,252.0,48.0
1.2.643.5.1.13.13.12.2.77.8252.05130006080703150808130311150104,0.9990602135658264,2,48.0,64.0
1.2.643.5.1.13.13.12.2.77.8252.05130006080703150808130311150104,0.998812198638916,2,64.0,64.0
1.2.643.5.1.13.13.12.2.77.8252.05130006080703150808130311150104,0.9974966645240784,2,80.0,64.0
1.2.643.5.1.13.13.12.2.77.8252.05130006080703150808130311150104,0.9825339913368225,2,96.0,64.0
1.2.643.5.1.13.13.12.2.77.8252.05130006080703150808130311150104,0.7797486186027527,2,112.0,64.0
1.2.643.5.1.13.13.12.2.77.8252.05130006080703150808130311150104,0.9800205230712891,2,224.0,64.0
1.2.643.5.1.13.13.12.2.77.8252.05130006080703150808130311150104,0.9990788698196411,2,240.0,64.0
1.2.643.5.1.13.13.12.2.77.8252.05130006080703150808130311150104,0.9987627267837524,2,252.0,64.0
1.2.643.5.1.13.13.12.2.77.8252.05130006080703150808130311150104,0.9970767498016357,2,48.0,80.0
1.2.643.5.1.13.13.12.2.77.8252.05130006080703150808130311150104,0.9871424436569214,2,64.0,80.0
1.2.643.5.1.13.13.12.2.77.8252.05130006080703150808130311150104,0.9686853885650635,2,80.0,80.0
1.2.643.5.1.13.13.12.2.77.8252.05130006080703150808130311150104,0.0682121217250824,2,176.0,240.0
1.2.643.5.1.13.13.12.2.77.8252.05130006080703150808130311150104,0.12260183691978455,2,112.0,240.0
1.2.643.5.1.13.13.12.2.77.8252.05130006080703150808130311150104,0.5310611128807068,2,48.0,192.0
1.2.643.5.1.13.13.12.2.77.8252.05130006080703150808130311150104,0.7386419773101807,2,224.0,176.0
1.2.643.5.1.13.13.12.2.77.8252.05130006080703150808130311150104,0.035361118614673615,2,128.0,128.0
1.2.643.5.1.13.13.12.2.77.8252.05130006080703150808130311150104,0.6727922558784485,2,224.0,256.0
1.2.643.5.1.13.13.12.2.77.8252.05130006080703150808130311150104,0.6579135060310364,2,64.0,256.0
1.2.643.5.1.13.13.12.2.77.8252.05130006080703150808130311150104,0.32149016857147217,2,96.0,256.0
1.2.643.5.1.13.13.12.2.77.8252.05130006080703150808130311150104,0.030355770140886307,2,128.0,224.0
1.2.643.5.1.13.13.12.2.77.8252.05130006080703150808130311150104,0.023908741772174835,2,128.0,269.0
1.2.643.5.1.13.13.12.2.77.8252.05130006080703150808130311150104,0.2934744656085968,2,96.0,160.0
1.2.643.5.1.13.13.12.2.77.8252.05130006080703150808130311150104,0.5065147876739502,2,208.0,176.0
1.2.643.5.1.13.13.12.2.77.8252.05130006080703150808130311150104,0.6373545527458191,2,48.0,240.0
1.2.643.5.1.13.13.12.2.77.8252.05130006080703150808130311150104,0.06101108342409134,2,176.0,256.0
1.2.643.5.1.13.13.12.2.77.8252.05130006080703150808130311150104,0.42474421858787537,2,252.0,160.0
1.2.643.5.1.13.13.12.2.77.8252.05130006080703150808130311150104,0.40632227063179016,2,240.0,144.0
1.2.643.5.1.13.13.12.2.77.8252.05130006080703150808130311150104,0.060221925377845764,2,144.0,208.0
1.2.643.5.1.13.13.12.2.77.8252.05130006080703150808130311150104,0.5970013737678528,2,48.0,160.0
1.2.643.5.1.13.13.12.2.77.8252.05130006080703150808130311150104,0.033909447491168976,2,128.0,208.0
1.2.643.5.1.13.13.12.2.77.8252.05130006080703150808130311150104,0.5038588047027588,2,240.0,208.0
1.2.643.5.1.13.13.12.2.77.8252.05130006080703150808130311150104,0.04608381912112236,2,160.0,144.0
1.2.643.5.1.13.13.12.2.77.8252.05130006080703150808130311150104,0.7072083950042725,2,64.0,160.0
1.2.643.5.1.13.13.12.2.77.8252.05130006080703150808130311150104,0.11433959752321243,2,112.0,176.0
1.2.643.5.1.13.13.12.2.77.8252.05130006080703150808130311150104,0.07182201743125916,2,176.0,128.0
1.2.643.5.1.13.13.12.2.77.8252.05130006080703150808130311150104,0.05567551776766777,2,160.0,192.0
1.2.643.5.1.13.13.12.2.77.8252.05130006080703150808130311150104,0.6409047245979309,2,240.0,240.0
1.2.643.5.1.13.13.12.2.77.8252.05130006080703150808130311150104,0.34709814190864563,2,252.0,144.0
1.2.643.5.1.13.13.12.2.77.8252.05130006080703150808130311150104,0.29527366161346436,2,96.0,176.0
1.2.643.5.1.13.13.12.2.77.8252.05130006080703150808130311150104,0.11797243356704712,2,176.0,192.0
1.2.643.5.1.13.13.12.2.77.8252.05130006080703150808130311150104,0.10725240409374237,2,112.0,160.0
1.2.643.5.1.13.13.12.2.77.8252.05130006080703150808130311150104,0.5672719478607178,2,48.0,208.0
1.2.643.5.1.13.13.12.2.77.8252.05130006080703150808130311150104,0.09110841155052185,2,144.0,160.0
1.2.643.5.1.13.13.12.2.77.8252.05130006080703150808130311150104,0.21153122186660767,2,192.0,176.0
1.2.643.5.1.13.13.12.2.77.8252.05130006080703150808130311150104,0.5129046440124512,2,80.0,224.0
1.2.643.5.1.13.13.12.2.77.8252.05130006080703150808130311150104,0.6424681544303894,2,64.0,192.0
1.2.643.5.1.13.13.12.2.77.8252.05130006080703150808130311150104,0.4639291763305664,2,240.0,160.0
1.2.643.5.1.13.13.12.2.77.8252.05130006080703150808130311150104,0.06044301763176918,2,176.0,224.0
1.2.643.5.1.13.13.12.2.77.8252.05130006080703150808130311150104,0.27548834681510925,2,96.0,128.0
1.2.643.5.1.13.13.12.2.77.8252.05130006080703150808130311150104,0.04426444321870804,2,160.0,160.0
1.2.643.5.1.13.13.12.2.77.8252.05130006080703150808130311150104,0.6237559914588928,2,64.0,224.0
1.2.643.5.1.13.13.12.2.77.8252.10030113050111051002020402141304,0.5547295212745667,2,295.0,4.0
1.2.643.5.1.13.13.12.2.77.8252.10030113050111051002020402141304,0.4795307517051697,2,252.0,48.0
1.2.643.5.1.13.13.12.2.77.8252.10030113050111051002020402141304,0.11328591406345367,2,252.0,224.0
1.2.643.5.1.13.13.12.2.77.8252.10030113050111051002020402141304,0.5315980315208435,2,144.0,112.0
1.2.643.5.1.13.13.12.2.77.8252.10030113050111051002020402141304,0.09049905836582184,2,252.0,192.0
1.2.643.5.1.13.13.12.2.77.8252.10030113050111051002020402141304,0.15978506207466125,2,224.0,144.0
1.2.643.5.1.13.13.12.2.77.8252.10030113050111051002020402141304,0.4466407299041748,2,112.0,144.0
1.2.643.5.1.13.13.12.2.77.8252.10030113050111051002020402141304,0.10003048926591873,2,96.0,64.0
1.2.643.5.1.13.13.12.2.77.8252.10030113050111051002020402141304,0.8915467262268066,2,208.0,48.0
1.2.643.5.1.13.13.12.2.77.8252.10030113050111051002020402141304,0.08491989970207214,2,252.0,208.0
1.2.643.5.1.13.13.12.2.77.8252.10030113050111051002020402141304,0.5858168005943298,2,144.0,80.0
1.2.643.5.1.13.13.12.2.77.8252.10030113050111051002020402141304,0.699603259563446,2,144.0,192.0
1.2.643.5.1.13.13.12.2.77.8252.10030113050111051002020402141304,0.31363821029663086,2,208.0,160.0
1.2.643.5.1.13.13.12.2.77.8252.10030113050111051002020402141304,0.949491024017334,2,160.0,239.0
1.2.643.5.1.13.13.12.2.77.8252.10030113050111051002020402141304,0.48270124197006226,2,240.0,239.0
1.2.643.5.1.13.13.12.2.77.8252.10030113050111051002020402141304,0.6862030625343323,2,208.0,96.0
1.2.643.5.1.13.13.12.2.77.8252.10030113050111051002020402141304,0.09134482592344284,2,48.0,64.0
1.2.643.5.1.13.13.12.2.77.8252.10030113050111051002020402141304,0.4664433002471924,2,112.0,192.0
1.2.643.5.1.13.13.12.2.77.8252.10030113050111051002020402141304,0.542834460735321,2,144.0,48.0
1.2.643.5.1.13.13.12.2.77.8252.10030113050111051002020402141304,0.907324492931366,2,192.0,48.0
1.2.643.5.1.13.13.12.2.77.8252.10030113050111051002020402141304,0.14650900661945343,2,240.0,160.0
1.2.643.5.1.13.13.12.2.77.8252.10030113050111051002020402141304,0.8538390398025513,2,208.0,64.0
1.2.643.5.1.13.13.12.2.77.8252.10030113050111051002020402141304,0.7706956267356873,2,160.0,48.0
1.2.643.5.1.13.13.12.2.77.8252.10030113050111051002020402141304,0.3535458445549011,2,240.0,80.0
1.2.643.5.1.13.13.12.2.77.8252.10030113050111051002020402141304,0.06873846799135208,2,64.0,176.0
1.2.643.5.1.13.13.12.2.77.8252.10030113050111051002020402141304,0.5635438561439514,2,192.0,176.0
1.2.643.5.1.13.13.12.2.77.8252.10030113050111051002020402141304,0.9532498121261597,2,160.0,224.0
1.2.643.5.1.13.13.12.2.77.8252.10030113050111051002020402141304,0.5782530307769775,2,128.0,208.0
1.2.643.5.1.13.13.12.2.77.8252.10030113050111051002020402141304,0.07260522991418839,2,80.0,160.0
1.2.643.5.1.13.13.12.2.77.8252.10030113050111051002020402141304,0.0810026228427887,2,252.0,144.0
1.2.643.5.1.13.13.12.2.77.8252.10030113050111051002020402141304,0.314900666475296,2,128.0,64.0
1.2.643.5.1.13.13.12.2.77.8252.10030113050111051002020402141304,0.3031652867794037,2,240.0,112.0
1.2.643.5.1.13.13.12.2.77.8252.10030113050111051002020402141304,0.07900764048099518,2,64.0,208.0
1.2.643.5.1.13.13.12.2.77.8252.10030113050111051002020402141304,0.06877974420785904,2,48.0,176.0
1.2.643.5.1.13.13.12.2.77.8252.10030113050111051002020402141304,0.8917811512947083,2,192.0,64.0
1.2.643.5.1.13.13.12.2.77.8252.10030113050111051002020402141304,0.10783055424690247,2,48.0,48.0
1.2.643.5.1.13.13.12.2.77.8252.10030113050111051002020402141304,0.5874603390693665,2,128.0,224.0
1.2.643.5.1.13.13.12.2.77.8252.10030113050111051002020402141304,0.41131338477134705,2,144.0,176.0
1.2.643.5.1.13.13.12.2.77.8252.10030113050111051002020402141304,0.3388262689113617,2,192.0,144.0
1.2.643.5.1.13.13.12.2.77.8252.10030113050111051002020402141304,0.06948798149824142,2,48.0,144.0
1.2.643.5.1.13.13.12.2.77.8252.10030113050111051002020402141304,0.06738661974668503,2,48.0,192.0
1.2.643.5.1.13.13.12.2.77.8252.10030113050111051002020402141304,0.30728957056999207,2,240.0,224.0
1.2.643.5.1.13.13.12.2.77.8252.04071014120313000711051010091409,0.31580713391304016,2,79.0,180.5
1.2.643.5.1.13.13.12.2.77.8252.04071014120313000711051010091409,0.5868272185325623,2,72.0,113.5
1.2.643.5.1.13.13.12.2.77.8252.04071014120313000711051010091409,0.352568656206131,2,65.0,103.0
1.2.643.5.1.13.13.12.2.77.8252.04071014120313000711051010091409,0.5621037483215332,2,70.5,65.5
1.2.643.5.1.13.13.12.2.77.8252.04071014120313000711051010091409,0.4274916648864746,2,60.5,51.0
1.2.643.5.1.13.13.12.2.77.8252.04071014120313000711051010091409,0.3855927884578705,2,257.0,74.0
1.2.643.5.1.13.13.12.2.77.8252.04071014120313000711051010091409,0.34093335270881653,2,261.5,60.0
1.2.643.5.1.13.13.12.2.77.8252.04071014120313000711051010091409,0.27221444249153137,2,248.5,122.0
1.2.643.5.1.13.13.12.2.77.8252.04071014120313000711051010091409,0.27210700511932373,2,255.5,111.5
1.2.643.5.1.13.13.12.2.77.8252.04071014120313000711051010091409,0.27288928627967834,2,224.0,256.0
1.2.643.5.1.13.13.12.2.77.8252.04071014120313000711051010091409,0.6711077690124512,2,128.0,192.0
1.2.643.5.1.13.13.12.2.77.8252.04071014120313000711051010091409,0.46354249119758606,2,112.0,176.0
1.2.643.5.1.13.13.12.2.77.8252.04071014120313000711051010091409,0.9717342853546143,2,144.0,128.0
1.2.643.5.1.13.13.12.2.77.8252.04071014120313000711051010091409,0.1102469190955162,2,252.0,272.0
1.2.643.5.1.13.13.12.2.77.8252.04071014120313000711051010091409,0.15448212623596191,2,80.0,240.0
1.2.643.5.1.13.13.12.2.77.8252.04071014120313000711051010091409,0.6770497560501099,2,144.0,64.0
1.2.643.5.1.13.13.12.2.77.8252.04071014120313000711051010091409,0.7906444668769836,2,80.0,48.0
1.2.643.5.1.13.13.12.2.77.8252.04071014120313000711051010091409,0.2580745816230774,2,128.0,224.0
1.2.643.5.1.13.13.12.2.77.8252.04071014120313000711051010091409,0.755035936832428,2,208.0,192.0
1.2.643.5.1.13.13.12.2.77.8252.04071014120313000711051010091409,0.4008149802684784,2,64.0,80.0
1.2.643.5.1.13.13.12.2.77.8252.04071014120313000711051010091409,0.8820971250534058,2,176.0,176.0
1.2.643.5.1.13.13.12.2.77.8252.04071014120313000711051010091409,0.6163821816444397,2,224.0,48.0
1.2.643.5.1.13.13.12.2.77.8252.04071014120313000711051010091409,0.8352081179618835,2,192.0,96.0
1.2.643.5.1.13.13.12.2.77.8252.04071014120313000711051010091409,0.47788190841674805,2,64.0,96.0
1.2.643.5.1.13.13.12.2.77.8252.04071014120313000711051010091409,0.5979915261268616,2,80.0,128.0
1.2.643.5.1.13.13.12.2.77.8252.04071014120313000711051010091409,0.8371780514717102,2,128.0,80.0
1.2.643.5.1.13.13.12.2.77.8252.04071014120313000711051010091409,0.7669593095779419,2,112.0,64.0
1.2.643.5.1.13.13.12.2.77.8252.04071014120313000711051010091409,0.6549627780914307,2,224.0,96.0
1.2.643.5.1.13.13.12.2.77.8252.04071014120313000711051010091409,0.6870396733283997,2,80.0,112.0
1.2.643.5.1.13.13.12.2.77.8252.04071014120313000711051010091409,0.8619480133056641,2,144.0,192.0
1.2.643.5.1.13.13.12.2.77.8252.04071014120313000711051010091409,0.32704344391822815,2,48.0,48.0
1.2.643.5.1.13.13.12.2.77.8252.04071014120313000711051010091409,0.6523792147636414,2,176.0,224.0
1.2.643.5.1.13.13.12.2.77.8252.04071014120313000711051010091409,0.15378262102603912,2,252.0,176.0
1.2.643.5.1.13.13.12.2.77.8252.04071014120313000711051010091409,0.08928127586841583,2,48.0,224.0
1.2.643.5.1.13.13.12.2.77.8252.04071014120313000711051010091409,0.6717539429664612,2,224.0,80.0
1.2.643.5.1.13.13.12.2.77.8252.04071014120313000711051010091409,0.11629527807235718,2,64.0,224.0
1.2.643.5.1.13.13.12.2.77.8252.04071014120313000711051010091409,0.7356133460998535,2,128.0,176.0
1.2.643.5.1.13.13.12.2.77.8252.04071014120313000711051010091409,0.19636783003807068,2,112.0,240.0
1.2.643.5.1.13.13.12.2.77.8252.04071014120313000711051010091409,0.6318284869194031,2,160.0,224.0
1.2.643.5.1.13.13.12.2.77.8252.04071014120313000711051010091409,0.3743634819984436,2,96.0,208.0
1.2.643.5.1.13.13.12.2.77.8252.04071014120313000711051010091409,0.7009958028793335,2,224.0,112.0
1.2.643.5.1.13.13.12.2.77.8252.04071014120313000711051010091409,0.8557350635528564,2,208.0,144.0
1.2.643.5.1.13.13.12.2.77.8252.04071014120313000711051010091409,0.37170153856277466,2,176.0,256.0
1.2.643.5.1.13.13.12.2.77.8252.04071014120313000711051010091409,0.9395537972450256,2,176.0,144.0
1.2.643.5.1.13.13.12.2.77.8252.04071014120313000711051010091409,0.8874771595001221,2,176.0,192.0
1.2.643.5.1.13.13.12.2.77.8252.04071014120313000711051010091409,0.23597988486289978,2,112.0,256.0
1.2.643.5.1.13.13.12.2.77.8252.04071014120313000711051010091409,0.07795251905918121,2,48.0,240.0
1.2.643.5.1.13.13.12.2.77.8252.04071014120313000711051010091409,0.5680204629898071,2,224.0,208.0
1.2.643.5.1.13.13.12.2.77.8252.04071014120313000711051010091409,0.4255068004131317,2,64.0,64.0
1.2.643.5.1.13.13.12.2.77.8252.07150604010711031305090702140107,0.8531538844108582,2,71.0,82.5
1.2.643.5.1.13.13.12.2.77.8252.07150604010711031305090702140107,0.8855493664741516,2,69.5,68.0
1.2.643.5.1.13.13.12.2.77.8252.07150604010711031305090702140107,0.8804171085357666,2,51.0,54.5
1.2.643.5.1.13.13.12.2.77.8252.07150604010711031305090702140107,0.8292489647865295,2,42.5,46.5
1.2.643.5.1.13.13.12.2.77.8252.07150604010711031305090702140107,0.5770381689071655,2,205.0,73.0
1.2.643.5.1.13.13.12.2.77.8252.07150604010711031305090702140107,0.6033775806427002,2,207.5,59.5
1.2.643.5.1.13.13.12.2.77.8252.07150604010711031305090702140107,0.31993475556373596,2,220.5,30.0
1.2.643.5.1.13.13.12.2.77.8252.07150604010711031305090702140107,0.3000512719154358,2,230.0,23.5
1.2.643.5.1.13.13.12.2.77.8252.07150604010711031305090702140107,0.07721396535634995,2,48.0,224.0
1.2.643.5.1.13.13.12.2.77.8252.07150604010711031305090702140107,0.5712575912475586,2,208.0,80.0
1.2.643.5.1.13.13.12.2.77.8252.07150604010711031305090702140107,0.14432299137115479,2,224.0,144.0
1.2.643.5.1.13.13.12.2.77.8252.07150604010711031305090702140107,0.22143781185150146,2,208.0,128.0
1.2.643.5.1.13.13.12.2.77.8252.07150604010711031305090702140107,0.09998412430286407,2,224.0,208.0
1.2.643.5.1.13.13.12.2.77.8252.07150604010711031305090702140107,0.41405072808265686,2,128.0,96.0
1.2.643.5.1.13.13.12.2.77.8252.07150604010711031305090702140107,0.34308770298957825,2,128.0,224.0
1.2.643.5.1.13.13.12.2.77.8252.07150604010711031305090702140107,0.43961575627326965,2,128.0,48.0
1.2.643.5.1.13.13.12.2.77.8252.07150604010711031305090702140107,0.7625635862350464,2,80.0,112.0
1.2.643.5.1.13.13.12.2.77.8252.07150604010711031305090702140107,0.12536892294883728,2,224.0,160.0
1.2.643.5.1.13.13.12.2.77.8252.07150604010711031305090702140107,0.5988913774490356,2,80.0,128.0
1.2.643.5.1.13.13.12.2.77.8252.07150604010711031305090702140107,0.18147620558738708,2,144.0,192.0
1.2.643.5.1.13.13.12.2.77.8252.07150604010711031305090702140107,0.09254567325115204,2,64.0,224.0
1.2.643.5.1.13.13.12.2.77.8252.07150604010711031305090702140107,0.4417837858200073,2,144.0,239.0
1.2.643.5.1.13.13.12.2.77.8252.07150604010711031305090702140107,0.22744973003864288,2,192.0,144.0
1.2.643.5.1.13.13.12.2.77.8252.07150604010711031305090702140107,0.39694729447364807,2,96.0,239.0
1.2.643.5.1.13.13.12.2.77.8252.07150604010711031305090702140107,0.3744438886642456,2,144.0,128.0
1.2.643.5.1.13.13.12.2.77.8252.07150604010711031305090702140107,0.4240882098674774,2,208.0,96.0
1.2.643.5.1.13.13.12.2.77.8252.07150604010711031305090702140107,0.2639583349227905,2,240.0,96.0
1.2.643.5.1.13.13.12.2.77.8252.07150604010711031305090702140107,0.14850404858589172,2,64.0,239.0
1.2.643.5.1.13.13.12.2.77.8252.07150604010711031305090702140107,0.3599516451358795,2,96.0,224.0
1.2.643.5.1.13.13.12.2.77.8252.07150604010711031305090702140107,0.2723875641822815,2,252.0,80.0
1.2.643.5.1.13.13.12.2.77.8252.07150604010711031305090702140107,0.15764792263507843,2,224.0,128.0
1.2.643.5.1.13.13.12.2.77.8252.07150604010711031305090702140107,0.40524551272392273,2,224.0,48.0
1.2.643.5.1.13.13.12.2.77.8252.07150604010711031305090702140107,0.28011631965637207,2,192.0,128.0
1.2.643.5.1.13.13.12.2.77.8252.07150604010711031305090702140107,0.08310873061418533,2,64.0,208.0
1.2.643.5.1.13.13.12.2.77.8252.07150604010711031305090702140107,0.15497571229934692,2,160.0,192.0
1.2.643.5.1.13.13.12.2.77.8252.07150604010711031305090702140107,0.8577090501785278,2,64.0,80.0
1.2.643.5.1.13.13.12.2.77.8252.07150604010711031305090702140107,0.2480667680501938,2,96.0,192.0
1.2.643.5.1.13.13.12.2.77.8252.07150604010711031305090702140107,0.28675147891044617,2,96.0,176.0
1.2.643.5.1.13.13.12.2.77.8252.07150604010711031305090702140107,0.2078106552362442,2,208.0,192.0
1.2.643.5.1.13.13.12.2.77.8252.07150604010711031305090702140107,0.18793241679668427,2,176.0,128.0
1.2.643.5.1.13.13.12.2.77.8252.07150604010711031305090702140107,0.5987955927848816,2,208.0,64.0
1.2.643.5.1.13.13.12.2.77.8252.07150604010711031305090702140107,0.91632479429245,2,80.0,48.0
1.2.643.5.1.13.13.12.2.77.8252.07150604010711031305090702140107,0.334168404340744,2,176.0,112.0
1.2.643.5.1.13.13.12.2.77.8252.07150604010711031305090702140107,0.4781569242477417,2,192.0,96.0
1.2.643.5.1.13.13.12.2.77.8252.07150604010711031305090702140107,0.789929211139679,2,96.0,80.0
1.2.643.5.1.13.13.12.2.77.8252.07150604010711031305090702140107,0.0992172583937645,2,224.0,192.0
1.2.643.5.1.13.13.12.2.77.8252.07150604010711031305090702140107,0.10647769272327423,2,80.0,208.0
1.2.643.5.1.13.13.12.2.77.8252.07150604010711031305090702140107,0.12692700326442719,2,224.0,224.0
1.2.643.5.1.13.13.12.2.77.8252.05140704131104071313121101000313,0.18627068400382996,2,96.0,80.0
1.2.643.5.1.13.13.12.2.77.8252.05140704131104071313121101000313,0.09746363013982773,2,208.0,64.0
1.2.643.5.1.13.13.12.2.77.8252.05140704131104071313121101000313,0.052261609584093094,2,224.0,96.0
1.2.643.5.1.13.13.12.2.77.8252.05140704131104071313121101000313,0.11520013213157654,2,144.0,80.0
1.2.643.5.1.13.13.12.2.77.8252.05140704131104071313121101000313,0.22939783334732056,2,48.0,80.0
1.2.643.5.1.13.13.12.2.77.8252.05140704131104071313121101000313,0.1062120795249939,2,64.0,208.0
1.2.643.5.1.13.13.12.2.77.8252.05140704131104071313121101000313,0.0670837014913559,2,252.0,176.0
1.2.643.5.1.13.13.12.2.77.8252.05140704131104071313121101000313,0.06844394654035568,2,160.0,64.0
1.2.643.5.1.13.13.12.2.77.8252.05140704131104071313121101000313,0.33533334732055664,2,80.0,48.0
1.2.643.5.1.13.13.12.2.77.8252.05140704131104071313121101000313,0.14724640548229218,2,112.0,48.0
1.2.643.5.1.13.13.12.2.77.8252.05140704131104071313121101000313,0.052692998200654984,2,224.0,80.0
1.2.643.5.1.13.13.12.2.77.8252.05140704131104071313121101000313,0.08219058066606522,2,240.0,64.0
1.2.643.5.1.13.13.12.2.77.8252.05140704131104071313121101000313,0.1272806078195572,2,112.0,176.0
1.2.643.5.1.13.13.12.2.77.8252.05140704131104071313121101000313,0.10248047113418579,2,48.0,160.0
1.2.643.5.1.13.13.12.2.77.8252.05140704131104071313121101000313,0.45399242639541626,2,208.0,256.0
1.2.643.5.1.13.13.12.2.77.8252.05140704131104071313121101000313,0.15009883046150208,2,144.0,144.0
1.2.643.5.1.13.13.12.2.77.8252.05140704131104071313121101000313,0.37422236800193787,2,64.0,48.0
1.2.643.5.1.13.13.12.2.77.8252.05140704131104071313121101000313,0.12977734208106995,2,192.0,48.0
1.2.643.5.1.13.13.12.2.77.8252.05140704131104071313121101000313,0.6394020915031433,2,176.0,256.0
1.2.643.5.1.13.13.12.2.77.8252.05140704131104071313121101000313,0.06297113001346588,2,160.0,192.0
1.2.643.5.1.13.13.12.2.77.8252.05140704131104071313121101000313,0.11907739192247391,2,112.0,224.0
1.2.643.5.1.13.13.12.2.77.8252.05140704131104071313121101000313,0.11467619985342026,2,224.0,240.0
1.2.643.5.1.13.13.12.2.77.8252.05140704131104071313121101000313,0.3076024651527405,2,128.0,256.0
1.2.643.5.1.13.13.12.2.77.8252.05140704131104071313121101000313,0.11077151447534561,2,208.0,96.0
1.2.643.5.1.13.13.12.2.77.8252.05140704131104071313121101000313,0.18839038908481598,2,160.0,240.0
1.2.643.5.1.13.13.12.2.77.8252.05140704131104071313121101000313,0.28677400946617126,2,48.0,64.0
1.2.643.5.1.13.13.12.2.77.8252.05140704131104071313121101000313,0.10413561016321182,2,192.0,96.0
1.2.643.5.1.13.13.12.2.77.8252.05140704131104071313121101000313,0.19600290060043335,2,96.0,64.0
1.2.643.5.1.13.13.12.2.77.8252.05140704131104071313121101000313,0.06673828512430191,2,144.0,176.0
1.2.643.5.1.13.13.12.2.77.8252.05140704131104071313121101000313,0.35687243938446045,2,224.0,256.0
1.2.643.5.1.13.13.12.2.77.8252.05140704131104071313121101000313,0.16291020810604095,2,144.0,128.0
1.2.643.5.1.13.13.12.2.77.8252.05140704131104071313121101000313,0.09862532466650009,2,64.0,192.0
1.2.643.5.1.13.13.12.2.77.8252.05140704131104071313121101000313,0.08332055807113647,2,128.0,176.0
1.2.643.5.1.13.13.12.2.77.8252.05140704131104071313121101000313,0.16986967623233795,2,112.0,144.0
1.2.643.5.1.13.13.12.2.77.8252.05140704131104071313121101000313,0.07348483055830002,2,176.0,96.0
1.2.643.5.1.13.13.12.2.77.8252.05140704131104071313121101000313,0.24250127375125885,2,96.0,48.0
1.2.643.5.1.13.13.12.2.77.8252.05140704131104071313121101000313,0.19749516248703003,2,80.0,208.0
1.2.643.5.1.13.13.12.2.77.8252.05140704131104071313121101000313,0.06879240274429321,2,252.0,144.0
1.2.643.5.1.13.13.12.2.77.8252.05140704131104071313121101000313,0.2186342477798462,2,96.0,112.0
1.2.643.5.1.13.13.12.2.77.8252.05140704131104071313121101000313,0.07745400071144104,2,208.0,224.0
1.2.643.5.1.13.13.12.2.77.8252.03121103130007121510030803050514,0.5985129475593567,3,236.5,52.5
1.2.643.5.1.13.13.12.2.77.8252.03121103130007121510030803050514,0.9356259703636169,3,75.5,53.0
1.2.643.5.1.13.13.12.2.77.8252.03121103130007121510030803050514,0.20738038420677185,3,224.0,160.0
1.2.643.5.1.13.13.12.2.77.8252.03121103130007121510030803050514,0.08638683706521988,3,96.0,237.0
1.2.643.5.1.13.13.12.2.77.8252.03121103130007121510030803050514,0.2450026422739029,3,96.0,176.0
1.2.643.5.1.13.13.12.2.77.8252.03121103130007121510030803050514,0.04760486260056496,3,80.0,224.0
1.2.643.5.1.13.13.12.2.77.8252.03121103130007121510030803050514,0.3767704963684082,3,64.0,160.0
1.2.643.5.1.13.13.12.2.77.8252.03121103130007121510030803050514,0.5725193619728088,3,192.0,96.0
1.2.643.5.1.13.13.12.2.77.8252.03121103130007121510030803050514,0.13450279831886292,3,252.0,237.0
1.2.643.5.1.13.13.12.2.77.8252.03121103130007121510030803050514,0.13511183857917786,3,128.0,160.0
1.2.643.5.1.13.13.12.2.77.8252.03121103130007121510030803050514,0.7547168135643005,3,96.0,144.0
1.2.643.5.1.13.13.12.2.77.8252.03121103130007121510030803050514,0.8791288733482361,3,192.0,64.0
1.2.643.5.1.13.13.12.2.77.8252.03121103130007121510030803050514,0.5325607657432556,3,128.0,128.0
1.2.643.5.1.13.13.12.2.77.8252.03121103130007121510030803050514,0.9807043671607971,3,80.0,96.0
1.2.643.5.1.13.13.12.2.77.8252.03121103130007121510030803050514,0.07389772683382034,3,240.0,224.0
1.2.643.5.1.13.13.12.2.77.8252.03121103130007121510030803050514,0.1577184647321701,3,208.0,224.0
1.2.643.5.1.13.13.12.2.77.8252.03121103130007121510030803050514,0.960819661617279,3,80.0,64.0
1.2.643.5.1.13.13.12.2.77.8252.03121103130007121510030803050514,0.10179103165864944,3,48.0,237.0
1.2.643.5.1.13.13.12.2.77.8252.03121103130007121510030803050514,0.6554463505744934,3,176.0,96.0
1.2.643.5.1.13.13.12.2.77.8252.03121103130007121510030803050514,0.620999813079834,3,128.0,112.0
1.2.643.5.1.13.13.12.2.77.8252.03121103130007121510030803050514,0.8368982672691345,3,48.0,64.0
1.2.643.5.1.13.13.12.2.77.8252.03121103130007121510030803050514,0.5591287612915039,3,240.0,48.0
1.2.643.5.1.13.13.12.2.77.8252.03121103130007121510030803050514,0.3818928599357605,3,144.0,128.0
1.2.643.5.1.13.13.12.2.77.8252.03121103130007121510030803050514,0.09883243590593338,3,192.0,176.0
1.2.643.5.1.13.13.12.2.77.8252.03121103130007121510030803050514,0.7995079159736633,3,144.0,48.0
1.2.643.5.1.13.13.12.2.77.8252.03121103130007121510030803050514,0.1353263556957245,3,208.0,144.0
1.2.643.5.1.13.13.12.2.77.8252.03121103130007121510030803050514,0.7874864339828491,3,112.0,48.0
1.2.643.5.1.13.13.12.2.77.8252.03121103130007121510030803050514,0.09479652345180511,3,240.0,144.0
1.2.643.5.1.13.13.12.2.77.8252.03121103130007121510030803050514,0.8902527689933777,3,48.0,80.0
1.2.643.5.1.13.13.12.2.77.8252.03121103130007121510030803050514,0.5042276978492737,3,252.0,64.0
1.2.643.5.1.13.13.12.2.77.8252.03121103130007121510030803050514,0.9676657319068909,3,64.0,80.0
1.2.643.5.1.13.13.12.2.77.8252.03121103130007121510030803050514,0.613118052482605,3,240.0,64.0
1.2.643.5.1.13.13.12.2.77.8252.03121103130007121510030803050514,0.7013189792633057,3,64.0,144.0
1.2.643.5.1.13.13.12.2.77.8252.03121103130007121510030803050514,0.8456456065177917,3,112.0,112.0
1.2.643.5.1.13.13.12.2.77.8252.03121103130007121510030803050514,0.19382841885089874,3,160.0,128.0
1.2.643.5.1.13.13.12.2.77.8252.03121103130007121510030803050514,0.5954933166503906,3,208.0,96.0
1.2.643.5.1.13.13.12.2.77.8252.03121103130007121510030803050514,0.18899868428707123,3,128.0,192.0
1.2.643.5.1.13.13.12.2.77.8252.03121103130007121510030803050514,0.0790909081697464,3,160.0,160.0
1.2.643.5.1.13.13.12.2.77.8252.03121103130007121510030803050514,0.2207982987165451,3,160.0,112.0
1.2.643.5.1.13.13.12.2.77.8252.03121103130007121510030803050514,0.9165886044502258,3,144.0,64.0
1.2.643.5.1.13.13.12.2.77.8252.03121103130007121510030803050514,0.1893664002418518,3,144.0,144.0
1.2.643.5.1.13.13.12.2.77.8252.03121103130007121510030803050514,0.07756195962429047,3,176.0,160.0
1.2.643.5.1.13.13.12.2.77.8252.09050515110402090102050206010406,0.6674637794494629,3,230.0,39.5
1.2.643.5.1.13.13.12.2.77.8252.09050515110402090102050206010406,0.7643293142318726,3,68.5,56.0
1.2.643.5.1.13.13.12.2.77.8252.09050515110402090102050206010406,0.329628050327301,3,208.0,64.0
1.2.643.5.1.13.13.12.2.77.8252.09050515110402090102050206010406,0.4580114483833313,3,48.0,96.0
1.2.643.5.1.13.13.12.2.77.8252.09050515110402090102050206010406,0.0893370658159256,3,224.0,192.0
1.2.643.5.1.13.13.12.2.77.8252.09050515110402090102050206010406,0.10921532660722733,3,252.0,240.0
1.2.643.5.1.13.13.12.2.77.8252.09050515110402090102050206010406,0.11581141501665115,3,144.0,96.0
1.2.643.5.1.13.13.12.2.77.8252.09050515110402090102050206010406,0.15217478573322296,3,208.0,96.0
1.2.643.5.1.13.13.12.2.77.8252.09050515110402090102050206010406,0.21345138549804688,3,128.0,240.0
1.2.643.5.1.13.13.12.2.77.8252.09050515110402090102050206010406,0.05024406313896179,3,192.0,224.0
1.2.643.5.1.13.13.12.2.77.8252.09050515110402090102050206010406,0.1361759901046753,3,96.0,240.0
1.2.643.5.1.13.13.12.2.77.8252.09050515110402090102050206010406,0.13097627460956573,3,96.0,192.0
1.2.643.5.1.13.13.12.2.77.8252.09050515110402090102050206010406,0.3256060481071472,3,112.0,256.0
1.2.643.5.1.13.13.12.2.77.8252.09050515110402090102050206010406,0.06789304316043854,3,160.0,240.0
1.2.643.5.1.13.13.12.2.77.8252.09050515110402090102050206010406,0.12673886120319366,3,96.0,176.0
1.2.643.5.1.13.13.12.2.77.8252.09050515110402090102050206010406,0.3092306852340698,3,240.0,80.0
1.2.643.5.1.13.13.12.2.77.8252.09050515110402090102050206010406,0.27986735105514526,3,128.0,48.0
1.2.643.5.1.13.13.12.2.77.8252.09050515110402090102050206010406,0.131445974111557,3,160.0,48.0
1.2.643.5.1.13.13.12.2.77.8252.09050515110402090102050206010406,0.06832688301801682,3,224.0,208.0
1.2.643.5.1.13.13.12.2.77.8252.09050515110402090102050206010406,0.06713475286960602,3,252.0,128.0
1.2.643.5.1.13.13.12.2.77.8252.09050515110402090102050206010406,0.0644754022359848,3,240.0,208.0
1.2.643.5.1.13.13.12.2.77.8252.09050515110402090102050206010406,0.13255561888217926,3,224.0,256.0
1.2.643.5.1.13.13.12.2.77.8252.09050515110402090102050206010406,0.42240089178085327,3,240.0,64.0
1.2.643.5.1.13.13.12.2.77.8252.09050515110402090102050206010406,0.02832079865038395,3,192.0,208.0
1.2.643.5.1.13.13.12.2.77.8252.09050515110402090102050206010406,0.07150539755821228,3,176.0,128.0
1.2.643.5.1.13.13.12.2.77.8252.09050515110402090102050206010406,0.4732767939567566,3,252.0,64.0
1.2.643.5.1.13.13.12.2.77.8252.09050515110402090102050206010406,0.04388808459043503,3,48.0,160.0
1.2.643.5.1.13.13.12.2.77.8252.09050515110402090102050206010406,0.3984855115413666,3,64.0,112.0
1.2.643.5.1.13.13.12.2.77.8252.09050515110402090102050206010406,0.1441388577222824,3,224.0,270.0
1.2.643.5.1.13.13.12.2.77.8252.09050515110402090102050206010406,0.02178213745355606,3,208.0,192.0
1.2.643.5.1.13.13.12.2.77.8252.09050515110402090102050206010406,0.05656453222036362,3,128.0,144.0
1.2.643.5.1.13.13.12.2.77.8252.09050515110402090102050206010406,0.4620751142501831,3,96.0,48.0
1.2.643.5.1.13.13.12.2.77.8252.09050515110402090102050206010406,0.14127983152866364,3,144.0,240.0
1.2.643.5.1.13.13.12.2.77.8252.09050515110402090102050206010406,0.5147829651832581,3,112.0,80.0
1.2.643.5.1.13.13.12.2.77.8252.09050515110402090102050206010406,0.03404752165079117,3,160.0,144.0
1.2.643.5.1.13.13.12.2.77.8252.09050515110402090102050206010406,0.034164492040872574,3,144.0,144.0
1.2.643.5.1.13.13.12.2.77.8252.09050515110402090102050206010406,0.023562835529446602,3,144.0,208.0
1.2.643.5.1.13.13.12.2.77.8252.09050515110402090102050206010406,0.5926331877708435,3,80.0,48.0
1.2.643.5.1.13.13.12.2.77.8252.09050515110402090102050206010406,0.22132202982902527,3,128.0,80.0
1.2.643.5.1.13.13.12.2.77.8252.09050515110402090102050206010406,0.532582700252533,3,96.0,64.0
1.2.643.5.1.13.13.12.2.77.8252.09050515110402090102050206010406,0.28984612226486206,3,192.0,64.0
1.2.643.5.1.13.13.12.2.77.8252.09050515110402090102050206010406,0.20585623383522034,3,240.0,96.0
1.2.643.5.1.13.13.12.2.77.8252.14030405080503070005090010011210,0.8994857668876648,3,65.0,35.5
1.2.643.5.1.13.13.12.2.77.8252.14030405080503070005090010011210,0.3991534113883972,3,237.5,29.0
1.2.643.5.1.13.13.12.2.77.8252.14030405080503070005090010011210,0.17265819013118744,3,237.5,82.0
1.2.643.5.1.13.13.12.2.77.8252.14030405080503070005090010011210,0.8387353420257568,3,61.0,49.5
1.2.643.5.1.13.13.12.2.77.8252.14030405080503070005090010011210,0.8826763033866882,3,128.5,50.5
1.2.643.5.1.13.13.12.2.77.8252.14030405080503070005090010011210,0.06487395614385605,3,252.0,144.0
1.2.643.5.1.13.13.12.2.77.8252.14030405080503070005090010011210,0.6967224478721619,3,160.0,80.0
1.2.643.5.1.13.13.12.2.77.8252.14030405080503070005090010011210,0.10111787915229797,3,240.0,112.0
1.2.643.5.1.13.13.12.2.77.8252.14030405080503070005090010011210,0.088966965675354,3,144.0,192.0
1.2.643.5.1.13.13.12.2.77.8252.14030405080503070005090010011210,0.8022971749305725,3,64.0,64.0
1.2.643.5.1.13.13.12.2.77.8252.14030405080503070005090010011210,0.18030735850334167,3,80.0,176.0
1.2.643.5.1.13.13.12.2.77.8252.14030405080503070005090010011210,0.3779708445072174,3,208.0,112.0
1.2.643.5.1.13.13.12.2.77.8252.14030405080503070005090010011210,0.05235762894153595,3,252.0,160.0
1.2.643.5.1.13.13.12.2.77.8252.14030405080503070005090010011210,0.109797902405262,3,240.0,192.0
1.2.643.5.1.13.13.12.2.77.8252.14030405080503070005090010011210,0.7157500982284546,3,48.0,64.0
1.2.643.5.1.13.13.12.2.77.8252.14030405080503070005090010011210,0.34443098306655884,3,128.0,112.0
1.2.643.5.1.13.13.12.2.77.8252.14030405080503070005090010011210,0.0778096616268158,3,208.0,208.0
1.2.643.5.1.13.13.12.2.77.8252.14030405080503070005090010011210,0.042737264186143875,3,176.0,160.0
1.2.643.5.1.13.13.12.2.77.8252.14030405080503070005090010011210,0.15921282768249512,3,64.0,192.0
1.2.643.5.1.13.13.12.2.77.8252.14030405080503070005090010011210,0.1330992728471756,3,252.0,80.0
1.2.643.5.1.13.13.12.2.77.8252.14030405080503070005090010011210,0.07509156316518784,3,192.0,211.0
1.2.643.5.1.13.13.12.2.77.8252.14030405080503070005090010011210,0.9250868558883667,3,80.0,64.0
1.2.643.5.1.13.13.12.2.77.8252.14030405080503070005090010011210,0.06536135822534561,3,240.0,176.0
1.2.643.5.1.13.13.12.2.77.8252.14030405080503070005090010011210,0.08077845722436905,3,224.0,192.0
1.2.643.5.1.13.13.12.2.77.8252.14030405080503070005090010011210,0.22628901898860931,3,80.0,128.0
1.2.643.5.1.13.13.12.2.77.8252.14030405080503070005090010011210,0.08927477896213531,3,240.0,128.0
1.2.643.5.1.13.13.12.2.77.8252.14030405080503070005090010011210,0.6027296781539917,3,224.0,64.0
1.2.643.5.1.13.13.12.2.77.8252.14030405080503070005090010011210,0.04202877730131149,3,160.0,208.0
1.2.643.5.1.13.13.12.2.77.8252.14030405080503070005090010011210,0.06522268056869507,3,176.0,208.0
1.2.643.5.1.13.13.12.2.77.8252.14030405080503070005090010011210,0.24299508333206177,3,176.0,112.0
1.2.643.5.1.13.13.12.2.77.8252.14030405080503070005090010011210,0.7408179044723511,3,112.0,80.0
1.2.643.5.1.13.13.12.2.77.8252.14030405080503070005090010011210,0.8840316534042358,3,128.0,48.0
1.2.643.5.1.13.13.12.2.77.8252.14030405080503070005090010011210,0.11730840802192688,3,176.0,144.0
1.2.643.5.1.13.13.12.2.77.8252.14030405080503070005090010011210,0.20149549841880798,3,48.0,208.0
1.2.643.5.1.13.13.12.2.77.8252.14030405080503070005090010011210,0.12202861160039902,3,112.0,176.0
1.2.643.5.1.13.13.12.2.77.8252.14030405080503070005090010011210,0.08415821939706802,3,48.0,112.0
1.2.643.5.1.13.13.12.2.77.8252.14030405080503070005090010011210,0.3400397002696991,3,208.0,128.0
1.2.643.5.1.13.13.12.2.77.8252.14030405080503070005090010011210,0.8118693828582764,3,160.0,48.0
1.2.643.5.1.13.13.12.2.77.8252.14030405080503070005090010011210,0.08258600533008575,3,176.0,211.0
1.2.643.5.1.13.13.12.2.77.8252.14030405080503070005090010011210,0.0975743904709816,3,252.0,192.0
1.2.643.5.1.13.13.12.2.77.8252.14030405080503070005090010011210,0.15869727730751038,3,112.0,192.0
1.2.643.5.1.13.13.12.2.77.8252.14030405080503070005090010011210,0.8886274695396423,3,64.0,48.0
1.2.643.5.1.13.13.12.2.77.8252.14030405080503070005090010011210,0.8247284889221191,3,176.0,48.0
1.2.643.5.1.13.13.12.2.77.8252.14030405080503070005090010011210,0.7707139849662781,3,128.0,80.0
1.2.643.5.1.13.13.12.2.77.8252.14030405080503070005090010011210,0.1527828425168991,3,240.0,80.0
1.2.643.5.1.13.13.12.2.77.8252.07101010011513020401030213080905,0.9997544884681702,3,57.0,11.0
1.2.643.5.1.13.13.12.2.77.8252.07101010011513020401030213080905,0.9803997278213501,3,48.0,48.0
1.2.643.5.1.13.13.12.2.77.8252.07101010011513020401030213080905,0.9917329549789429,3,64.0,48.0
1.2.643.5.1.13.13.12.2.77.8252.07101010011513020401030213080905,0.9937971830368042,3,80.0,48.0
1.2.643.5.1.13.13.12.2.77.8252.07101010011513020401030213080905,0.9872433543205261,3,96.0,48.0
1.2.643.5.1.13.13.12.2.77.8252.07101010011513020401030213080905,0.12635813653469086,3,252.0,112.0
1.2.643.5.1.13.13.12.2.77.8252.07101010011513020401030213080905,0.02613547071814537,3,192.0,267.0
1.2.643.5.1.13.13.12.2.77.8252.07101010011513020401030213080905,0.4538557231426239,3,112.0,112.0
1.2.643.5.1.13.13.12.2.77.8252.07101010011513020401030213080905,0.09714929014444351,3,80.0,240.0
1.2.643.5.1.13.13.12.2.77.8252.07101010011513020401030213080905,0.11915349215269089,3,96.0,176.0
1.2.643.5.1.13.13.12.2.77.8252.07101010011513020401030213080905,0.13630424439907074,3,144.0,128.0
1.2.643.5.1.13.13.12.2.77.8252.07101010011513020401030213080905,0.06012327969074249,3,112.0,267.0
1.2.643.5.1.13.13.12.2.77.8252.07101010011513020401030213080905,0.056958381086587906,3,64.0,224.0
1.2.643.5.1.13.13.12.2.77.8252.07101010011513020401030213080905,0.10486261546611786,3,240.0,224.0
1.2.643.5.1.13.13.12.2.77.8252.07101010011513020401030213080905,0.052302222698926926,3,144.0,208.0
1.2.643.5.1.13.13.12.2.77.8252.07101010011513020401030213080905,0.12096552550792694,3,240.0,160.0
1.2.643.5.1.13.13.12.2.77.8252.07101010011513020401030213080905,0.024887604638934135,3,128.0,208.0
1.2.643.5.1.13.13.12.2.77.8252.07101010011513020401030213080905,0.019986210390925407,3,144.0,192.0
1.2.643.5.1.13.13.12.2.77.8252.07101010011513020401030213080905,0.3306472897529602,3,96.0,144.0
1.2.643.5.1.13.13.12.2.77.8252.07101010011513020401030213080905,0.05285343900322914,3,64.0,192.0
1.2.643.5.1.13.13.12.2.77.8252.07101010011513020401030213080905,0.10268725454807281,3,64.0,160.0
1.2.643.5.1.13.13.12.2.77.8252.07101010011513020401030213080905,0.044849514961242676,3,252.0,208.0
1.2.643.5.1.13.13.12.2.77.8252.07101010011513020401030213080905,0.22859200835227966,3,208.0,128.0
1.2.643.5.1.13.13.12.2.77.8252.07101010011513020401030213080905,0.08896926045417786,3,192.0,208.0
1.2.643.5.1.13.13.12.2.77.8252.07101010011513020401030213080905,0.023587889969348907,3,128.0,176.0
1.2.643.5.1.13.13.12.2.77.8252.07101010011513020401030213080905,0.0919981449842453,3,240.0,240.0
1.2.643.5.1.13.13.12.2.77.8252.07101010011513020401030213080905,0.07132866978645325,3,208.0,256.0
1.2.643.5.1.13.13.12.2.77.8252.07101010011513020401030213080905,0.18639495968818665,3,144.0,160.0
1.2.643.5.1.13.13.12.2.77.8252.07101010011513020401030213080905,0.10303463041782379,3,240.0,192.0
1.2.643.5.1.13.13.12.2.77.8252.07101010011513020401030213080905,0.0856892317533493,3,48.0,160.0
1.2.643.5.1.13.13.12.2.77.8252.07101010011513020401030213080905,0.021008934825658798,3,112.0,224.0
1.2.643.5.1.13.13.12.2.77.8252.07101010011513020401030213080905,0.019251717254519463,3,128.0,224.0
1.2.643.5.1.13.13.12.2.77.8252.07101010011513020401030213080905,0.01709848642349243,3,112.0,192.0
1.2.643.5.1.13.13.12.2.77.8252.07101010011513020401030213080905,0.1881251335144043,3,112.0,128.0
1.2.643.5.1.13.13.12.2.77.8252.07101010011513020401030213080905,0.2444470077753067,3,240.0,96.0
1.2.643.5.1.13.13.12.2.77.8252.07101010011513020401030213080905,0.7498049139976501,3,96.0,112.0
1.2.643.5.1.13.13.12.2.77.8252.07101010011513020401030213080905,0.3884294331073761,3,144.0,96.0
1.2.643.5.1.13.13.12.2.77.8252.07101010011513020401030213080905,0.4747025966644287,3,176.0,64.0
1.2.643.5.1.13.13.12.2.77.8252.07101010011513020401030213080905,0.08115839213132858,3,192.0,224.0
1.2.643.5.1.13.13.12.2.77.8252.07101010011513020401030213080905,0.2509406805038452,3,192.0,96.0
1.2.643.5.1.13.13.12.2.77.8252.07101010011513020401030213080905,0.6419134736061096,3,64.0,112.0
1.2.643.5.1.13.13.12.2.77.8252.07101010011513020401030213080905,0.22865237295627594,3,176.0,80.0
1.2.643.5.1.13.13.12.2.77.8252.07101010011513020401030213080905,0.1928713172674179,3,80.0,176.0
1.2.643.5.1.13.13.12.2.77.8252.07101010011513020401030213080905,0.0534900538623333,3,48.0,192.0
1.2.643.5.1.13.13.12.2.77.8252.07101010011513020401030213080905,0.07468114048242569,3,252.0,256.0
1.2.643.5.1.13.13.12.2.77.8252.06141210040207130507130606070312,0.05246856063604355,3,96.0,208.0
1.2.643.5.1.13.13.12.2.77.8252.06141210040207130507130606070312,0.05168565362691879,3,252.0,160.0
1.2.643.5.1.13.13.12.2.77.8252.06141210040207130507130606070312,0.009688439778983593,3,192.0,96.0
1.2.643.5.1.13.13.12.2.77.8252.06141210040207130507130606070312,0.05867283418774605,3,96.0,128.0
1.2.643.5.1.13.13.12.2.77.8252.06141210040207130507130606070312,0.07902409136295319,3,48.0,112.0
1.2.643.5.1.13.13.12.2.77.8252.06141210040207130507130606070312,0.04534700885415077,3,96.0,112.0
1.2.643.5.1.13.13.12.2.77.8252.06141210040207130507130606070312,0.07916906476020813,3,80.0,112.0
1.2.643.5.1.13.13.12.2.77.8252.06141210040207130507130606070312,0.057799678295850754,3,48.0,192.0
1.2.643.5.1.13.13.12.2.77.8252.06141210040207130507130606070312,0.0018198495963588357,3,176.0,144.0
1.2.643.5.1.13.13.12.2.77.8252.06141210040207130507130606070312,0.05892132222652435,3,252.0,96.0
1.2.643.5.1.13.13.12.2.77.8252.06141210040207130507130606070312,0.22104518115520477,3,96.0,48.0
1.2.643.5.1.13.13.12.2.77.8252.06141210040207130507130606070312,0.015342172235250473,3,208.0,215.0
1.2.643.5.1.13.13.12.2.77.8252.06141210040207130507130606070312,0.0031676467042416334,3,176.0,112.0
1.2.643.5.1.13.13.12.2.77.8252.06141210040207130507130606070312,0.01756727695465088,3,112.0,96.0
1.2.643.5.1.13.13.12.2.77.8252.06141210040207130507130606070312,0.056716371327638626,3,64.0,144.0
1.2.643.5.1.13.13.12.2.77.8252.06141210040207130507130606070312,0.006778152659535408,3,128.0,208.0
1.2.643.5.1.13.13.12.2.77.8252.06141210040207130507130606070312,0.0037717653904110193,3,160.0,192.0
1.2.643.5.1.13.13.12.2.77.8252.06141210040207130507130606070312,0.015163983218371868,3,160.0,64.0
1.2.643.5.1.13.13.12.2.77.8252.06141210040207130507130606070312,0.003265432780608535,3,160.0,208.0
1.2.643.5.1.13.13.12.2.77.8252.06141210040207130507130606070312,0.018302960321307182,3,208.0,96.0
1.2.643.5.1.13.13.12.2.77.8252.06141210040207130507130606070312,0.054296303540468216,3,208.0,48.0
1.2.643.5.1.13.13.12.2.77.8252.06141210040207130507130606070312,0.008293072693049908,3,192.0,128.0
1.2.643.5.1.13.13.12.2.77.8252.06141210040207130507130606070312,0.010674020275473595,3,112.0,112.0
1.2.643.5.1.13.13.12.2.77.8252.06141210040207130507130606070312,0.059655312448740005,3,80.0,160.0
1.2.643.5.1.13.13.12.2.77.8252.06141210040207130507130606070312,0.1826220005750656,3,96.0,80.0
1.2.643.5.1.13.13.12.2.77.8252.06141210040207130507130606070312,0.055900514125823975,3,240.0,96.0
1.2.643.5.1.13.13.12.2.77.8252.06141210040207130507130606070312,0.0011183465830981731,3,144.0,112.0
1.2.643.5.1.13.13.12.2.77.8252.06141210040207130507130606070312,0.0008926636073738337,3,144.0,144.0
1.2.643.5.1.13.13.12.2.77.8252.06141210040207130507130606070312,0.04278156906366348,3,96.0,144.0
1.2.643.5.1.13.13.12.2.77.8252.06141210040207130507130606070312,0.0027287923730909824,3,128.0,144.0
1.2.643.5.1.13.13.12.2.77.8252.06141210040207130507130606070312,0.05778620019555092,3,48.0,160.0
1.2.643.5.1.13.13.12.2.77.8252.06141210040207130507130606070312,0.11642870306968689,3,48.0,80.0
1.2.643.5.1.13.13.12.2.77.8252.06141210040207130507130606070312,0.008558160625398159,3,192.0,192.0
1.2.643.5.1.13.13.12.2.77.8252.06141210040207130507130606070312,0.16957983374595642,3,64.0,48.0
1.2.643.5.1.13.13.12.2.77.8252.06141210040207130507130606070312,0.0035495245829224586,3,128.0,112.0
1.2.643.5.1.13.13.12.2.77.8252.06141210040207130507130606070312,0.1450447142124176,3,48.0,48.0
1.2.643.5.1.13.13.12.2.77.8252.06141210040207130507130606070312,0.07880701124668121,3,252.0,64.0
1.2.643.5.1.13.13.12.2.77.8252.06141210040207130507130606070312,0.08246177434921265,3,240.0,64.0
1.2.643.5.1.13.13.12.2.77.8252.06141210040207130507130606070312,0.058646202087402344,3,48.0,215.0
1.2.643.5.1.13.13.12.2.77.8252.06141210040207130507130606070312,0.007988274097442627,3,128.0,192.0
1.2.643.5.1.13.13.12.2.77.8252.04151306060901060605121400081206,0.8214603066444397,3,58.0,244.5
1.2.643.5.1.13.13.12.2.77.8252.04151306060901060605121400081206,0.5941116213798523,3,255.5,250.0
1.2.643.5.1.13.13.12.2.77.8252.04151306060901060605121400081206,0.8344109654426575,3,150.0,52.0
1.2.643.5.1.13.13.12.2.77.8252.04151306060901060605121400081206,0.03931106626987457,3,192.0,128.0
1.2.643.5.1.13.13.12.2.77.8252.04151306060901060605121400081206,0.030622946098446846,3,192.0,192.0
1.2.643.5.1.13.13.12.2.77.8252.04151306060901060605121400081206,0.5893006920814514,3,80.0,243.0
1.2.643.5.1.13.13.12.2.77.8252.04151306060901060605121400081206,0.025483982637524605,3,144.0,176.0
1.2.643.5.1.13.13.12.2.77.8252.04151306060901060605121400081206,0.028250908479094505,3,176.0,144.0
1.2.643.5.1.13.13.12.2.77.8252.04151306060901060605121400081206,0.42230644822120667,3,192.0,64.0
1.2.643.5.1.13.13.12.2.77.8252.04151306060901060605121400081206,0.049675628542900085,3,64.0,128.0
1.2.643.5.1.13.13.12.2.77.8252.04151306060901060605121400081206,0.03816482052206993,3,128.0,176.0
1.2.643.5.1.13.13.12.2.77.8252.04151306060901060605121400081206,0.48957401514053345,3,240.0,240.0
1.2.643.5.1.13.13.12.2.77.8252.04151306060901060605121400081206,0.23234209418296814,3,48.0,48.0
1.2.643.5.1.13.13.12.2.77.8252.04151306060901060605121400081206,0.049548663198947906,3,176.0,240.0
1.2.643.5.1.13.13.12.2.77.8252.04151306060901060605121400081206,0.16317297518253326,3,224.0,224.0
1.2.643.5.1.13.13.12.2.77.8252.04151306060901060605121400081206,0.04776043817400932,3,64.0,112.0
1.2.643.5.1.13.13.12.2.77.8252.04151306060901060605121400081206,0.05161048844456673,3,252.0,144.0
1.2.643.5.1.13.13.12.2.77.8252.04151306060901060605121400081206,0.2454809993505478,3,112.0,80.0
1.2.643.5.1.13.13.12.2.77.8252.04151306060901060605121400081206,0.06087956577539444,3,128.0,224.0
1.2.643.5.1.13.13.12.2.77.8252.04151306060901060605121400081206,0.12278205901384354,3,224.0,112.0
1.2.643.5.1.13.13.12.2.77.8252.04151306060901060605121400081206,0.05740564689040184,3,252.0,64.0
1.2.643.5.1.13.13.12.2.77.8252.04151306060901060605121400081206,0.020931603386998177,3,160.0,144.0
1.2.643.5.1.13.13.12.2.77.8252.04151306060901060605121400081206,0.04304349794983864,3,208.0,128.0
1.2.643.5.1.13.13.12.2.77.8252.04151306060901060605121400081206,0.09353791922330856,3,208.0,112.0
1.2.643.5.1.13.13.12.2.77.8252.04151306060901060605121400081206,0.07549672573804855,3,48.0,80.0
1.2.643.5.1.13.13.12.2.77.8252.04151306060901060605121400081206,0.10989927500486374,3,160.0,96.0
1.2.643.5.1.13.13.12.2.77.8252.04151306060901060605121400081206,0.13791389763355255,3,240.0,192.0
1.2.643.5.1.13.13.12.2.77.8252.04151306060901060605121400081206,0.2190493792295456,3,240.0,208.0
1.2.643.5.1.13.13.12.2.77.8252.04151306060901060605121400081206,0.0802617222070694,3,224.0,144.0
1.2.643.5.1.13.13.12.2.77.8252.04151306060901060605121400081206,0.36238956451416016,3,96.0,64.0
1.2.643.5.1.13.13.12.2.77.8252.04151306060901060605121400081206,0.27149221301078796,3,144.0,80.0
1.2.643.5.1.13.13.12.2.77.8252.04151306060901060605121400081206,0.07904016226530075,3,224.0,208.0
1.2.643.5.1.13.13.12.2.77.8252.04151306060901060605121400081206,0.06359456479549408,3,80.0,144.0
1.2.643.5.1.13.13.12.2.77.8252.04151306060901060605121400081206,0.10655827820301056,3,240.0,96.0
1.2.643.5.1.13.13.12.2.77.8252.04151306060901060605121400081206,0.8138598203659058,3,144.0,48.0
1.2.643.5.1.13.13.12.2.77.8252.04151306060901060605121400081206,0.016249364241957664,3,144.0,144.0
1.2.643.5.1.13.13.12.2.77.8252.04151306060901060605121400081206,0.258849173784256,3,208.0,64.0
1.2.643.5.1.13.13.12.2.77.8252.04151306060901060605121400081206,0.13124404847621918,3,208.0,224.0
1.2.643.5.1.13.13.12.2.77.8252.04151306060901060605121400081206,0.05159058794379234,3,64.0,144.0
1.2.643.5.1.13.13.12.2.77.8252.04151306060901060605121400081206,0.09762315452098846,3,240.0,80.0
1.2.643.5.1.13.13.12.2.77.8252.04151306060901060605121400081206,0.022977476939558983,3,160.0,224.0
1.2.643.5.1.13.13.12.2.77.8252.04151306060901060605121400081206,0.07306641340255737,3,96.0,144.0
1.2.643.5.1.13.13.12.2.77.8252.04151306060901060605121400081206,0.13220763206481934,3,240.0,48.0
1.2.643.5.1.13.13.12.2.77.8252.15011410150513090204040606151204,0.9036543369293213,3,230.0,59.0
1.2.643.5.1.13.13.12.2.77.8252.15011410150513090204040606151204,0.6335223317146301,3,253.0,20.5
1.2.643.5.1.13.13.12.2.77.8252.15011410150513090204040606151204,0.9431318640708923,3,70.0,58.5
1.2.643.5.1.13.13.12.2.77.8252.15011410150513090204040606151204,0.8720275163650513,3,46.0,22.5
1.2.643.5.1.13.13.12.2.77.8252.15011410150513090204040606151204,0.926788866519928,3,224.0,64.0
1.2.643.5.1.13.13.12.2.77.8252.15011410150513090204040606151204,0.9022817611694336,3,62.5,113.0
1.2.643.5.1.13.13.12.2.77.8252.15011410150513090204040606151204,0.06680764257907867,3,252.0,176.0
1.2.643.5.1.13.13.12.2.77.8252.15011410150513090204040606151204,0.08677175641059875,3,48.0,224.0
1.2.643.5.1.13.13.12.2.77.8252.15011410150513090204040606151204,0.6604409217834473,3,48.0,128.0
1.2.643.5.1.13.13.12.2.77.8252.15011410150513090204040606151204,0.5328286290168762,3,112.0,80.0
1.2.643.5.1.13.13.12.2.77.8252.15011410150513090204040606151204,0.9264042377471924,3,64.0,112.0
1.2.643.5.1.13.13.12.2.77.8252.15011410150513090204040606151204,0.1963142454624176,3,48.0,176.0
1.2.643.5.1.13.13.12.2.77.8252.15011410150513090204040606151204,0.13792650401592255,3,80.0,224.0
1.2.643.5.1.13.13.12.2.77.8252.15011410150513090204040606151204,0.0833619236946106,3,240.0,192.0
1.2.643.5.1.13.13.12.2.77.8252.15011410150513090204040606151204,0.1174904853105545,3,112.0,176.0
1.2.643.5.1.13.13.12.2.77.8252.15011410150513090204040606151204,0.5787057280540466,3,112.0,96.0
1.2.643.5.1.13.13.12.2.77.8252.15011410150513090204040606151204,0.7970573902130127,3,64.0,144.0
1.2.643.5.1.13.13.12.2.77.8252.15011410150513090204040606151204,0.2850627899169922,3,192.0,128.0
1.2.643.5.1.13.13.12.2.77.8252.15011410150513090204040606151204,0.11247604340314865,3,208.0,176.0
1.2.643.5.1.13.13.12.2.77.8252.15011410150513090204040606151204,0.17004680633544922,3,224.0,241.0
1.2.643.5.1.13.13.12.2.77.8252.15011410150513090204040606151204,0.3475666344165802,3,48.0,160.0
1.2.643.5.1.13.13.12.2.77.8252.15011410150513090204040606151204,0.8402230739593506,3,80.0,112.0
1.2.643.5.1.13.13.12.2.77.8252.15011410150513090204040606151204,0.02140430174767971,3,160.0,176.0
1.2.643.5.1.13.13.12.2.77.8252.15011410150513090204040606151204,0.02164348028600216,3,128.0,240.0
1.2.643.5.1.13.13.12.2.77.8252.15011410150513090204040606151204,0.07901851087808609,3,240.0,176.0
1.2.643.5.1.13.13.12.2.77.8252.15011410150513090204040606151204,0.7678899765014648,3,48.0,112.0
1.2.643.5.1.13.13.12.2.77.8252.15011410150513090204040606151204,0.45417237281799316,3,112.0,112.0
1.2.643.5.1.13.13.12.2.77.8252.15011410150513090204040606151204,0.20058968663215637,3,224.0,176.0
1.2.643.5.1.13.13.12.2.77.8252.15011410150513090204040606151204,0.7138833403587341,3,80.0,128.0
1.2.643.5.1.13.13.12.2.77.8252.15011410150513090204040606151204,0.7331032156944275,3,208.0,80.0
1.2.643.5.1.13.13.12.2.77.8252.15011410150513090204040606151204,0.26881933212280273,3,176.0,64.0
1.2.643.5.1.13.13.12.2.77.8252.15011410150513090204040606151204,0.09471118450164795,3,80.0,241.0
1.2.643.5.1.13.13.12.2.77.8252.15011410150513090204040606151204,0.04016103968024254,3,144.0,176.0
1.2.643.5.1.13.13.12.2.77.8252.15011410150513090204040606151204,0.048345159739255905,3,192.0,240.0
1.2.643.5.1.13.13.12.2.77.8252.15011410150513090204040606151204,0.10282441228628159,3,176.0,144.0
1.2.643.5.1.13.13.12.2.77.8252.15011410150513090204040606151204,0.2541539669036865,3,224.0,208.0
1.2.643.5.1.13.13.12.2.77.8252.15011410150513090204040606151204,0.07592266798019409,3,160.0,112.0
1.2.643.5.1.13.13.12.2.77.8252.15011410150513090204040606151204,0.45028021931648254,3,192.0,112.0
1.2.643.5.1.13.13.12.2.77.8252.15011410150513090204040606151204,0.1839548498392105,3,252.0,128.0
1.2.643.5.1.13.13.12.2.77.8252.15011410150513090204040606151204,0.07365064322948456,3,96.0,240.0
1.2.643.5.1.13.13.12.2.77.8252.15011410150513090204040606151204,0.7139704823493958,3,208.0,64.0
1.2.643.5.1.13.13.12.2.77.8252.15011410150513090204040606151204,0.8567997217178345,3,80.0,64.0
1.2.643.5.1.13.13.12.2.77.8252.15011410150513090204040606151204,0.02768593840301037,3,128.0,241.0
1.2.643.5.1.13.13.12.2.77.8252.15011410150513090204040606151204,0.7376001477241516,3,96.0,48.0
1.2.643.5.1.13.13.12.2.77.8252.15011410150513090204040606151204,0.07435157150030136,3,112.0,241.0
1.2.643.5.1.13.13.12.2.77.8252.15011410150513090204040606151204,0.09304123371839523,3,128.0,208.0
1.2.643.5.1.13.13.12.2.77.8252.07040802010906150312000007110303,0.8909525871276855,3,38.0,39.5
1.2.643.5.1.13.13.12.2.77.8252.07040802010906150312000007110303,0.8745855093002319,3,112.0,55.5
1.2.643.5.1.13.13.12.2.77.8252.07040802010906150312000007110303,0.8802347183227539,3,57.5,253.0
1.2.643.5.1.13.13.12.2.77.8252.07040802010906150312000007110303,0.8321650624275208,3,139.0,118.0
1.2.643.5.1.13.13.12.2.77.8252.07040802010906150312000007110303,0.6724136471748352,3,128.0,128.0
1.2.643.5.1.13.13.12.2.77.8252.07040802010906150312000007110303,0.12740105390548706,3,176.0,192.0
1.2.643.5.1.13.13.12.2.77.8252.07040802010906150312000007110303,0.23562510311603546,3,208.0,96.0
1.2.643.5.1.13.13.12.2.77.8252.07040802010906150312000007110303,0.30582159757614136,3,208.0,112.0
1.2.643.5.1.13.13.12.2.77.8252.07040802010906150312000007110303,0.23786430060863495,3,224.0,192.0
1.2.643.5.1.13.13.12.2.77.8252.07040802010906150312000007110303,0.8784365653991699,3,112.0,48.0
1.2.643.5.1.13.13.12.2.77.8252.07040802010906150312000007110303,0.920421838760376,3,96.0,64.0
1.2.643.5.1.13.13.12.2.77.8252.07040802010906150312000007110303,0.04057888314127922,3,240.0,64.0
1.2.643.5.1.13.13.12.2.77.8252.07040802010906150312000007110303,0.1256476789712906,3,144.0,176.0
1.2.643.5.1.13.13.12.2.77.8252.07040802010906150312000007110303,0.3426262438297272,3,176.0,128.0
1.2.643.5.1.13.13.12.2.77.8252.07040802010906150312000007110303,0.05372149869799614,3,252.0,112.0
1.2.643.5.1.13.13.12.2.77.8252.07040802010906150312000007110303,0.7516798377037048,3,144.0,80.0
1.2.643.5.1.13.13.12.2.77.8252.07040802010906150312000007110303,0.0757586881518364,3,176.0,224.0
1.2.643.5.1.13.13.12.2.77.8252.07040802010906150312000007110303,0.30829259753227234,3,64.0,112.0
1.2.643.5.1.13.13.12.2.77.8252.07040802010906150312000007110303,0.343328595161438,3,240.0,240.0
1.2.643.5.1.13.13.12.2.77.8252.07040802010906150312000007110303,0.5334047079086304,3,176.0,80.0
1.2.643.5.1.13.13.12.2.77.8252.07040802010906150312000007110303,0.7935197353363037,3,128.0,80.0
1.2.643.5.1.13.13.12.2.77.8252.07040802010906150312000007110303,0.376351535320282,3,192.0,128.0
1.2.643.5.1.13.13.12.2.77.8252.07040802010906150312000007110303,0.8388451337814331,3,64.0,64.0
1.2.643.5.1.13.13.12.2.77.8252.07040802010906150312000007110303,0.4483407437801361,3,112.0,128.0
1.2.643.5.1.13.13.12.2.77.8252.07040802010906150312000007110303,0.47972530126571655,3,48.0,224.0
1.2.643.5.1.13.13.12.2.77.8252.07040802010906150312000007110303,0.33138883113861084,3,208.0,48.0
1.2.643.5.1.13.13.12.2.77.8252.07040802010906150312000007110303,0.618842363357544,3,128.0,96.0
1.2.643.5.1.13.13.12.2.77.8252.07040802010906150312000007110303,0.8689876198768616,3,128.0,64.0
1.2.643.5.1.13.13.12.2.77.8252.07040802010906150312000007110303,0.06915091723203659,3,224.0,64.0
1.2.643.5.1.13.13.12.2.77.8252.07040802010906150312000007110303,0.8583350777626038,3,48.0,64.0
1.2.643.5.1.13.13.12.2.77.8252.07040802010906150312000007110303,0.4055783152580261,3,208.0,176.0
1.2.643.5.1.13.13.12.2.77.8252.07040802010906150312000007110303,0.21159863471984863,3,64.0,208.0
1.2.643.5.1.13.13.12.2.77.8252.07040802010906150312000007110303,0.3897491991519928,3,192.0,80.0
1.2.643.5.1.13.13.12.2.77.8252.07040802010906150312000007110303,0.19458986818790436,3,224.0,144.0
1.2.643.5.1.13.13.12.2.77.8252.07040802010906150312000007110303,0.061720654368400574,3,144.0,192.0
1.2.643.5.1.13.13.12.2.77.8252.07040802010906150312000007110303,0.7406454086303711,3,112.0,80.0
1.2.643.5.1.13.13.12.2.77.8252.07040802010906150312000007110303,0.7384193539619446,3,48.0,241.0
1.2.643.5.1.13.13.12.2.77.8252.07040802010906150312000007110303,0.5725171566009521,3,160.0,128.0
1.2.643.5.1.13.13.12.2.77.8252.07040802010906150312000007110303,0.08593548089265823,3,112.0,160.0
1.2.643.5.1.13.13.12.2.77.8252.07040802010906150312000007110303,0.01696360483765602,3,112.0,224.0
1.2.643.5.1.13.13.12.2.77.8252.07040802010906150312000007110303,0.7118290662765503,3,128.0,112.0
1.2.643.5.1.13.13.12.2.77.8252.07040802010906150312000007110303,0.4507559537887573,3,192.0,48.0
1.2.643.5.1.13.13.12.2.77.8252.07040802010906150312000007110303,0.32754379510879517,3,208.0,128.0
1.2.643.5.1.13.13.12.2.77.8252.07040802010906150312000007110303,0.20656156539916992,3,80.0,160.0
1.2.643.5.1.13.13.12.2.77.8252.15001111061311011106030303001309,0.9312824606895447,3,227.0,57.5
1.2.643.5.1.13.13.12.2.77.8252.15001111061311011106030303001309,0.9427265524864197,3,60.5,77.0
1.2.643.5.1.13.13.12.2.77.8252.15001111061311011106030303001309,0.9986103773117065,3,35.0,24.5
1.2.643.5.1.13.13.12.2.77.8252.15001111061311011106030303001309,0.7243451476097107,3,123.5,80.0
1.2.643.5.1.13.13.12.2.77.8252.15001111061311011106030303001309,0.14415700733661652,3,128.0,160.0
1.2.643.5.1.13.13.12.2.77.8252.15001111061311011106030303001309,0.7196613550186157,3,144.0,64.0
1.2.643.5.1.13.13.12.2.77.8252.15001111061311011106030303001309,0.25531789660453796,3,224.0,208.0
1.2.643.5.1.13.13.12.2.77.8252.15001111061311011106030303001309,0.1968531310558319,3,208.0,192.0
1.2.643.5.1.13.13.12.2.77.8252.15001111061311011106030303001309,0.7469589710235596,3,112.0,112.0
1.2.643.5.1.13.13.12.2.77.8252.15001111061311011106030303001309,0.09465347230434418,3,96.0,192.0
1.2.643.5.1.13.13.12.2.77.8252.15001111061311011106030303001309,0.7846236824989319,3,160.0,144.0
1.2.643.5.1.13.13.12.2.77.8252.15001111061311011106030303001309,0.7341510653495789,3,240.0,144.0
1.2.643.5.1.13.13.12.2.77.8252.15001111061311011106030303001309,0.9162963628768921,3,192.0,64.0
1.2.643.5.1.13.13.12.2.77.8252.15001111061311011106030303001309,0.9029247760772705,3,192.0,80.0
1.2.643.5.1.13.13.12.2.77.8252.15001111061311011106030303001309,0.7175673246383667,3,224.0,176.0
1.2.643.5.1.13.13.12.2.77.8252.15001111061311011106030303001309,0.7597089409828186,3,160.0,80.0
1.2.643.5.1.13.13.12.2.77.8252.15001111061311011106030303001309,0.07552212476730347,3,128.0,208.0
1.2.643.5.1.13.13.12.2.77.8252.15001111061311011106030303001309,0.6560378074645996,3,128.0,112.0
1.2.643.5.1.13.13.12.2.77.8252.15001111061311011106030303001309,0.1228356808423996,3,192.0,192.0
1.2.643.5.1.13.13.12.2.77.8252.15001111061311011106030303001309,0.9434818029403687,3,64.0,112.0
1.2.643.5.1.13.13.12.2.77.8252.15001111061311011106030303001309,0.791706919670105,3,240.0,96.0
1.2.643.5.1.13.13.12.2.77.8252.15001111061311011106030303001309,0.0809939056634903,3,128.0,243.0
1.2.643.5.1.13.13.12.2.77.8252.15001111061311011106030303001309,0.09357570856809616,3,48.0,176.0
1.2.643.5.1.13.13.12.2.77.8252.15001111061311011106030303001309,0.8770233988761902,3,208.0,80.0
1.2.643.5.1.13.13.12.2.77.8252.15001111061311011106030303001309,0.09449300169944763,3,208.0,224.0
1.2.643.5.1.13.13.12.2.77.8252.15001111061311011106030303001309,0.36863383650779724,3,160.0,160.0
1.2.643.5.1.13.13.12.2.77.8252.15001111061311011106030303001309,0.22505663335323334,3,112.0,160.0
1.2.643.5.1.13.13.12.2.77.8252.15001111061311011106030303001309,0.784561038017273,3,252.0,128.0
1.2.643.5.1.13.13.12.2.77.8252.15001111061311011106030303001309,0.8188398480415344,3,96.0,112.0
1.2.643.5.1.13.13.12.2.77.8252.15001111061311011106030303001309,0.8361547589302063,3,160.0,128.0
1.2.643.5.1.13.13.12.2.77.8252.15001111061311011106030303001309,0.8986749649047852,3,240.0,128.0
1.2.643.5.1.13.13.12.2.77.8252.15001111061311011106030303001309,0.8515926003456116,3,176.0,96.0
1.2.643.5.1.13.13.12.2.77.8252.15001111061311011106030303001309,0.5148270130157471,3,160.0,48.0
1.2.643.5.1.13.13.12.2.77.8252.15001111061311011106030303001309,0.9141194224357605,3,208.0,112.0
1.2.643.5.1.13.13.12.2.77.8252.15001111061311011106030303001309,0.2934021055698395,3,252.0,240.0
1.2.643.5.1.13.13.12.2.77.8252.15001111061311011106030303001309,0.08707248419523239,3,252.0,208.0
1.2.643.5.1.13.13.12.2.77.8252.15001111061311011106030303001309,0.4349170923233032,3,224.0,240.0
1.2.643.5.1.13.13.12.2.77.8252.15001111061311011106030303001309,0.8787681460380554,3,240.0,112.0
1.2.643.5.1.13.13.12.2.77.8252.15001111061311011106030303001309,0.967997670173645,3,64.0,80.0
1.2.643.5.1.13.13.12.2.77.8252.15001111061311011106030303001309,0.7028361558914185,3,252.0,80.0
1.2.643.5.1.13.13.12.2.77.8252.15001111061311011106030303001309,0.8443359732627869,3,112.0,64.0
1.2.643.5.1.13.13.12.2.77.8252.15001111061311011106030303001309,0.08093032240867615,3,160.0,192.0
1.2.643.5.1.13.13.12.2.77.8252.15001111061311011106030303001309,0.12110190838575363,3,176.0,240.0
1.2.643.5.1.13.13.12.2.77.8252.15001111061311011106030303001309,0.8809524178504944,3,176.0,128.0
1.2.643.5.1.13.13.12.2.77.8252.03050413050004110015050414021412,0.3615860342979431,3,148.0,52.5
1.2.643.5.1.13.13.12.2.77.8252.03050413050004110015050414021412,0.10126528143882751,3,232.0,65.5
1.2.643.5.1.13.13.12.2.77.8252.03050413050004110015050414021412,0.7068373560905457,3,55.0,53.0
1.2.643.5.1.13.13.12.2.77.8252.03050413050004110015050414021412,0.3414531946182251,3,48.0,64.0
1.2.643.5.1.13.13.12.2.77.8252.03050413050004110015050414021412,0.018885968253016472,3,160.0,128.0
1.2.643.5.1.13.13.12.2.77.8252.03050413050004110015050414021412,0.43876317143440247,3,240.0,241.0
1.2.643.5.1.13.13.12.2.77.8252.03050413050004110015050414021412,0.28626707196235657,3,224.0,144.0
1.2.643.5.1.13.13.12.2.77.8252.03050413050004110015050414021412,0.21025685966014862,3,128.0,80.0
1.2.643.5.1.13.13.12.2.77.8252.03050413050004110015050414021412,0.2700181305408478,3,80.0,128.0
1.2.643.5.1.13.13.12.2.77.8252.03050413050004110015050414021412,0.009037083946168423,3,128.0,176.0
1.2.643.5.1.13.13.12.2.77.8252.03050413050004110015050414021412,0.3079168498516083,3,144.0,80.0
1.2.643.5.1.13.13.12.2.77.8252.03050413050004110015050414021412,0.18127529323101044,3,224.0,176.0
1.2.643.5.1.13.13.12.2.77.8252.03050413050004110015050414021412,0.12664954364299774,3,192.0,64.0
1.2.643.5.1.13.13.12.2.77.8252.03050413050004110015050414021412,0.47696107625961304,3,144.0,48.0
1.2.643.5.1.13.13.12.2.77.8252.03050413050004110015050414021412,0.04424379765987396,3,176.0,241.0
1.2.643.5.1.13.13.12.2.77.8252.03050413050004110015050414021412,0.08095637708902359,3,240.0,64.0
1.2.643.5.1.13.13.12.2.77.8252.03050413050004110015050414021412,0.17462968826293945,3,208.0,240.0
1.2.643.5.1.13.13.12.2.77.8252.03050413050004110015050414021412,0.16921426355838776,3,112.0,80.0
1.2.643.5.1.13.13.12.2.77.8252.03050413050004110015050414021412,0.6254613995552063,3,80.0,80.0
1.2.643.5.1.13.13.12.2.77.8252.03050413050004110015050414021412,0.10976659506559372,3,208.0,112.0
1.2.643.5.1.13.13.12.2.77.8252.03050413050004110015050414021412,0.27909278869628906,3,64.0,144.0
1.2.643.5.1.13.13.12.2.77.8252.03050413050004110015050414021412,0.038661614060401917,3,192.0,192.0
1.2.643.5.1.13.13.12.2.77.8252.03050413050004110015050414021412,0.028350720182061195,3,112.0,240.0
1.2.643.5.1.13.13.12.2.77.8252.03050413050004110015050414021412,0.09588336199522018,3,252.0,48.0
1.2.643.5.1.13.13.12.2.77.8252.03050413050004110015050414021412,0.010053005069494247,3,160.0,192.0
1.2.643.5.1.13.13.12.2.77.8252.03050413050004110015050414021412,0.14086195826530457,3,64.0,224.0
1.2.643.5.1.13.13.12.2.77.8252.03050413050004110015050414021412,0.2529653310775757,3,64.0,160.0
1.2.643.5.1.13.13.12.2.77.8252.03050413050004110015050414021412,0.02499363385140896,3,144.0,241.0
1.2.643.5.1.13.13.12.2.77.8252.03050413050004110015050414021412,0.07751075178384781,3,252.0,176.0
1.2.643.5.1.13.13.12.2.77.8252.03050413050004110015050414021412,0.026792945340275764,3,128.0,241.0
1.2.643.5.1.13.13.12.2.77.8252.03050413050004110015050414021412,0.07616392523050308,3,48.0,192.0
1.2.643.5.1.13.13.12.2.77.8252.03050413050004110015050414021412,0.11792373657226562,3,48.0,112.0
1.2.643.5.1.13.13.12.2.77.8252.03050413050004110015050414021412,0.1524660289287567,3,64.0,241.0
1.2.643.5.1.13.13.12.2.77.8252.03050413050004110015050414021412,0.0063039883971214294,3,144.0,176.0
1.2.643.5.1.13.13.12.2.77.8252.03050413050004110015050414021412,0.008664538152515888,3,144.0,192.0
1.2.643.5.1.13.13.12.2.77.8252.03050413050004110015050414021412,0.08274716138839722,3,252.0,128.0
1.2.643.5.1.13.13.12.2.77.8252.03050413050004110015050414021412,0.08615245670080185,3,240.0,80.0
1.2.643.5.1.13.13.12.2.77.8252.03050413050004110015050414021412,0.0369989275932312,3,160.0,112.0
1.2.643.5.1.13.13.12.2.77.8252.03050413050004110015050414021412,0.16632941365242004,3,128.0,96.0
1.2.643.5.1.13.13.12.2.77.8252.03050413050004110015050414021412,0.20051336288452148,3,112.0,96.0
1.2.643.5.1.13.13.12.2.77.8252.03050413050004110015050414021412,0.11161524802446365,3,64.0,192.0
1.2.643.5.1.13.13.12.2.77.8252.03050413050004110015050414021412,0.04686028137803078,3,96.0,208.0
1.2.643.5.1.13.13.12.2.77.8252.03050413050004110015050414021412,0.19859369099140167,3,208.0,64.0
1.2.643.5.1.13.13.12.2.77.8252.14080500031007021314121106040303,0.339839369058609,3,230.5,127.0
1.2.643.5.1.13.13.12.2.77.8252.14080500031007021314121106040303,0.9016404747962952,3,43.0,54.0
1.2.643.5.1.13.13.12.2.77.8252.14080500031007021314121106040303,0.9256864786148071,3,38.5,41.0
1.2.643.5.1.13.13.12.2.77.8252.14080500031007021314121106040303,0.011307232081890106,3,112.0,192.0
1.2.643.5.1.13.13.12.2.77.8252.14080500031007021314121106040303,0.003098641987890005,3,144.0,176.0
1.2.643.5.1.13.13.12.2.77.8252.14080500031007021314121106040303,0.13072970509529114,3,208.0,128.0
1.2.643.5.1.13.13.12.2.77.8252.14080500031007021314121106040303,0.19054491817951202,3,48.0,269.0
1.2.643.5.1.13.13.12.2.77.8252.14080500031007021314121106040303,0.735647976398468,3,224.0,80.0
1.2.643.5.1.13.13.12.2.77.8252.14080500031007021314121106040303,0.11967521160840988,3,252.0,112.0
1.2.643.5.1.13.13.12.2.77.8252.14080500031007021314121106040303,0.012027256190776825,3,128.0,256.0
1.2.643.5.1.13.13.12.2.77.8252.14080500031007021314121106040303,0.005042233970016241,3,160.0,240.0
1.2.643.5.1.13.13.12.2.77.8252.14080500031007021314121106040303,0.33165639638900757,3,252.0,80.0
1.2.643.5.1.13.13.12.2.77.8252.14080500031007021314121106040303,0.12974262237548828,3,252.0,192.0
1.2.643.5.1.13.13.12.2.77.8252.14080500031007021314121106040303,0.1051003634929657,3,48.0,240.0
1.2.643.5.1.13.13.12.2.77.8252.14080500031007021314121106040303,0.1923801451921463,3,96.0,160.0
1.2.643.5.1.13.13.12.2.77.8252.14080500031007021314121106040303,0.041842035949230194,3,128.0,112.0
1.2.643.5.1.13.13.12.2.77.8252.14080500031007021314121106040303,0.036041319370269775,3,176.0,256.0
1.2.643.5.1.13.13.12.2.77.8252.14080500031007021314121106040303,0.2230459451675415,3,80.0,128.0
1.2.643.5.1.13.13.12.2.77.8252.14080500031007021314121106040303,0.531715989112854,3,240.0,64.0
1.2.643.5.1.13.13.12.2.77.8252.14080500031007021314121106040303,0.1654658019542694,3,128.0,64.0
1.2.643.5.1.13.13.12.2.77.8252.14080500031007021314121106040303,0.7385980486869812,3,64.0,80.0
1.2.643.5.1.13.13.12.2.77.8252.14080500031007021314121106040303,0.6146653294563293,3,64.0,128.0
1.2.643.5.1.13.13.12.2.77.8252.14080500031007021314121106040303,0.029422592371702194,3,192.0,144.0
1.2.643.5.1.13.13.12.2.77.8252.14080500031007021314121106040303,0.05101201683282852,3,192.0,256.0
1.2.643.5.1.13.13.12.2.77.8252.14080500031007021314121106040303,0.1910838931798935,3,96.0,144.0
1.2.643.5.1.13.13.12.2.77.8252.14080500031007021314121106040303,0.7328642010688782,3,192.0,64.0
1.2.643.5.1.13.13.12.2.77.8252.14080500031007021314121106040303,0.8207500576972961,3,224.0,48.0
1.2.643.5.1.13.13.12.2.77.8252.14080500031007021314121106040303,0.007777010090649128,3,160.0,144.0
1.2.643.5.1.13.13.12.2.77.8252.14080500031007021314121106040303,0.038940008729696274,3,192.0,224.0
1.2.643.5.1.13.13.12.2.77.8252.14080500031007021314121106040303,0.28640109300613403,3,240.0,96.0
1.2.643.5.1.13.13.12.2.77.8252.14080500031007021314121106040303,0.02288532815873623,3,144.0,269.0
1.2.643.5.1.13.13.12.2.77.8252.14080500031007021314121106040303,0.33183830976486206,3,48.0,128.0
1.2.643.5.1.13.13.12.2.77.8252.14080500031007021314121106040303,0.02496281825006008,3,192.0,192.0
1.2.643.5.1.13.13.12.2.77.8252.14080500031007021314121106040303,0.10382289439439774,3,176.0,269.0
1.2.643.5.1.13.13.12.2.77.8252.14080500031007021314121106040303,0.3838260769844055,3,112.0,48.0
1.2.643.5.1.13.13.12.2.77.8252.14080500031007021314121106040303,0.8081538677215576,3,64.0,96.0
1.2.643.5.1.13.13.12.2.77.8252.14080500031007021314121106040303,0.6250919699668884,3,96.0,48.0
1.2.643.5.1.13.13.12.2.77.8252.14080500031007021314121106040303,0.008213856257498264,3,144.0,240.0
1.2.643.5.1.13.13.12.2.77.8252.14080500031007021314121106040303,0.014179595746099949,3,192.0,240.0
1.2.643.5.1.13.13.12.2.77.8252.14080500031007021314121106040303,0.029242094606161118,3,96.0,269.0
1.2.643.5.1.13.13.12.2.77.8252.14080500031007021314121106040303,0.14060145616531372,3,252.0,176.0
1.2.643.5.1.13.13.12.2.77.8252.14080500031007021314121106040303,0.0020541432313621044,3,160.0,176.0
1.2.643.5.1.13.13.12.2.77.8252.14080500031007021314121106040303,0.12593990564346313,3,48.0,208.0
1.2.643.5.1.13.13.12.2.77.8252.07051313070907070603030815070904,0.8102754354476929,3,56.5,59.0
1.2.643.5.1.13.13.12.2.77.8252.07051313070907070603030815070904,0.8313198685646057,3,41.0,297.5
1.2.643.5.1.13.13.12.2.77.8252.07051313070907070603030815070904,0.9162358045578003,3,221.0,294.0
1.2.643.5.1.13.13.12.2.77.8252.07051313070907070603030815070904,0.5166250467300415,3,165.0,275.5
1.2.643.5.1.13.13.12.2.77.8252.07051313070907070603030815070904,0.6689852476119995,3,192.0,256.0
1.2.643.5.1.13.13.12.2.77.8252.07051313070907070603030815070904,0.030370527878403664,3,80.0,160.0
1.2.643.5.1.13.13.12.2.77.8252.07051313070907070603030815070904,0.0007433539140038192,3,144.0,208.0
1.2.643.5.1.13.13.12.2.77.8252.07051313070907070603030815070904,0.0533033087849617,3,252.0,192.0
1.2.643.5.1.13.13.12.2.77.8252.07051313070907070603030815070904,0.7612935304641724,3,208.0,256.0
1.2.643.5.1.13.13.12.2.77.8252.07051313070907070603030815070904,0.11509843915700912,3,64.0,176.0
1.2.643.5.1.13.13.12.2.77.8252.07051313070907070603030815070904,0.0019210388418287039,3,128.0,176.0
1.2.643.5.1.13.13.12.2.77.8252.07051313070907070603030815070904,0.03564351797103882,3,208.0,192.0
1.2.643.5.1.13.13.12.2.77.8252.07051313070907070603030815070904,0.037874288856983185,3,96.0,224.0
1.2.643.5.1.13.13.12.2.77.8252.07051313070907070603030815070904,0.22584062814712524,3,112.0,272.0
1.2.643.5.1.13.13.12.2.77.8252.07051313070907070603030815070904,0.5986056327819824,3,176.0,272.0
1.2.643.5.1.13.13.12.2.77.8252.07051313070907070603030815070904,0.0019962794613093138,3,112.0,144.0
1.2.643.5.1.13.13.12.2.77.8252.07051313070907070603030815070904,0.022066375240683556,3,176.0,64.0
1.2.643.5.1.13.13.12.2.77.8252.07051313070907070603030815070904,0.962252676486969,3,64.0,296.0
1.2.643.5.1.13.13.12.2.77.8252.07051313070907070603030815070904,0.04378574341535568,3,252.0,160.0
1.2.643.5.1.13.13.12.2.77.8252.07051313070907070603030815070904,0.00129783246666193,3,160.0,160.0
1.2.643.5.1.13.13.12.2.77.8252.07051313070907070603030815070904,0.008429601788520813,3,176.0,96.0
1.2.643.5.1.13.13.12.2.77.8252.07051313070907070603030815070904,0.08077382296323776,3,48.0,192.0
1.2.643.5.1.13.13.12.2.77.8252.07051313070907070603030815070904,0.01397919375449419,3,192.0,192.0
1.2.643.5.1.13.13.12.2.77.8252.07051313070907070603030815070904,0.8188217878341675,3,192.0,272.0
1.2.643.5.1.13.13.12.2.77.8252.07051313070907070603030815070904,0.0008700589532963932,3,128.0,160.0
1.2.643.5.1.13.13.12.2.77.8252.07051313070907070603030815070904,0.05273432284593582,3,252.0,80.0
1.2.643.5.1.13.13.12.2.77.8252.07051313070907070603030815070904,0.7116225361824036,3,80.0,288.0
1.2.643.5.1.13.13.12.2.77.8252.07051313070907070603030815070904,0.0025961389765143394,3,112.0,160.0
1.2.643.5.1.13.13.12.2.77.8252.07051313070907070603030815070904,0.0037577818147838116,3,128.0,80.0
1.2.643.5.1.13.13.12.2.77.8252.07051313070907070603030815070904,0.04983961582183838,3,252.0,176.0
1.2.643.5.1.13.13.12.2.77.8252.07051313070907070603030815070904,0.107723169028759,3,64.0,160.0
1.2.643.5.1.13.13.12.2.77.8252.07051313070907070603030815070904,0.05130154639482498,3,208.0,160.0
1.2.643.5.1.13.13.12.2.77.8252.07051313070907070603030815070904,0.5297020673751831,3,80.0,64.0
1.2.643.5.1.13.13.12.2.77.8252.07051313070907070603030815070904,0.8518975377082825,3,96.0,296.0
1.2.643.5.1.13.13.12.2.77.8252.07051313070907070603030815070904,0.7085281014442444,3,64.0,64.0
1.2.643.5.1.13.13.12.2.77.8252.07051313070907070603030815070904,0.0009137161541730165,3,160.0,208.0
1.2.643.5.1.13.13.12.2.77.8252.07051313070907070603030815070904,0.07001110911369324,3,208.0,144.0
1.2.643.5.1.13.13.12.2.77.8252.07051313070907070603030815070904,0.02092561312019825,3,112.0,128.0
1.2.643.5.1.13.13.12.2.77.8252.07051313070907070603030815070904,0.657752275466919,3,48.0,48.0
1.2.643.5.1.13.13.12.2.77.8252.07051313070907070603030815070904,0.07520478218793869,3,48.0,176.0
1.2.643.5.1.13.13.12.2.77.8252.07051313070907070603030815070904,0.9501439332962036,3,192.0,288.0
1.2.643.5.1.13.13.12.2.77.8252.07051313070907070603030815070904,0.13543112576007843,3,64.0,192.0
1.2.643.5.1.13.13.12.2.77.8252.07051313070907070603030815070904,0.17353525757789612,3,224.0,64.0
1.2.643.5.1.13.13.12.2.77.8252.07051313070907070603030815070904,0.04001239687204361,3,240.0,160.0
1.2.643.5.1.13.13.12.2.77.8252.05060902130204131205041207051405,0.5335349440574646,3,224.5,49.5
1.2.643.5.1.13.13.12.2.77.8252.05060902130204131205041207051405,0.7885769009590149,3,55.0,50.0
1.2.643.5.1.13.13.12.2.77.8252.05060902130204131205041207051405,0.45972955226898193,3,247.5,15.5
1.2.643.5.1.13.13.12.2.77.8252.05060902130204131205041207051405,0.18248482048511505,3,224.0,96.0
1.2.643.5.1.13.13.12.2.77.8252.05060902130204131205041207051405,0.09621621668338776,3,224.0,192.0
1.2.643.5.1.13.13.12.2.77.8252.05060902130204131205041207051405,0.4353652894496918,3,128.0,112.0
1.2.643.5.1.13.13.12.2.77.8252.05060902130204131205041207051405,0.12399928271770477,3,64.0,208.0
1.2.643.5.1.13.13.12.2.77.8252.05060902130204131205041207051405,0.7014800310134888,3,176.0,80.0
1.2.643.5.1.13.13.12.2.77.8252.05060902130204131205041207051405,0.05363696068525314,3,48.0,208.0
1.2.643.5.1.13.13.12.2.77.8252.05060902130204131205041207051405,0.150666281580925,3,192.0,128.0
1.2.643.5.1.13.13.12.2.77.8252.05060902130204131205041207051405,0.7672742009162903,3,160.0,64.0
1.2.643.5.1.13.13.12.2.77.8252.05060902130204131205041207051405,0.3606124818325043,3,160.0,112.0
1.2.643.5.1.13.13.12.2.77.8252.05060902130204131205041207051405,0.1826484203338623,3,208.0,176.0
1.2.643.5.1.13.13.12.2.77.8252.05060902130204131205041207051405,0.26402583718299866,3,160.0,176.0
1.2.643.5.1.13.13.12.2.77.8252.05060902130204131205041207051405,0.09567442536354065,3,144.0,224.0
1.2.643.5.1.13.13.12.2.77.8252.05060902130204131205041207051405,0.129401296377182,3,192.0,160.0
1.2.643.5.1.13.13.12.2.77.8252.05060902130204131205041207051405,0.712855875492096,3,80.0,96.0
1.2.643.5.1.13.13.12.2.77.8252.05060902130204131205041207051405,0.08099204301834106,3,176.0,224.0
1.2.643.5.1.13.13.12.2.77.8252.05060902130204131205041207051405,0.18981559574604034,3,160.0,160.0
1.2.643.5.1.13.13.12.2.77.8252.05060902130204131205041207051405,0.1260683536529541,3,48.0,128.0
1.2.643.5.1.13.13.12.2.77.8252.05060902130204131205041207051405,0.19548602402210236,3,64.0,144.0
1.2.643.5.1.13.13.12.2.77.8252.05060902130204131205041207051405,0.8548542857170105,3,64.0,64.0
1.2.643.5.1.13.13.12.2.77.8252.05060902130204131205041207051405,0.5806465148925781,3,176.0,96.0
1.2.643.5.1.13.13.12.2.77.8252.05060902130204131205041207051405,0.17471909523010254,3,208.0,208.0
1.2.643.5.1.13.13.12.2.77.8252.05060902130204131205041207051405,0.18774443864822388,3,96.0,192.0
1.2.643.5.1.13.13.12.2.77.8252.05060902130204131205041207051405,0.09868743270635605,3,192.0,224.0
1.2.643.5.1.13.13.12.2.77.8252.05060902130204131205041207051405,0.1038978323340416,3,64.0,240.0
1.2.643.5.1.13.13.12.2.77.8252.05060902130204131205041207051405,0.8355149030685425,3,160.0,48.0
1.2.643.5.1.13.13.12.2.77.8252.05060902130204131205041207051405,0.6066092252731323,3,96.0,112.0
1.2.643.5.1.13.13.12.2.77.8252.05060902130204131205041207051405,0.03146931156516075,3,144.0,269.0
1.2.643.5.1.13.13.12.2.77.8252.05060902130204131205041207051405,0.7281231880187988,3,192.0,64.0
1.2.643.5.1.13.13.12.2.77.8252.05060902130204131205041207051405,0.7372646927833557,3,144.0,64.0
1.2.643.5.1.13.13.12.2.77.8252.05060902130204131205041207051405,0.0953674390912056,3,176.0,240.0
1.2.643.5.1.13.13.12.2.77.8252.05060902130204131205041207051405,0.0996396392583847,3,176.0,192.0
1.2.643.5.1.13.13.12.2.77.8252.05060902130204131205041207051405,0.5137308835983276,3,80.0,112.0
1.2.643.5.1.13.13.12.2.77.8252.05060902130204131205041207051405,0.09875185787677765,3,224.0,144.0
1.2.643.5.1.13.13.12.2.77.8252.05060902130204131205041207051405,0.14572283625602722,3,144.0,240.0
1.2.643.5.1.13.13.12.2.77.8252.05060902130204131205041207051405,0.08579540997743607,3,48.0,269.0
1.2.643.5.1.13.13.12.2.77.8252.05060902130204131205041207051405,0.39302316308021545,3,252.0,48.0
1.2.643.5.1.13.13.12.2.77.8252.05060902130204131205041207051405,0.05837111547589302,3,192.0,269.0
1.2.643.5.1.13.13.12.2.77.8252.05060902130204131205041207051405,0.08980861306190491,3,224.0,176.0
1.2.643.5.1.13.13.12.2.77.8252.05060902130204131205041207051405,0.04992019012570381,3,252.0,128.0
1.2.643.5.1.13.13.12.2.77.8252.05060902130204131205041207051405,0.14986374974250793,3,208.0,112.0
1.2.643.5.1.13.13.12.2.77.8252.12071112070710000412111310090807,0.44312313199043274,3,244.0,47.0
1.2.643.5.1.13.13.12.2.77.8252.12071112070710000412111310090807,0.7303674221038818,3,66.5,59.0
1.2.643.5.1.13.13.12.2.77.8252.12071112070710000412111310090807,0.6175540089607239,3,181.5,73.5
1.2.643.5.1.13.13.12.2.77.8252.12071112070710000412111310090807,0.8418264985084534,3,96.0,64.0
1.2.643.5.1.13.13.12.2.77.8252.12071112070710000412111310090807,0.2703858017921448,3,48.0,48.0
1.2.643.5.1.13.13.12.2.77.8252.12071112070710000412111310090807,0.8472005724906921,3,144.0,48.0
1.2.643.5.1.13.13.12.2.77.8252.12071112070710000412111310090807,0.19717641174793243,3,224.0,224.0
1.2.643.5.1.13.13.12.2.77.8252.12071112070710000412111310090807,0.1937110871076584,3,208.0,128.0
1.2.643.5.1.13.13.12.2.77.8252.12071112070710000412111310090807,0.055221885442733765,3,192.0,224.0
1.2.643.5.1.13.13.12.2.77.8252.12071112070710000412111310090807,0.22778922319412231,3,112.0,112.0
1.2.643.5.1.13.13.12.2.77.8252.12071112070710000412111310090807,0.07727812975645065,3,48.0,192.0
1.2.643.5.1.13.13.12.2.77.8252.12071112070710000412111310090807,0.04903684929013252,3,48.0,144.0
1.2.643.5.1.13.13.12.2.77.8252.12071112070710000412111310090807,0.12634937465190887,3,64.0,96.0
1.2.643.5.1.13.13.12.2.77.8252.12071112070710000412111310090807,0.5617796778678894,3,240.0,48.0
1.2.643.5.1.13.13.12.2.77.8252.12071112070710000412111310090807,0.7265992760658264,3,160.0,48.0
1.2.643.5.1.13.13.12.2.77.8252.12071112070710000412111310090807,0.04722108319401741,3,176.0,176.0
1.2.643.5.1.13.13.12.2.77.8252.12071112070710000412111310090807,0.0628829374909401,3,128.0,241.0
1.2.643.5.1.13.13.12.2.77.8252.12071112070710000412111310090807,0.4778285622596741,3,192.0,80.0
1.2.643.5.1.13.13.12.2.77.8252.12071112070710000412111310090807,0.04647548124194145,3,160.0,160.0
1.2.643.5.1.13.13.12.2.77.8252.12071112070710000412111310090807,0.07792278379201889,3,176.0,241.0
1.2.643.5.1.13.13.12.2.77.8252.12071112070710000412111310090807,0.010466665029525757,3,128.0,224.0
1.2.643.5.1.13.13.12.2.77.8252.12071112070710000412111310090807,0.07158740609884262,3,252.0,160.0
1.2.643.5.1.13.13.12.2.77.8252.12071112070710000412111310090807,0.14644238352775574,3,252.0,224.0
1.2.643.5.1.13.13.12.2.77.8252.12071112070710000412111310090807,0.14945945143699646,3,192.0,241.0
1.2.643.5.1.13.13.12.2.77.8252.12071112070710000412111310090807,0.08139511942863464,3,112.0,240.0
1.2.643.5.1.13.13.12.2.77.8252.12071112070710000412111310090807,0.2697184085845947,3,252.0,241.0
1.2.643.5.1.13.13.12.2.77.8252.12071112070710000412111310090807,0.22332347929477692,3,208.0,241.0
1.2.643.5.1.13.13.12.2.77.8252.12071112070710000412111310090807,0.042743489146232605,3,144.0,160.0
1.2.643.5.1.13.13.12.2.77.8252.12071112070710000412111310090807,0.011018313467502594,3,176.0,192.0
1.2.643.5.1.13.13.12.2.77.8252.12071112070710000412111310090807,0.17289872467517853,3,252.0,96.0
1.2.643.5.1.13.13.12.2.77.8252.12071112070710000412111310090807,0.1205381453037262,3,192.0,144.0
1.2.643.5.1.13.13.12.2.77.8252.12071112070710000412111310090807,0.3136378824710846,3,160.0,96.0
1.2.643.5.1.13.13.12.2.77.8252.12071112070710000412111310090807,0.003694291925057769,3,160.0,208.0
1.2.643.5.1.13.13.12.2.77.8252.12071112070710000412111310090807,0.09898222237825394,3,80.0,176.0
1.2.643.5.1.13.13.12.2.77.8252.12071112070710000412111310090807,0.6498414278030396,3,144.0,80.0
1.2.643.5.1.13.13.12.2.77.8252.12071112070710000412111310090807,0.10765079408884048,3,208.0,176.0
1.2.643.5.1.13.13.12.2.77.8252.12071112070710000412111310090807,0.10663636028766632,3,112.0,144.0
1.2.643.5.1.13.13.12.2.77.8252.12071112070710000412111310090807,0.049913447350263596,3,48.0,160.0
1.2.643.5.1.13.13.12.2.77.8252.12071112070710000412111310090807,0.6100046038627625,3,224.0,64.0
1.2.643.5.1.13.13.12.2.77.8252.12071112070710000412111310090807,0.03052162379026413,3,144.0,240.0
1.2.643.5.1.13.13.12.2.77.8252.12071112070710000412111310090807,0.1018742248415947,3,252.0,208.0
1.2.643.5.1.13.13.12.2.77.8252.12071112070710000412111310090807,0.06449819356203079,3,252.0,144.0
1.2.643.5.1.13.13.12.2.77.8252.12071112070710000412111310090807,0.21996894478797913,3,224.0,128.0
1.2.643.5.1.13.13.12.2.77.8252.07090609050707040704081509101500,0.9999995231628418,3,44.0,22.0
1.2.643.5.1.13.13.12.2.77.8252.07090609050707040704081509101500,0.9999994039535522,3,222.0,15.5
1.2.643.5.1.13.13.12.2.77.8252.07090609050707040704081509101500,0.992179274559021,3,120.0,8.0
1.2.643.5.1.13.13.12.2.77.8252.07090609050707040704081509101500,0.9999692440032959,3,48.0,48.0
1.2.643.5.1.13.13.12.2.77.8252.07090609050707040704081509101500,0.9999116659164429,3,64.0,48.0
1.2.643.5.1.13.13.12.2.77.8252.07090609050707040704081509101500,0.999480664730072,3,80.0,48.0
1.2.643.5.1.13.13.12.2.77.8252.07090609050707040704081509101500,0.9925601482391357,3,96.0,48.0
1.2.643.5.1.13.13.12.2.77.8252.07090609050707040704081509101500,0.9325894117355347,3,112.0,48.0
1.2.643.5.1.13.13.12.2.77.8252.07090609050707040704081509101500,0.9260533452033997,3,128.0,48.0
1.2.643.5.1.13.13.12.2.77.8252.07090609050707040704081509101500,0.9714070558547974,3,144.0,48.0
1.2.643.5.1.13.13.12.2.77.8252.07090609050707040704081509101500,0.9703441858291626,3,160.0,48.0
1.2.643.5.1.13.13.12.2.77.8252.07090609050707040704081509101500,0.971975564956665,3,176.0,48.0
1.2.643.5.1.13.13.12.2.77.8252.07090609050707040704081509101500,0.9934327602386475,3,192.0,48.0
1.2.643.5.1.13.13.12.2.77.8252.07090609050707040704081509101500,0.9988216757774353,3,208.0,48.0
1.2.643.5.1.13.13.12.2.77.8252.07090609050707040704081509101500,0.9995542168617249,3,224.0,48.0
1.2.643.5.1.13.13.12.2.77.8252.07090609050707040704081509101500,0.9987995624542236,3,240.0,48.0
1.2.643.5.1.13.13.12.2.77.8252.07090609050707040704081509101500,0.997917115688324,3,252.0,48.0
1.2.643.5.1.13.13.12.2.77.8252.07090609050707040704081509101500,0.999584972858429,3,48.0,64.0
1.2.643.5.1.13.13.12.2.77.8252.07090609050707040704081509101500,0.9987784028053284,3,64.0,64.0
1.2.643.5.1.13.13.12.2.77.8252.07090609050707040704081509101500,0.062326814979314804,3,252.0,176.0
1.2.643.5.1.13.13.12.2.77.8252.07090609050707040704081509101500,0.05736926198005676,3,48.0,160.0
1.2.643.5.1.13.13.12.2.77.8252.07090609050707040704081509101500,0.22862933576107025,3,208.0,128.0
1.2.643.5.1.13.13.12.2.77.8252.07090609050707040704081509101500,0.13178852200508118,3,80.0,237.0
1.2.643.5.1.13.13.12.2.77.8252.07090609050707040704081509101500,0.03745648264884949,3,128.0,176.0
1.2.643.5.1.13.13.12.2.77.8252.07090609050707040704081509101500,0.10095284134149551,3,176.0,112.0
1.2.643.5.1.13.13.12.2.77.8252.07090609050707040704081509101500,0.018313556909561157,3,160.0,160.0
1.2.643.5.1.13.13.12.2.77.8252.07090609050707040704081509101500,0.15023726224899292,3,48.0,237.0
1.2.643.5.1.13.13.12.2.77.8252.07090609050707040704081509101500,0.08944042772054672,3,96.0,237.0
1.2.643.5.1.13.13.12.2.77.8252.07090609050707040704081509101500,0.11602572351694107,3,112.0,144.0
1.2.643.5.1.13.13.12.2.77.8252.07090609050707040704081509101500,0.1382620930671692,3,224.0,208.0
1.2.643.5.1.13.13.12.2.77.8252.07090609050707040704081509101500,0.022154875099658966,3,176.0,160.0
1.2.643.5.1.13.13.12.2.77.8252.07090609050707040704081509101500,0.11027009785175323,3,144.0,128.0
1.2.643.5.1.13.13.12.2.77.8252.07090609050707040704081509101500,0.025614557787775993,3,176.0,224.0
1.2.643.5.1.13.13.12.2.77.8252.07090609050707040704081509101500,0.030501602217555046,3,128.0,192.0
1.2.643.5.1.13.13.12.2.77.8252.07090609050707040704081509101500,0.03781158849596977,3,128.0,160.0
1.2.643.5.1.13.13.12.2.77.8252.07090609050707040704081509101500,0.0760592594742775,3,252.0,144.0
1.2.643.5.1.13.13.12.2.77.8252.07090609050707040704081509101500,0.03591806814074516,3,128.0,208.0
1.2.643.5.1.13.13.12.2.77.8252.07090609050707040704081509101500,0.04687812179327011,3,192.0,160.0
1.2.643.5.1.13.13.12.2.77.8252.07090609050707040704081509101500,0.1838335543870926,3,64.0,224.0
1.2.643.5.1.13.13.12.2.77.8252.07090609050707040704081509101500,0.05814275145530701,3,48.0,176.0
1.2.643.5.1.13.13.12.2.77.8252.07090609050707040704081509101500,0.07829978317022324,3,208.0,224.0
1.2.643.5.1.13.13.12.2.77.8252.07090609050707040704081509101500,0.07253054529428482,3,48.0,144.0
1.2.643.5.1.13.13.12.2.77.8252.07090609050707040704081509101500,0.10433990508317947,3,128.0,144.0
1.2.643.5.1.13.13.12.2.77.8252.07090609050707040704081509101500,0.03766655549407005,3,192.0,224.0
1.2.643.5.1.13.13.12.2.77.8252.07090609050707040704081509101500,0.1496458500623703,3,192.0,128.0
1.2.643.5.1.13.13.12.2.77.8252.07090609050707040704081509101500,0.06646654009819031,3,96.0,224.0
1.2.643.5.1.13.13.12.2.77.8252.07090609050707040704081509101500,0.022268757224082947,3,144.0,208.0
1.2.643.5.1.13.13.12.2.77.8252.07090609050707040704081509101500,0.10870319604873657,3,64.0,192.0
1.2.643.5.1.13.13.12.2.77.8252.07090609050707040704081509101500,0.25166183710098267,3,64.0,237.0
1.2.643.5.1.13.13.12.2.77.8252.07090609050707040704081509101500,0.17963144183158875,3,96.0,128.0
1.2.643.5.1.13.13.12.2.77.8252.07090609050707040704081509101500,0.14497555792331696,3,80.0,160.0
1.2.643.5.1.13.13.12.2.77.8252.07090609050707040704081509101500,0.05807701498270035,3,48.0,192.0
1.2.643.5.1.13.13.12.2.77.8252.07090609050707040704081509101500,0.14108014106750488,3,224.0,160.0
1.2.643.5.1.13.13.12.2.77.8252.07090609050707040704081509101500,0.3820789158344269,3,64.0,128.0
1.2.643.5.1.13.13.12.2.77.8252.07090609050707040704081509101500,0.08563847839832306,3,240.0,192.0
1.2.643.5.1.13.13.12.2.77.8252.07090609050707040704081509101500,0.21694710850715637,3,240.0,224.0
1.2.643.5.1.13.13.12.2.77.8252.07090609050707040704081509101500,0.054191090166568756,3,128.0,128.0
1.2.643.5.1.13.13.12.2.77.8252.07090609050707040704081509101500,0.1096821203827858,3,224.0,176.0
1.2.643.5.1.13.13.12.2.77.8252.07090609050707040704081509101500,0.1495404988527298,3,64.0,176.0
1.2.643.5.1.13.13.12.2.77.8252.10011315050807060809100706050011,0.9793815016746521,3,79.0,48.0
1.2.643.5.1.13.13.12.2.77.8252.10011315050807060809100706050011,0.998331606388092,3,51.0,12.0
1.2.643.5.1.13.13.12.2.77.8252.10011315050807060809100706050011,0.9993818998336792,3,267.5,8.0
1.2.643.5.1.13.13.12.2.77.8252.10011315050807060809100706050011,0.9880238175392151,3,48.0,48.0
1.2.643.5.1.13.13.12.2.77.8252.10011315050807060809100706050011,0.9873099327087402,3,64.0,48.0
1.2.643.5.1.13.13.12.2.77.8252.10011315050807060809100706050011,0.9789495468139648,3,80.0,48.0
1.2.643.5.1.13.13.12.2.77.8252.10011315050807060809100706050011,0.9547978043556213,3,96.0,48.0
1.2.643.5.1.13.13.12.2.77.8252.10011315050807060809100706050011,0.8514496684074402,3,112.0,48.0
1.2.643.5.1.13.13.12.2.77.8252.10011315050807060809100706050011,0.7871541976928711,3,224.0,48.0
1.2.643.5.1.13.13.12.2.77.8252.10011315050807060809100706050011,0.915393054485321,3,240.0,48.0
1.2.643.5.1.13.13.12.2.77.8252.10011315050807060809100706050011,0.9402883052825928,3,252.0,48.0
1.2.643.5.1.13.13.12.2.77.8252.10011315050807060809100706050011,0.778800904750824,3,48.0,64.0
1.2.643.5.1.13.13.12.2.77.8252.10011315050807060809100706050011,0.7804126739501953,3,64.0,64.0
1.2.643.5.1.13.13.12.2.77.8252.10011315050807060809100706050011,0.8456553816795349,3,80.0,64.0
1.2.643.5.1.13.13.12.2.77.8252.10011315050807060809100706050011,0.77046138048172,3,96.0,64.0
1.2.643.5.1.13.13.12.2.77.8252.10011315050807060809100706050011,0.6738402843475342,3,112.0,64.0
1.2.643.5.1.13.13.12.2.77.8252.10011315050807060809100706050011,0.6094660758972168,3,48.0,80.0
1.2.643.5.1.13.13.12.2.77.8252.10011315050807060809100706050011,0.6315770149230957,3,64.0,80.0
1.2.643.5.1.13.13.12.2.77.8252.10011315050807060809100706050011,0.8300920128822327,3,80.0,80.0
1.2.643.5.1.13.13.12.2.77.8252.10011315050807060809100706050011,0.7677640318870544,3,96.0,80.0
1.2.643.5.1.13.13.12.2.77.8252.10011315050807060809100706050011,0.6840820908546448,3,112.0,80.0
1.2.643.5.1.13.13.12.2.77.8252.10011315050807060809100706050011,0.4052572548389435,3,48.0,96.0
1.2.643.5.1.13.13.12.2.77.8252.10011315050807060809100706050011,0.36896005272865295,3,64.0,96.0
1.2.643.5.1.13.13.12.2.77.8252.10011315050807060809100706050011,0.5767717957496643,3,80.0,96.0
1.2.643.5.1.13.13.12.2.77.8252.10011315050807060809100706050011,0.5602108240127563,3,96.0,96.0
1.2.643.5.1.13.13.12.2.77.8252.10011315050807060809100706050011,0.46075373888015747,3,112.0,96.0
1.2.643.5.1.13.13.12.2.77.8252.10011315050807060809100706050011,0.06945356726646423,3,64.0,208.0
1.2.643.5.1.13.13.12.2.77.8252.10011315050807060809100706050011,0.017191195860505104,3,208.0,192.0
1.2.643.5.1.13.13.12.2.77.8252.10011315050807060809100706050011,0.0029328246600925922,3,176.0,240.0
1.2.643.5.1.13.13.12.2.77.8252.10011315050807060809100706050011,0.002691048663109541,3,176.0,192.0
1.2.643.5.1.13.13.12.2.77.8252.10011315050807060809100706050011,0.00523943267762661,3,160.0,208.0
1.2.643.5.1.13.13.12.2.77.8252.10011315050807060809100706050011,0.004716609604656696,3,144.0,270.0
1.2.643.5.1.13.13.12.2.77.8252.10011315050807060809100706050011,0.019216127693653107,3,160.0,160.0
1.2.643.5.1.13.13.12.2.77.8252.10011315050807060809100706050011,0.02000613696873188,3,128.0,224.0
1.2.643.5.1.13.13.12.2.77.8252.10011315050807060809100706050011,0.01643758825957775,3,128.0,160.0
1.2.643.5.1.13.13.12.2.77.8252.10011315050807060809100706050011,0.007423609960824251,3,192.0,192.0
1.2.643.5.1.13.13.12.2.77.8252.10011315050807060809100706050011,0.11611715704202652,3,208.0,112.0
1.2.643.5.1.13.13.12.2.77.8252.10011315050807060809100706050011,0.3469025790691376,3,240.0,270.0
1.2.643.5.1.13.13.12.2.77.8252.10011315050807060809100706050011,0.012304157949984074,3,176.0,270.0
1.2.643.5.1.13.13.12.2.77.8252.10011315050807060809100706050011,0.0007513818563893437,3,160.0,256.0
1.2.643.5.1.13.13.12.2.77.8252.10011315050807060809100706050011,0.0020603344310075045,3,160.0,240.0
1.2.643.5.1.13.13.12.2.77.8252.10011315050807060809100706050011,0.052353207021951675,3,48.0,224.0
1.2.643.5.1.13.13.12.2.77.8252.10011315050807060809100706050011,0.06344763189554214,3,240.0,160.0
1.2.643.5.1.13.13.12.2.77.8252.10011315050807060809100706050011,0.052014436572790146,3,48.0,144.0
1.2.643.5.1.13.13.12.2.77.8252.10011315050807060809100706050011,0.052435606718063354,3,64.0,256.0
1.2.643.5.1.13.13.12.2.77.8252.10011315050807060809100706050011,0.010254059918224812,3,128.0,192.0
1.2.643.5.1.13.13.12.2.77.8252.10011315050807060809100706050011,0.08858747035264969,3,208.0,144.0
1.2.643.5.1.13.13.12.2.77.8252.10011315050807060809100706050011,0.09975851327180862,3,176.0,64.0
1.2.643.5.1.13.13.12.2.77.8252.10011315050807060809100706050011,0.07285118848085403,3,240.0,144.0
1.2.643.5.1.13.13.12.2.77.8252.10011315050807060809100706050011,0.037783849984407425,3,96.0,192.0
1.2.643.5.1.13.13.12.2.77.8252.10011315050807060809100706050011,0.21692150831222534,3,224.0,96.0
1.2.643.5.1.13.13.12.2.77.8252.10011315050807060809100706050011,0.006658903323113918,3,112.0,270.0
1.2.643.5.1.13.13.12.2.77.8252.10011315050807060809100706050011,0.025543848052620888,3,208.0,208.0
1.2.643.5.1.13.13.12.2.77.8252.10011315050807060809100706050011,0.009381278418004513,3,192.0,240.0
1.2.643.5.1.13.13.12.2.77.8252.10011315050807060809100706050011,0.07065681368112564,3,64.0,270.0
1.2.643.5.1.13.13.12.2.77.8252.10011315050807060809100706050011,0.09239960461854935,3,240.0,112.0
1.2.643.5.1.13.13.12.2.77.8252.10011315050807060809100706050011,0.05958809331059456,3,240.0,224.0
1.2.643.5.1.13.13.12.2.77.8252.10011315050807060809100706050011,0.04166318103671074,3,112.0,144.0
1.2.643.5.1.13.13.12.2.77.8252.10011315050807060809100706050011,0.057527508586645126,3,48.0,256.0
1.2.643.5.1.13.13.12.2.77.8252.10011315050807060809100706050011,0.17646291851997375,3,224.0,128.0
1.2.643.5.1.13.13.12.2.77.8252.10011315050807060809100706050011,0.04205334931612015,3,252.0,176.0
1.2.643.5.1.13.13.12.2.77.8252.10011315050807060809100706050011,0.005980236921459436,3,160.0,224.0
1.2.643.5.1.13.13.12.2.77.8252.10011315050807060809100706050011,0.009307563304901123,3,144.0,176.0
1.2.643.5.1.13.13.12.2.77.8252.10011315050807060809100706050011,0.14732716977596283,3,252.0,256.0
1.2.643.5.1.13.13.12.2.77.8252.10011315050807060809100706050011,0.035808928310871124,3,160.0,144.0
1.2.643.5.1.13.13.12.2.77.8252.10011315050807060809100706050011,0.32555514574050903,3,252.0,270.0
1.2.643.5.1.13.13.12.2.77.8252.02030504060005060505040905021305,0.10088043659925461,3,160.0,80.0
1.2.643.5.1.13.13.12.2.77.8252.02030504060005060505040905021305,0.05495220422744751,3,208.0,269.0
1.2.643.5.1.13.13.12.2.77.8252.02030504060005060505040905021305,0.06769103556871414,3,176.0,144.0
1.2.643.5.1.13.13.12.2.77.8252.02030504060005060505040905021305,0.03516388311982155,3,80.0,176.0
1.2.643.5.1.13.13.12.2.77.8252.02030504060005060505040905021305,0.03611721098423004,3,112.0,269.0
1.2.643.5.1.13.13.12.2.77.8252.02030504060005060505040905021305,0.058646202087402344,3,48.0,269.0
1.2.643.5.1.13.13.12.2.77.8252.02030504060005060505040905021305,0.08764122426509857,3,96.0,128.0
1.2.643.5.1.13.13.12.2.77.8252.02030504060005060505040905021305,0.058646202087402344,3,48.0,240.0
1.2.643.5.1.13.13.12.2.77.8252.02030504060005060505040905021305,0.03065267764031887,3,80.0,256.0
1.2.643.5.1.13.13.12.2.77.8252.02030504060005060505040905021305,0.28426334261894226,3,80.0,64.0
1.2.643.5.1.13.13.12.2.77.8252.02030504060005060505040905021305,0.05845431610941887,3,48.0,192.0
1.2.643.5.1.13.13.12.2.77.8252.02030504060005060505040905021305,0.012786726467311382,3,192.0,208.0
1.2.643.5.1.13.13.12.2.77.8252.02030504060005060505040905021305,0.06904251128435135,3,224.0,192.0
1.2.643.5.1.13.13.12.2.77.8252.02030504060005060505040905021305,0.02735186368227005,3,208.0,224.0
1.2.643.5.1.13.13.12.2.77.8252.02030504060005060505040905021305,0.0737476721405983,3,96.0,160.0
1.2.643.5.1.13.13.12.2.77.8252.02030504060005060505040905021305,0.047699976712465286,3,224.0,240.0
1.2.643.5.1.13.13.12.2.77.8252.02030504060005060505040905021305,0.049898482859134674,3,64.0,144.0
1.2.643.5.1.13.13.12.2.77.8252.02030504060005060505040905021305,0.09247676283121109,3,224.0,96.0
1.2.643.5.1.13.13.12.2.77.8252.02030504060005060505040905021305,0.03494652733206749,3,144.0,128.0
1.2.643.5.1.13.13.12.2.77.8252.02030504060005060505040905021305,0.059518326073884964,3,252.0,128.0
1.2.643.5.1.13.13.12.2.77.8252.02030504060005060505040905021305,0.07096095383167267,3,144.0,80.0
1.2.643.5.1.13.13.12.2.77.8252.02030504060005060505040905021305,0.012833942659199238,3,128.0,208.0
1.2.643.5.1.13.13.12.2.77.8252.02030504060005060505040905021305,0.06565280258655548,3,192.0,112.0
1.2.643.5.1.13.13.12.2.77.8252.02030504060005060505040905021305,0.04875749722123146,3,208.0,80.0
1.2.643.5.1.13.13.12.2.77.8252.02030504060005060505040905021305,0.06246250867843628,3,208.0,96.0
1.2.643.5.1.13.13.12.2.77.8252.02030504060005060505040905021305,0.04964501038193703,3,192.0,80.0
1.2.643.5.1.13.13.12.2.77.8252.02030504060005060505040905021305,0.11765538901090622,3,192.0,48.0
1.2.643.5.1.13.13.12.2.77.8252.02030504060005060505040905021305,0.053539302200078964,3,240.0,224.0
1.2.643.5.1.13.13.12.2.77.8252.02030504060005060505040905021305,0.036386094987392426,3,192.0,128.0
1.2.643.5.1.13.13.12.2.77.8252.02030504060005060505040905021305,0.028288813307881355,3,112.0,240.0
1.2.643.5.1.13.13.12.2.77.8252.02030504060005060505040905021305,0.29398658871650696,3,112.0,80.0
1.2.643.5.1.13.13.12.2.77.8252.02030504060005060505040905021305,0.23820637166500092,3,128.0,64.0
1.2.643.5.1.13.13.12.2.77.8252.02030504060005060505040905021305,0.004173788242042065,3,160.0,240.0
1.2.643.5.1.13.13.12.2.77.8252.02030504060005060505040905021305,0.06118279695510864,3,48.0,112.0
1.2.643.5.1.13.13.12.2.77.8252.02030504060005060505040905021305,0.11620648950338364,3,224.0,64.0
1.2.643.5.1.13.13.12.2.77.8252.02030504060005060505040905021305,0.00602805707603693,3,160.0,256.0
1.2.643.5.1.13.13.12.2.77.8252.02030504060005060505040905021305,0.021597562357783318,3,192.0,269.0
1.2.643.5.1.13.13.12.2.77.8252.02030504060005060505040905021305,0.07280487567186356,3,64.0,96.0
1.2.643.5.1.13.13.12.2.77.8252.02030504060005060505040905021305,0.0351252444088459,3,192.0,192.0
1.2.643.5.1.13.13.12.2.77.8252.02030504060005060505040905021305,0.03887339308857918,3,240.0,144.0
1.2.643.5.1.13.13.12.2.77.8252.05150512091506110304120408070606,0.16445128619670868,3,48.0,112.0
1.2.643.5.1.13.13.12.2.77.8252.05150512091506110304120408070606,0.05284693464636803,3,64.0,192.0
1.2.643.5.1.13.13.12.2.77.8252.05150512091506110304120408070606,0.06902490556240082,3,240.0,192.0
1.2.643.5.1.13.13.12.2.77.8252.05150512091506110304120408070606,0.693770706653595,3,80.0,80.0
1.2.643.5.1.13.13.12.2.77.8252.05150512091506110304120408070606,0.04755745083093643,3,96.0,224.0
1.2.643.5.1.13.13.12.2.77.8252.05150512091506110304120408070606,0.08977274596691132,3,128.0,240.0
1.2.643.5.1.13.13.12.2.77.8252.05150512091506110304120408070606,0.18481303751468658,3,80.0,144.0
1.2.643.5.1.13.13.12.2.77.8252.05150512091506110304120408070606,0.057413384318351746,3,240.0,128.0
1.2.643.5.1.13.13.12.2.77.8252.05150512091506110304120408070606,0.4027126729488373,3,144.0,128.0
1.2.643.5.1.13.13.12.2.77.8252.05150512091506110304120408070606,0.10691751539707184,3,240.0,270.0
1.2.643.5.1.13.13.12.2.77.8252.05150512091506110304120408070606,0.21920795738697052,3,80.0,128.0
1.2.643.5.1.13.13.12.2.77.8252.05150512091506110304120408070606,0.19631724059581757,3,128.0,112.0
1.2.643.5.1.13.13.12.2.77.8252.05150512091506110304120408070606,0.25927072763442993,3,48.0,48.0
1.2.643.5.1.13.13.12.2.77.8252.05150512091506110304120408070606,0.1521419882774353,3,192.0,208.0
1.2.643.5.1.13.13.12.2.77.8252.05150512091506110304120408070606,0.08619511872529984,3,160.0,240.0
1.2.643.5.1.13.13.12.2.77.8252.05150512091506110304120408070606,0.17040278017520905,3,128.0,80.0
1.2.643.5.1.13.13.12.2.77.8252.05150512091506110304120408070606,0.12122083455324173,3,128.0,176.0
1.2.643.5.1.13.13.12.2.77.8252.05150512091506110304120408070606,0.5809202194213867,3,96.0,80.0
1.2.643.5.1.13.13.12.2.77.8252.05150512091506110304120408070606,0.18788541853427887,3,112.0,128.0
1.2.643.5.1.13.13.12.2.77.8252.05150512091506110304120408070606,0.11148595064878464,3,128.0,192.0
1.2.643.5.1.13.13.12.2.77.8252.05150512091506110304120408070606,0.16561537981033325,3,160.0,48.0
1.2.643.5.1.13.13.12.2.77.8252.05150512091506110304120408070606,0.06665176153182983,3,224.0,160.0
1.2.643.5.1.13.13.12.2.77.8252.05150512091506110304120408070606,0.0830157920718193,3,240.0,64.0
1.2.643.5.1.13.13.12.2.77.8252.05150512091506110304120408070606,0.13659721612930298,3,112.0,256.0
1.2.643.5.1.13.13.12.2.77.8252.05150512091506110304120408070606,0.04841521009802818,3,96.0,240.0
1.2.643.5.1.13.13.12.2.77.8252.05150512091506110304120408070606,0.06290854513645172,3,224.0,208.0
1.2.643.5.1.13.13.12.2.77.8252.05150512091506110304120408070606,0.10519060492515564,3,192.0,64.0
1.2.643.5.1.13.13.12.2.77.8252.05150512091506110304120408070606,0.06755848228931427,3,80.0,192.0
1.2.643.5.1.13.13.12.2.77.8252.05150512091506110304120408070606,0.24074731767177582,3,144.0,112.0
1.2.643.5.1.13.13.12.2.77.8252.05150512091506110304120408070606,0.7768128514289856,3,80.0,48.0
1.2.643.5.1.13.13.12.2.77.8252.05150512091506110304120408070606,0.39207062125205994,3,80.0,112.0
1.2.643.5.1.13.13.12.2.77.8252.05150512091506110304120408070606,0.1793052703142166,3,144.0,160.0
1.2.643.5.1.13.13.12.2.77.8252.05150512091506110304120408070606,0.06821656227111816,3,112.0,176.0
1.2.643.5.1.13.13.12.2.77.8252.05150512091506110304120408070606,0.161779522895813,3,160.0,96.0
1.2.643.5.1.13.13.12.2.77.8252.05150512091506110304120408070606,0.05012747272849083,3,252.0,144.0
1.2.643.5.1.13.13.12.2.77.8252.05150512091506110304120408070606,0.20098565518856049,3,128.0,160.0
1.2.643.5.1.13.13.12.2.77.8252.05150512091506110304120408070606,0.1103527694940567,3,160.0,160.0
1.2.643.5.1.13.13.12.2.77.8252.05150512091506110304120408070606,0.06989464908838272,3,240.0,160.0
1.2.643.5.1.13.13.12.2.77.8252.05150512091506110304120408070606,0.06320490688085556,3,224.0,176.0
1.2.643.5.1.13.13.12.2.77.8252.05150512091506110304120408070606,0.2239265888929367,3,96.0,144.0
1.2.643.5.1.13.13.12.2.77.8252.09071502150602001009041214040315,0.9000473022460938,3,58.5,92.5
1.2.643.5.1.13.13.12.2.77.8252.09071502150602001009041214040315,0.49666035175323486,3,51.5,81.5
1.2.643.5.1.13.13.12.2.77.8252.09071502150602001009041214040315,0.35448020696640015,3,33.5,37.5
1.2.643.5.1.13.13.12.2.77.8252.09071502150602001009041214040315,0.43053174018859863,3,26.5,26.5
1.2.643.5.1.13.13.12.2.77.8252.09071502150602001009041214040315,0.9504339694976807,3,206.5,73.0
1.2.643.5.1.13.13.12.2.77.8252.09071502150602001009041214040315,0.9610348343849182,3,214.0,66.0
1.2.643.5.1.13.13.12.2.77.8252.09071502150602001009041214040315,0.7872744798660278,3,234.0,32.5
1.2.643.5.1.13.13.12.2.77.8252.09071502150602001009041214040315,0.6887127161026001,3,245.5,19.5
1.2.643.5.1.13.13.12.2.77.8252.09071502150602001009041214040315,0.11345086991786957,3,208.0,224.0
1.2.643.5.1.13.13.12.2.77.8252.09071502150602001009041214040315,0.20138460397720337,3,64.0,270.0
1.2.643.5.1.13.13.12.2.77.8252.09071502150602001009041214040315,0.08993160724639893,3,160.0,160.0
1.2.643.5.1.13.13.12.2.77.8252.09071502150602001009041214040315,0.43691486120224,3,96.0,48.0
1.2.643.5.1.13.13.12.2.77.8252.09071502150602001009041214040315,0.042366351932287216,3,96.0,192.0
1.2.643.5.1.13.13.12.2.77.8252.09071502150602001009041214040315,0.04988444223999977,3,144.0,208.0
1.2.643.5.1.13.13.12.2.77.8252.09071502150602001009041214040315,0.007694164291024208,3,128.0,240.0
1.2.643.5.1.13.13.12.2.77.8252.09071502150602001009041214040315,0.10859595984220505,3,224.0,192.0
1.2.643.5.1.13.13.12.2.77.8252.09071502150602001009041214040315,0.06040094047784805,3,96.0,270.0
1.2.643.5.1.13.13.12.2.77.8252.09071502150602001009041214040315,0.46931198239326477,3,112.0,64.0
1.2.643.5.1.13.13.12.2.77.8252.09071502150602001009041214040315,0.24973435699939728,3,48.0,176.0
1.2.643.5.1.13.13.12.2.77.8252.09071502150602001009041214040315,0.05592547729611397,3,176.0,192.0
1.2.643.5.1.13.13.12.2.77.8252.09071502150602001009041214040315,0.4115504324436188,3,144.0,48.0
1.2.643.5.1.13.13.12.2.77.8252.09071502150602001009041214040315,0.04148096218705177,3,176.0,224.0
1.2.643.5.1.13.13.12.2.77.8252.09071502150602001009041214040315,0.6578252911567688,3,176.0,48.0
1.2.643.5.1.13.13.12.2.77.8252.09071502150602001009041214040315,0.47207629680633545,3,64.0,48.0
1.2.643.5.1.13.13.12.2.77.8252.09071502150602001009041214040315,0.4045518636703491,3,48.0,48.0
1.2.643.5.1.13.13.12.2.77.8252.09071502150602001009041214040315,0.08556585013866425,3,144.0,160.0
1.2.643.5.1.13.13.12.2.77.8252.09071502150602001009041214040315,0.1477491855621338,3,64.0,256.0
1.2.643.5.1.13.13.12.2.77.8252.09071502150602001009041214040315,0.39659810066223145,3,160.0,48.0
1.2.643.5.1.13.13.12.2.77.8252.09071502150602001009041214040315,0.167986661195755,3,192.0,270.0
1.2.643.5.1.13.13.12.2.77.8252.09071502150602001009041214040315,0.6213880181312561,3,252.0,64.0
1.2.643.5.1.13.13.12.2.77.8252.09071502150602001009041214040315,0.3005327880382538,3,144.0,112.0
1.2.643.5.1.13.13.12.2.77.8252.09071502150602001009041214040315,0.15676063299179077,3,240.0,256.0
1.2.643.5.1.13.13.12.2.77.8252.09071502150602001009041214040315,0.290445476770401,3,160.0,112.0
1.2.643.5.1.13.13.12.2.77.8252.09071502150602001009041214040315,0.06701704114675522,3,192.0,224.0
1.2.643.5.1.13.13.12.2.77.8252.09071502150602001009041214040315,0.11696744710206985,3,80.0,270.0
1.2.643.5.1.13.13.12.2.77.8252.09071502150602001009041214040315,0.37926435470581055,3,112.0,80.0
1.2.643.5.1.13.13.12.2.77.8252.09071502150602001009041214040315,0.3052499294281006,3,144.0,80.0
1.2.643.5.1.13.13.12.2.77.8252.09071502150602001009041214040315,0.5483735799789429,3,192.0,96.0
1.2.643.5.1.13.13.12.2.77.8252.09071502150602001009041214040315,0.021850816905498505,3,128.0,270.0
1.2.643.5.1.13.13.12.2.77.8252.09071502150602001009041214040315,0.49752405285835266,3,224.0,112.0
1.2.643.5.1.13.13.12.2.77.8252.09071502150602001009041214040315,0.2236073911190033,3,128.0,96.0
1.2.643.5.1.13.13.12.2.77.8252.09071502150602001009041214040315,0.03645838052034378,3,160.0,224.0
1.2.643.5.1.13.13.12.2.77.8252.09071502150602001009041214040315,0.28000837564468384,3,252.0,96.0
1.2.643.5.1.13.13.12.2.77.8252.09071502150602001009041214040315,0.8824887275695801,3,48.0,112.0
1.2.643.5.1.13.13.12.2.77.8252.09071502150602001009041214040315,0.08380632102489471,3,144.0,128.0
1.2.643.5.1.13.13.12.2.77.8252.09071502150602001009041214040315,0.05793307349085808,3,176.0,270.0
1.2.643.5.1.13.13.12.2.77.8252.09071502150602001009041214040315,0.039866164326667786,3,192.0,240.0
1.2.643.5.1.13.13.12.2.77.8252.09071502150602001009041214040315,0.027841055765748024,3,128.0,192.0
1.2.643.5.1.13.13.12.2.77.8252.11081308031311040302130506061304,0.5745585560798645,3,43.5,77.0
1.2.643.5.1.13.13.12.2.77.8252.11081308031311040302130506061304,0.5493106245994568,3,37.5,52.5
1.2.643.5.1.13.13.12.2.77.8252.11081308031311040302130506061304,0.9357475638389587,3,175.5,26.0
1.2.643.5.1.13.13.12.2.77.8252.11081308031311040302130506061304,0.972038984298706,3,206.5,59.5
1.2.643.5.1.13.13.12.2.77.8252.11081308031311040302130506061304,0.9797422289848328,3,200.0,36.0
1.2.643.5.1.13.13.12.2.77.8252.11081308031311040302130506061304,0.7669199705123901,3,128.0,192.0
1.2.643.5.1.13.13.12.2.77.8252.11081308031311040302130506061304,0.2956191301345825,3,96.0,267.0
1.2.643.5.1.13.13.12.2.77.8252.11081308031311040302130506061304,0.5888844132423401,3,112.0,128.0
1.2.643.5.1.13.13.12.2.77.8252.11081308031311040302130506061304,0.2843795716762543,3,208.0,224.0
1.2.643.5.1.13.13.12.2.77.8252.11081308031311040302130506061304,0.5333704948425293,3,80.0,80.0
1.2.643.5.1.13.13.12.2.77.8252.11081308031311040302130506061304,0.38329994678497314,3,80.0,208.0
1.2.643.5.1.13.13.12.2.77.8252.11081308031311040302130506061304,0.9357646703720093,3,176.0,96.0
1.2.643.5.1.13.13.12.2.77.8252.11081308031311040302130506061304,0.368429034948349,3,96.0,192.0
1.2.643.5.1.13.13.12.2.77.8252.11081308031311040302130506061304,0.8030713796615601,3,240.0,80.0
1.2.643.5.1.13.13.12.2.77.8252.11081308031311040302130506061304,0.613048791885376,3,252.0,80.0
1.2.643.5.1.13.13.12.2.77.8252.11081308031311040302130506061304,0.6152154803276062,3,160.0,256.0
1.2.643.5.1.13.13.12.2.77.8252.11081308031311040302130506061304,0.7610906958580017,3,80.0,112.0
1.2.643.5.1.13.13.12.2.77.8252.11081308031311040302130506061304,0.4713907539844513,3,112.0,224.0
1.2.643.5.1.13.13.12.2.77.8252.11081308031311040302130506061304,0.963504433631897,3,208.0,96.0
1.2.643.5.1.13.13.12.2.77.8252.11081308031311040302130506061304,0.6544229984283447,3,160.0,176.0
1.2.643.5.1.13.13.12.2.77.8252.11081308031311040302130506061304,0.9817381501197815,3,192.0,80.0
1.2.643.5.1.13.13.12.2.77.8252.11081308031311040302130506061304,0.6125780940055847,3,208.0,160.0
1.2.643.5.1.13.13.12.2.77.8252.11081308031311040302130506061304,0.791488528251648,3,80.0,160.0
1.2.643.5.1.13.13.12.2.77.8252.11081308031311040302130506061304,0.2221541404724121,3,96.0,240.0
1.2.643.5.1.13.13.12.2.77.8252.11081308031311040302130506061304,0.7102673053741455,3,144.0,240.0
1.2.643.5.1.13.13.12.2.77.8252.11081308031311040302130506061304,0.58182293176651,3,80.0,192.0
1.2.643.5.1.13.13.12.2.77.8252.11081308031311040302130506061304,0.6668646335601807,3,192.0,176.0
1.2.643.5.1.13.13.12.2.77.8252.11081308031311040302130506061304,0.17468377947807312,3,240.0,256.0
1.2.643.5.1.13.13.12.2.77.8252.11081308031311040302130506061304,0.4205797612667084,3,112.0,208.0
1.2.643.5.1.13.13.12.2.77.8252.11081308031311040302130506061304,0.5760259032249451,3,48.0,48.0
1.2.643.5.1.13.13.12.2.77.8252.11081308031311040302130506061304,0.8002308011054993,3,144.0,160.0
1.2.643.5.1.13.13.12.2.77.8252.11081308031311040302130506061304,0.109498530626297,3,224.0,192.0
1.2.643.5.1.13.13.12.2.77.8252.11081308031311040302130506061304,0.752876341342926,3,128.0,112.0
1.2.643.5.1.13.13.12.2.77.8252.11081308031311040302130506061304,0.6811456084251404,3,112.0,160.0
1.2.643.5.1.13.13.12.2.77.8252.11081308031311040302130506061304,0.8293906450271606,3,128.0,176.0
1.2.643.5.1.13.13.12.2.77.8252.11081308031311040302130506061304,0.12506017088890076,3,252.0,176.0
1.2.643.5.1.13.13.12.2.77.8252.11081308031311040302130506061304,0.685573399066925,3,144.0,267.0
1.2.643.5.1.13.13.12.2.77.8252.11081308031311040302130506061304,0.7539387941360474,3,144.0,128.0
1.2.643.5.1.13.13.12.2.77.8252.11081308031311040302130506061304,0.0531221404671669,3,252.0,224.0
1.2.643.5.1.13.13.12.2.77.8252.11081308031311040302130506061304,0.05102972686290741,3,48.0,224.0
1.2.643.5.1.13.13.12.2.77.8252.11081308031311040302130506061304,0.5434512495994568,3,48.0,64.0
1.2.643.5.1.13.13.12.2.77.8252.11081308031311040302130506061304,0.8323733806610107,3,240.0,64.0
1.2.643.5.1.13.13.12.2.77.8252.11081308031311040302130506061304,0.26037997007369995,3,80.0,267.0
1.2.643.5.1.13.13.12.2.77.8252.11081308031311040302130506061304,0.6697138547897339,3,48.0,160.0
1.2.643.5.1.13.13.12.2.77.8252.11081308031311040302130506061304,0.9554359316825867,3,192.0,128.0
1.2.643.5.1.13.13.12.2.77.8252.15141302131508150312140605060212,0.47626176476478577,4,44.0,30.0
1.2.643.5.1.13.13.12.2.77.8252.15141302131508150312140605060212,0.42433464527130127,4,48.0,48.0
1.2.643.5.1.13.13.12.2.77.8252.15141302131508150312140605060212,0.32403457164764404,4,64.0,48.0
1.2.643.5.1.13.13.12.2.77.8252.15141302131508150312140605060212,0.2573029696941376,4,80.0,48.0
1.2.643.5.1.13.13.12.2.77.8252.15141302131508150312140605060212,0.3258344531059265,4,48.0,64.0
1.2.643.5.1.13.13.12.2.77.8252.15141302131508150312140605060212,0.2681223154067993,4,64.0,64.0
1.2.643.5.1.13.13.12.2.77.8252.15141302131508150312140605060212,0.004547285847365856,4,128.0,208.0
1.2.643.5.1.13.13.12.2.77.8252.15141302131508150312140605060212,0.004850166849792004,4,128.0,160.0
1.2.643.5.1.13.13.12.2.77.8252.15141302131508150312140605060212,0.03321300819516182,4,208.0,192.0
1.2.643.5.1.13.13.12.2.77.8252.15141302131508150312140605060212,0.001111294492147863,4,128.0,240.0
1.2.643.5.1.13.13.12.2.77.8252.15141302131508150312140605060212,0.015541591681540012,4,64.0,256.0
1.2.643.5.1.13.13.12.2.77.8252.15141302131508150312140605060212,0.07215160131454468,4,176.0,96.0
1.2.643.5.1.13.13.12.2.77.8252.15141302131508150312140605060212,0.04544835537672043,4,208.0,270.0
1.2.643.5.1.13.13.12.2.77.8252.15141302131508150312140605060212,0.012945246882736683,4,160.0,208.0
1.2.643.5.1.13.13.12.2.77.8252.15141302131508150312140605060212,0.1254219263792038,4,176.0,48.0
1.2.643.5.1.13.13.12.2.77.8252.15141302131508150312140605060212,0.0019927097018808126,4,112.0,256.0
1.2.643.5.1.13.13.12.2.77.8252.15141302131508150312140605060212,0.020095394924283028,4,252.0,128.0
1.2.643.5.1.13.13.12.2.77.8252.15141302131508150312140605060212,0.004655076656490564,4,96.0,270.0
1.2.643.5.1.13.13.12.2.77.8252.15141302131508150312140605060212,0.001732967677526176,4,144.0,224.0
1.2.643.5.1.13.13.12.2.77.8252.15141302131508150312140605060212,0.12326326966285706,4,224.0,256.0
1.2.643.5.1.13.13.12.2.77.8252.15141302131508150312140605060212,0.23404240608215332,4,252.0,48.0
1.2.643.5.1.13.13.12.2.77.8252.15141302131508150312140605060212,0.020343052223324776,4,176.0,176.0
1.2.643.5.1.13.13.12.2.77.8252.15141302131508150312140605060212,0.046648915857076645,4,48.0,160.0
1.2.643.5.1.13.13.12.2.77.8252.15141302131508150312140605060212,0.010064324364066124,4,176.0,256.0
1.2.643.5.1.13.13.12.2.77.8252.15141302131508150312140605060212,0.048261310905218124,4,48.0,224.0
1.2.643.5.1.13.13.12.2.77.8252.15141302131508150312140605060212,0.03721430525183678,4,160.0,80.0
1.2.643.5.1.13.13.12.2.77.8252.15141302131508150312140605060212,0.045206256210803986,4,80.0,176.0
1.2.643.5.1.13.13.12.2.77.8252.15141302131508150312140605060212,0.00028950348496437073,4,144.0,256.0
1.2.643.5.1.13.13.12.2.77.8252.15141302131508150312140605060212,0.03378816694021225,4,80.0,160.0
1.2.643.5.1.13.13.12.2.77.8252.15141302131508150312140605060212,0.03613267093896866,4,208.0,208.0
1.2.643.5.1.13.13.12.2.77.8252.15141302131508150312140605060212,0.0020116015803068876,4,160.0,270.0
1.2.643.5.1.13.13.12.2.77.8252.15141302131508150312140605060212,0.09229164570569992,4,48.0,270.0
1.2.643.5.1.13.13.12.2.77.8252.15141302131508150312140605060212,0.02684665471315384,4,176.0,208.0
1.2.643.5.1.13.13.12.2.77.8252.15141302131508150312140605060212,0.01670471951365471,4,80.0,240.0
1.2.643.5.1.13.13.12.2.77.8252.15141302131508150312140605060212,0.002184285083785653,4,160.0,256.0
1.2.643.5.1.13.13.12.2.77.8252.15141302131508150312140605060212,0.047739528119564056,4,48.0,144.0
1.2.643.5.1.13.13.12.2.77.8252.15141302131508150312140605060212,0.0032246524933725595,4,144.0,208.0
1.2.643.5.1.13.13.12.2.77.8252.15141302131508150312140605060212,0.15971650183200836,4,240.0,64.0
1.2.643.5.1.13.13.12.2.77.8252.15141302131508150312140605060212,0.003996300045400858,4,112.0,240.0
1.2.643.5.1.13.13.12.2.77.8252.15141302131508150312140605060212,0.019205724820494652,4,96.0,208.0
1.2.643.5.1.13.13.12.2.77.8252.15141302131508150312140605060212,0.02091125212609768,4,64.0,270.0
1.2.643.5.1.13.13.12.2.77.8252.15141302131508150312140605060212,0.26481348276138306,4,208.0,48.0
1.2.643.5.1.13.13.12.2.77.8252.15141302131508150312140605060212,0.023608146235346794,4,208.0,128.0
1.2.643.5.1.13.13.12.2.77.8252.15141302131508150312140605060212,0.07964692264795303,4,192.0,80.0
1.2.643.5.1.13.13.12.2.77.8252.15141302131508150312140605060212,0.2251739501953125,4,224.0,48.0
1.2.643.5.1.13.13.12.2.77.8252.15141302131508150312140605060212,0.014467990025877953,4,112.0,160.0
1.2.643.5.1.13.13.12.2.77.8252.02030112081401101404040904010405,0.11167117208242416,4,69.0,74.5
1.2.643.5.1.13.13.12.2.77.8252.02030112081401101404040904010405,0.16487841308116913,4,214.5,55.5
1.2.643.5.1.13.13.12.2.77.8252.02030112081401101404040904010405,0.13688595592975616,4,37.0,45.5
1.2.643.5.1.13.13.12.2.77.8252.02030112081401101404040904010405,0.14085258543491364,4,249.0,23.5
1.2.643.5.1.13.13.12.2.77.8252.02030112081401101404040904010405,0.08528859168291092,4,224.0,128.0
1.2.643.5.1.13.13.12.2.77.8252.02030112081401101404040904010405,0.006543763913214207,4,192.0,176.0
1.2.643.5.1.13.13.12.2.77.8252.02030112081401101404040904010405,0.0597413145005703,4,112.0,96.0
1.2.643.5.1.13.13.12.2.77.8252.02030112081401101404040904010405,0.018605949357151985,4,252.0,144.0
1.2.643.5.1.13.13.12.2.77.8252.02030112081401101404040904010405,0.001734571997076273,4,176.0,192.0
1.2.643.5.1.13.13.12.2.77.8252.02030112081401101404040904010405,0.0049011316150426865,4,192.0,192.0
1.2.643.5.1.13.13.12.2.77.8252.02030112081401101404040904010405,0.07434912770986557,4,80.0,48.0
1.2.643.5.1.13.13.12.2.77.8252.02030112081401101404040904010405,0.05468711629509926,4,64.0,128.0
1.2.643.5.1.13.13.12.2.77.8252.02030112081401101404040904010405,0.07995757460594177,4,224.0,112.0
1.2.643.5.1.13.13.12.2.77.8252.02030112081401101404040904010405,0.06686341762542725,4,240.0,96.0
1.2.643.5.1.13.13.12.2.77.8252.02030112081401101404040904010405,0.05113700404763222,4,224.0,192.0
1.2.643.5.1.13.13.12.2.77.8252.02030112081401101404040904010405,0.04931775853037834,4,224.0,239.0
1.2.643.5.1.13.13.12.2.77.8252.02030112081401101404040904010405,0.0006427195039577782,4,160.0,192.0
1.2.643.5.1.13.13.12.2.77.8252.02030112081401101404040904010405,0.017787428572773933,4,96.0,128.0
1.2.643.5.1.13.13.12.2.77.8252.02030112081401101404040904010405,0.034486930817365646,4,224.0,160.0
1.2.643.5.1.13.13.12.2.77.8252.02030112081401101404040904010405,0.007185673341155052,4,192.0,239.0
1.2.643.5.1.13.13.12.2.77.8252.02030112081401101404040904010405,0.020109018310904503,4,48.0,176.0
1.2.643.5.1.13.13.12.2.77.8252.02030112081401101404040904010405,0.01484588347375393,4,144.0,96.0
1.2.643.5.1.13.13.12.2.77.8252.02030112081401101404040904010405,0.03786458820104599,4,80.0,239.0
1.2.643.5.1.13.13.12.2.77.8252.02030112081401101404040904010405,0.18728962540626526,4,208.0,80.0
1.2.643.5.1.13.13.12.2.77.8252.02030112081401101404040904010405,0.030341941863298416,4,96.0,112.0
1.2.643.5.1.13.13.12.2.77.8252.02030112081401101404040904010405,0.3185283839702606,4,208.0,64.0
1.2.643.5.1.13.13.12.2.77.8252.02030112081401101404040904010405,0.005844328086823225,4,160.0,128.0
1.2.643.5.1.13.13.12.2.77.8252.02030112081401101404040904010405,0.05284852162003517,4,48.0,128.0
1.2.643.5.1.13.13.12.2.77.8252.02030112081401101404040904010405,0.17666178941726685,4,252.0,48.0
1.2.643.5.1.13.13.12.2.77.8252.02030112081401101404040904010405,0.020416714251041412,4,48.0,239.0
1.2.643.5.1.13.13.12.2.77.8252.02030112081401101404040904010405,0.02044159360229969,4,48.0,192.0
1.2.643.5.1.13.13.12.2.77.8252.02030112081401101404040904010405,0.037734951823949814,4,48.0,144.0
1.2.643.5.1.13.13.12.2.77.8252.02030112081401101404040904010405,0.023487858474254608,4,80.0,192.0
1.2.643.5.1.13.13.12.2.77.8252.02030112081401101404040904010405,0.21858958899974823,4,224.0,64.0
1.2.643.5.1.13.13.12.2.77.8252.02030112081401101404040904010405,0.09459853917360306,4,128.0,64.0
1.2.643.5.1.13.13.12.2.77.8252.02030112081401101404040904010405,0.025623103603720665,4,208.0,160.0
1.2.643.5.1.13.13.12.2.77.8252.02030112081401101404040904010405,0.13038715720176697,4,192.0,112.0
1.2.643.5.1.13.13.12.2.77.8252.02030112081401101404040904010405,0.020162541419267654,4,64.0,176.0
1.2.643.5.1.13.13.12.2.77.8252.02030112081401101404040904010405,0.0012887401971966028,4,160.0,224.0
1.2.643.5.1.13.13.12.2.77.8252.02030112081401101404040904010405,0.08772049099206924,4,192.0,48.0
1.2.643.5.1.13.13.12.2.77.8252.02030112081401101404040904010405,0.03227277100086212,4,112.0,112.0
1.2.643.5.1.13.13.12.2.77.8252.02030112081401101404040904010405,0.11516349017620087,4,240.0,80.0
1.2.643.5.1.13.13.12.2.77.8252.02030112081401101404040904010405,0.02208908647298813,4,240.0,160.0
1.2.643.5.1.13.13.12.2.77.8252.02030112081401101404040904010405,0.019851885735988617,4,252.0,224.0
1.2.643.5.1.13.13.12.2.77.8252.03050114141207061001080502130215,0.9998074173927307,4,75.0,77.0
1.2.643.5.1.13.13.12.2.77.8252.03050114141207061001080502130215,0.9991750121116638,4,78.5,106.5
1.2.643.5.1.13.13.12.2.77.8252.03050114141207061001080502130215,0.9999583959579468,4,96.5,75.0
1.2.643.5.1.13.13.12.2.77.8252.03050114141207061001080502130215,0.9994845390319824,4,117.5,73.5
1.2.643.5.1.13.13.12.2.77.8252.03050114141207061001080502130215,0.9859523773193359,4,121.0,102.5
1.2.643.5.1.13.13.12.2.77.8252.03050114141207061001080502130215,0.9995253086090088,4,100.5,105.5
1.2.643.5.1.13.13.12.2.77.8252.03050114141207061001080502130215,0.9929414987564087,4,48.0,48.0
1.2.643.5.1.13.13.12.2.77.8252.03050114141207061001080502130215,0.9946300983428955,4,64.0,48.0
1.2.643.5.1.13.13.12.2.77.8252.03050114141207061001080502130215,0.9924792051315308,4,80.0,48.0
1.2.643.5.1.13.13.12.2.77.8252.03050114141207061001080502130215,0.995972216129303,4,96.0,48.0
1.2.643.5.1.13.13.12.2.77.8252.03050114141207061001080502130215,0.9898843765258789,4,112.0,48.0
1.2.643.5.1.13.13.12.2.77.8252.03050114141207061001080502130215,0.9261576533317566,4,128.0,48.0
1.2.643.5.1.13.13.12.2.77.8252.03050114141207061001080502130215,0.6196679472923279,4,144.0,48.0
1.2.643.5.1.13.13.12.2.77.8252.03050114141207061001080502130215,0.5076583623886108,4,160.0,48.0
1.2.643.5.1.13.13.12.2.77.8252.03050114141207061001080502130215,0.9978325963020325,4,48.0,64.0
1.2.643.5.1.13.13.12.2.77.8252.03050114141207061001080502130215,0.9994134902954102,4,64.0,64.0
1.2.643.5.1.13.13.12.2.77.8252.03050114141207061001080502130215,0.9996457099914551,4,80.0,64.0
1.2.643.5.1.13.13.12.2.77.8252.03050114141207061001080502130215,0.9999161958694458,4,96.0,64.0
1.2.643.5.1.13.13.12.2.77.8252.03050114141207061001080502130215,0.9996140599250793,4,112.0,64.0
1.2.643.5.1.13.13.12.2.77.8252.03050114141207061001080502130215,0.9892544746398926,4,128.0,64.0
1.2.643.5.1.13.13.12.2.77.8252.03050114141207061001080502130215,0.8703351616859436,4,144.0,64.0
1.2.643.5.1.13.13.12.2.77.8252.03050114141207061001080502130215,0.6523711085319519,4,160.0,64.0
1.2.643.5.1.13.13.12.2.77.8252.03050114141207061001080502130215,0.9967663288116455,4,48.0,80.0
1.2.643.5.1.13.13.12.2.77.8252.03050114141207061001080502130215,0.9997101426124573,4,64.0,80.0
1.2.643.5.1.13.13.12.2.77.8252.03050114141207061001080502130215,0.9998674392700195,4,80.0,80.0
1.2.643.5.1.13.13.12.2.77.8252.03050114141207061001080502130215,0.9999508857727051,4,96.0,80.0
1.2.643.5.1.13.13.12.2.77.8252.03050114141207061001080502130215,0.9997174143791199,4,112.0,80.0
1.2.643.5.1.13.13.12.2.77.8252.03050114141207061001080502130215,0.9900000691413879,4,128.0,80.0
1.2.643.5.1.13.13.12.2.77.8252.03050114141207061001080502130215,0.7742152214050293,4,144.0,80.0
1.2.643.5.1.13.13.12.2.77.8252.03050114141207061001080502130215,0.37152713537216187,4,160.0,80.0
1.2.643.5.1.13.13.12.2.77.8252.03050114141207061001080502130215,0.9926395416259766,4,48.0,96.0
1.2.643.5.1.13.13.12.2.77.8252.03050114141207061001080502130215,0.9993067979812622,4,64.0,96.0
1.2.643.5.1.13.13.12.2.77.8252.03050114141207061001080502130215,0.9996675252914429,4,80.0,96.0
1.2.643.5.1.13.13.12.2.77.8252.03050114141207061001080502130215,0.9998186230659485,4,96.0,96.0
1.2.643.5.1.13.13.12.2.77.8252.03050114141207061001080502130215,0.9989275336265564,4,112.0,96.0
1.2.643.5.1.13.13.12.2.77.8252.03050114141207061001080502130215,0.9279824495315552,4,128.0,96.0
1.2.643.5.1.13.13.12.2.77.8252.03050114141207061001080502130215,0.4115070402622223,4,144.0,96.0
1.2.643.5.1.13.13.12.2.77.8252.03050114141207061001080502130215,0.07710906118154526,4,160.0,96.0
1.2.643.5.1.13.13.12.2.77.8252.03050114141207061001080502130215,0.9776473045349121,4,48.0,112.0
1.2.643.5.1.13.13.12.2.77.8252.03050114141207061001080502130215,0.9976535439491272,4,64.0,112.0
1.2.643.5.1.13.13.12.2.77.8252.03050114141207061001080502130215,0.9989433884620667,4,80.0,112.0
1.2.643.5.1.13.13.12.2.77.8252.03050114141207061001080502130215,0.9992138147354126,4,96.0,112.0
1.2.643.5.1.13.13.12.2.77.8252.03050114141207061001080502130215,0.9951764345169067,4,112.0,112.0
1.2.643.5.1.13.13.12.2.77.8252.03050114141207061001080502130215,0.7724873423576355,4,128.0,112.0
1.2.643.5.1.13.13.12.2.77.8252.03050114141207061001080502130215,0.1627410650253296,4,144.0,112.0
1.2.643.5.1.13.13.12.2.77.8252.03050114141207061001080502130215,0.023862773552536964,4,160.0,112.0
1.2.643.5.1.13.13.12.2.77.8252.03050114141207061001080502130215,0.6268137097358704,4,48.0,128.0
1.2.643.5.1.13.13.12.2.77.8252.03050114141207061001080502130215,0.890051007270813,4,64.0,128.0
1.2.643.5.1.13.13.12.2.77.8252.03050114141207061001080502130215,0.934857189655304,4,80.0,128.0
1.2.643.5.1.13.13.12.2.77.8252.03050114141207061001080502130215,0.9282835721969604,4,96.0,128.0
1.2.643.5.1.13.13.12.2.77.8252.03050114141207061001080502130215,0.7296103239059448,4,112.0,128.0
1.2.643.5.1.13.13.12.2.77.8252.03050114141207061001080502130215,0.1543416976928711,4,128.0,128.0
1.2.643.5.1.13.13.12.2.77.8252.03050114141207061001080502130215,0.030662985518574715,4,144.0,128.0
1.2.643.5.1.13.13.12.2.77.8252.03050114141207061001080502130215,0.0075536444783210754,4,160.0,128.0
1.2.643.5.1.13.13.12.2.77.8252.03050114141207061001080502130215,0.21509946882724762,4,48.0,144.0
1.2.643.5.1.13.13.12.2.77.8252.03050114141207061001080502130215,0.475299596786499,4,64.0,144.0
1.2.643.5.1.13.13.12.2.77.8252.03050114141207061001080502130215,0.698815643787384,4,80.0,144.0
1.2.643.5.1.13.13.12.2.77.8252.03050114141207061001080502130215,0.4092525839805603,4,96.0,144.0
1.2.643.5.1.13.13.12.2.77.8252.03050114141207061001080502130215,0.22439418733119965,4,112.0,144.0
1.2.643.5.1.13.13.12.2.77.8252.03050114141207061001080502130215,0.04116414114832878,4,128.0,144.0
1.2.643.5.1.13.13.12.2.77.8252.03050114141207061001080502130215,0.014957481063902378,4,144.0,144.0
1.2.643.5.1.13.13.12.2.77.8252.03050114141207061001080502130215,0.004933816380798817,4,160.0,144.0
1.2.643.5.1.13.13.12.2.77.8252.03050114141207061001080502130215,0.03054540976881981,4,176.0,224.0
1.2.643.5.1.13.13.12.2.77.8252.03050114141207061001080502130215,0.019929984584450722,4,240.0,192.0
1.2.643.5.1.13.13.12.2.77.8252.03050114141207061001080502130215,0.02326957695186138,4,96.0,224.0
1.2.643.5.1.13.13.12.2.77.8252.03050114141207061001080502130215,0.040804795920848846,4,252.0,112.0
1.2.643.5.1.13.13.12.2.77.8252.03050114141207061001080502130215,0.009881447069346905,4,192.0,192.0
1.2.643.5.1.13.13.12.2.77.8252.03050114141207061001080502130215,0.2974151074886322,4,208.0,64.0
1.2.643.5.1.13.13.12.2.77.8252.03050114141207061001080502130215,0.2810845971107483,4,224.0,80.0
1.2.643.5.1.13.13.12.2.77.8252.03050114141207061001080502130215,0.10806259512901306,4,208.0,96.0
1.2.643.5.1.13.13.12.2.77.8252.03050114141207061001080502130215,0.09785222262144089,4,208.0,208.0
1.2.643.5.1.13.13.12.2.77.8252.03050114141207061001080502130215,0.12174247950315475,4,252.0,80.0
1.2.643.5.1.13.13.12.2.77.8252.03050114141207061001080502130215,0.44028913974761963,4,224.0,48.0
1.2.643.5.1.13.13.12.2.77.8252.03050114141207061001080502130215,0.04133535549044609,4,240.0,128.0
1.2.643.5.1.13.13.12.2.77.8252.03050114141207061001080502130215,0.16499730944633484,4,240.0,80.0
1.2.643.5.1.13.13.12.2.77.8252.03050114141207061001080502130215,0.01057765819132328,4,144.0,208.0
1.2.643.5.1.13.13.12.2.77.8252.03050114141207061001080502130215,0.011840895749628544,4,112.0,208.0
1.2.643.5.1.13.13.12.2.77.8252.03050114141207061001080502130215,0.1516871303319931,4,64.0,239.0
1.2.643.5.1.13.13.12.2.77.8252.03050114141207061001080502130215,0.014864766970276833,4,128.0,224.0
1.2.643.5.1.13.13.12.2.77.8252.03050114141207061001080502130215,0.08052834123373032,4,80.0,208.0
1.2.643.5.1.13.13.12.2.77.8252.03050114141207061001080502130215,0.017966454848647118,4,144.0,224.0
1.2.643.5.1.13.13.12.2.77.8252.03050114141207061001080502130215,0.17859622836112976,4,224.0,208.0
1.2.643.5.1.13.13.12.2.77.8252.03050114141207061001080502130215,0.045960817486047745,4,240.0,112.0
1.2.643.5.1.13.13.12.2.77.8252.03050114141207061001080502130215,0.020129304379224777,4,48.0,192.0
1.2.643.5.1.13.13.12.2.77.8252.03050114141207061001080502130215,0.08105964213609695,4,224.0,192.0
1.2.643.5.1.13.13.12.2.77.8252.03050114141207061001080502130215,0.04471292719244957,4,48.0,224.0
1.2.643.5.1.13.13.12.2.77.8252.03050114141207061001080502130215,0.04618660733103752,4,64.0,224.0
1.2.643.5.1.13.13.12.2.77.8252.03050114141207061001080502130215,0.04409094154834747,4,252.0,239.0
1.2.643.5.1.13.13.12.2.77.8252.03050114141207061001080502130215,0.16173504292964935,4,224.0,224.0
1.2.643.5.1.13.13.12.2.77.8252.03050114141207061001080502130215,0.014006998389959335,4,208.0,160.0
1.2.643.5.1.13.13.12.2.77.8252.03050114141207061001080502130215,0.10384392738342285,4,48.0,239.0
1.2.643.5.1.13.13.12.2.77.8252.03050114141207061001080502130215,0.031539734452962875,4,48.0,208.0
1.2.643.5.1.13.13.12.2.77.8252.03050114141207061001080502130215,0.03724595904350281,4,252.0,128.0
1.2.643.5.1.13.13.12.2.77.8252.03050114141207061001080502130215,0.03251087665557861,4,208.0,144.0
1.2.643.5.1.13.13.12.2.77.8252.03050114141207061001080502130215,0.02611064352095127,4,192.0,208.0
1.2.643.5.1.13.13.12.2.77.8252.03050114141207061001080502130215,0.25862982869148254,4,224.0,239.0
1.2.643.5.1.13.13.12.2.77.8252.03050114141207061001080502130215,0.3365730345249176,4,224.0,64.0
1.2.643.5.1.13.13.12.2.77.8252.03050114141207061001080502130215,0.02517477050423622,4,160.0,224.0
1.2.643.5.1.13.13.12.2.77.8252.03050114141207061001080502130215,0.057674676179885864,4,240.0,239.0
1.2.643.5.1.13.13.12.2.77.8252.03050114141207061001080502130215,0.15649138391017914,4,192.0,239.0
1.2.643.5.1.13.13.12.2.77.8252.03050114141207061001080502130215,0.08334511518478394,4,252.0,96.0
1.2.643.5.1.13.13.12.2.77.8252.03050114141207061001080502130215,0.030353408306837082,4,208.0,192.0
1.2.643.5.1.13.13.12.2.77.8252.13140203110104081414101201001405,0.005511519033461809,4,160.0,144.0
1.2.643.5.1.13.13.12.2.77.8252.13140203110104081414101201001405,0.01742454804480076,4,192.0,208.0
1.2.643.5.1.13.13.12.2.77.8252.13140203110104081414101201001405,0.002809458412230015,4,96.0,160.0
1.2.643.5.1.13.13.12.2.77.8252.13140203110104081414101201001405,0.011276754550635815,4,160.0,208.0
1.2.643.5.1.13.13.12.2.77.8252.13140203110104081414101201001405,0.08383814245462418,4,48.0,144.0
1.2.643.5.1.13.13.12.2.77.8252.13140203110104081414101201001405,0.019591236487030983,4,176.0,176.0
1.2.643.5.1.13.13.12.2.77.8252.13140203110104081414101201001405,0.01796378754079342,4,176.0,160.0
1.2.643.5.1.13.13.12.2.77.8252.13140203110104081414101201001405,0.019896110519766808,4,252.0,160.0
1.2.643.5.1.13.13.12.2.77.8252.13140203110104081414101201001405,0.21469518542289734,4,48.0,80.0
1.2.643.5.1.13.13.12.2.77.8252.13140203110104081414101201001405,0.061513494700193405,4,240.0,240.0
1.2.643.5.1.13.13.12.2.77.8252.13140203110104081414101201001405,0.06325710564851761,4,192.0,48.0
1.2.643.5.1.13.13.12.2.77.8252.13140203110104081414101201001405,0.0037530011031776667,4,128.0,224.0
1.2.643.5.1.13.13.12.2.77.8252.13140203110104081414101201001405,0.00800792034715414,4,160.0,160.0
1.2.643.5.1.13.13.12.2.77.8252.13140203110104081414101201001405,0.05791712552309036,4,48.0,192.0
1.2.643.5.1.13.13.12.2.77.8252.13140203110104081414101201001405,0.010655793361365795,4,176.0,96.0
1.2.643.5.1.13.13.12.2.77.8252.13140203110104081414101201001405,0.042724061757326126,4,176.0,48.0
1.2.643.5.1.13.13.12.2.77.8252.13140203110104081414101201001405,0.019602669402956963,4,224.0,128.0
1.2.643.5.1.13.13.12.2.77.8252.13140203110104081414101201001405,0.02593749575316906,4,160.0,48.0
1.2.643.5.1.13.13.12.2.77.8252.13140203110104081414101201001405,0.020667852833867073,4,240.0,192.0
1.2.643.5.1.13.13.12.2.77.8252.13140203110104081414101201001405,0.019580915570259094,4,224.0,144.0
1.2.643.5.1.13.13.12.2.77.8252.13140203110104081414101201001405,0.2089475691318512,4,48.0,48.0
1.2.643.5.1.13.13.12.2.77.8252.13140203110104081414101201001405,0.036493685096502304,4,64.0,80.0
1.2.643.5.1.13.13.12.2.77.8252.13140203110104081414101201001405,0.03482375293970108,4,208.0,64.0
1.2.643.5.1.13.13.12.2.77.8252.13140203110104081414101201001405,0.00925556942820549,4,64.0,192.0
1.2.643.5.1.13.13.12.2.77.8252.13140203110104081414101201001405,0.03031124360859394,4,64.0,240.0
1.2.643.5.1.13.13.12.2.77.8252.13140203110104081414101201001405,0.018764842301607132,4,224.0,176.0
1.2.643.5.1.13.13.12.2.77.8252.13140203110104081414101201001405,0.014959454536437988,4,176.0,208.0
1.2.643.5.1.13.13.12.2.77.8252.13140203110104081414101201001405,0.03125770390033722,4,208.0,243.0
1.2.643.5.1.13.13.12.2.77.8252.13140203110104081414101201001405,0.005102226044982672,4,160.0,96.0
1.2.643.5.1.13.13.12.2.77.8252.13140203110104081414101201001405,0.015880415216088295,4,96.0,224.0
1.2.643.5.1.13.13.12.2.77.8252.13140203110104081414101201001405,0.022424399852752686,4,240.0,96.0
1.2.643.5.1.13.13.12.2.77.8252.13140203110104081414101201001405,0.005117395892739296,4,160.0,240.0
1.2.643.5.1.13.13.12.2.77.8252.13140203110104081414101201001405,0.04871721565723419,4,48.0,160.0
1.2.643.5.1.13.13.12.2.77.8252.13140203110104081414101201001405,0.011349722743034363,4,192.0,240.0
1.2.643.5.1.13.13.12.2.77.8252.13140203110104081414101201001405,0.005267436616122723,4,144.0,192.0
1.2.643.5.1.13.13.12.2.77.8252.13140203110104081414101201001405,0.069916270673275,4,224.0,240.0
1.2.643.5.1.13.13.12.2.77.8252.13140203110104081414101201001405,0.024036632850766182,4,224.0,48.0
1.2.643.5.1.13.13.12.2.77.8252.13140203110104081414101201001405,0.006778268609195948,4,96.0,128.0
1.2.643.5.1.13.13.12.2.77.8252.13140203110104081414101201001405,0.0022033960558474064,4,128.0,128.0
1.2.643.5.1.13.13.12.2.77.8252.13140203110104081414101201001405,0.006879970896989107,4,160.0,80.0
1.2.643.5.1.13.13.12.2.77.8252.12031311070507060813050800031313,0.9562667608261108,4,33.5,57.5
1.2.643.5.1.13.13.12.2.77.8252.12031311070507060813050800031313,0.002508311765268445,4,176.0,208.0
1.2.643.5.1.13.13.12.2.77.8252.12031311070507060813050800031313,0.029632747173309326,4,176.0,96.0
1.2.643.5.1.13.13.12.2.77.8252.12031311070507060813050800031313,0.04679080471396446,4,160.0,64.0
1.2.643.5.1.13.13.12.2.77.8252.12031311070507060813050800031313,0.11573246121406555,4,96.0,80.0
1.2.643.5.1.13.13.12.2.77.8252.12031311070507060813050800031313,0.05067175254225731,4,80.0,144.0
1.2.643.5.1.13.13.12.2.77.8252.12031311070507060813050800031313,0.2200745940208435,4,208.0,80.0
1.2.643.5.1.13.13.12.2.77.8252.12031311070507060813050800031313,0.010191020555794239,4,80.0,192.0
1.2.643.5.1.13.13.12.2.77.8252.12031311070507060813050800031313,0.5679903030395508,4,224.0,48.0
1.2.643.5.1.13.13.12.2.77.8252.12031311070507060813050800031313,0.01523398607969284,4,192.0,144.0
1.2.643.5.1.13.13.12.2.77.8252.12031311070507060813050800031313,0.03851979970932007,4,224.0,240.0
1.2.643.5.1.13.13.12.2.77.8252.12031311070507060813050800031313,0.03894509747624397,4,48.0,241.0
1.2.643.5.1.13.13.12.2.77.8252.12031311070507060813050800031313,0.12599241733551025,4,48.0,128.0
1.2.643.5.1.13.13.12.2.77.8252.12031311070507060813050800031313,0.09646116942167282,4,224.0,144.0
1.2.643.5.1.13.13.12.2.77.8252.12031311070507060813050800031313,0.02344772219657898,4,240.0,176.0
1.2.643.5.1.13.13.12.2.77.8252.12031311070507060813050800031313,0.09307561069726944,4,240.0,241.0
1.2.643.5.1.13.13.12.2.77.8252.12031311070507060813050800031313,0.005392008926719427,4,96.0,224.0
1.2.643.5.1.13.13.12.2.77.8252.12031311070507060813050800031313,0.010790877044200897,4,112.0,240.0
1.2.643.5.1.13.13.12.2.77.8252.12031311070507060813050800031313,0.06818580627441406,4,224.0,160.0
1.2.643.5.1.13.13.12.2.77.8252.12031311070507060813050800031313,0.007690779399126768,4,208.0,192.0
1.2.643.5.1.13.13.12.2.77.8252.12031311070507060813050800031313,0.05197153240442276,4,96.0,128.0
1.2.643.5.1.13.13.12.2.77.8252.12031311070507060813050800031313,0.025818586349487305,4,48.0,224.0
1.2.643.5.1.13.13.12.2.77.8252.12031311070507060813050800031313,0.07024022191762924,4,112.0,48.0
1.2.643.5.1.13.13.12.2.77.8252.12031311070507060813050800031313,0.5217707753181458,4,240.0,96.0
1.2.643.5.1.13.13.12.2.77.8252.12031311070507060813050800031313,0.03742207959294319,4,48.0,240.0
1.2.643.5.1.13.13.12.2.77.8252.12031311070507060813050800031313,0.025026416406035423,4,96.0,160.0
1.2.643.5.1.13.13.12.2.77.8252.12031311070507060813050800031313,0.17071419954299927,4,224.0,128.0
1.2.643.5.1.13.13.12.2.77.8252.12031311070507060813050800031313,0.012179523706436157,4,128.0,112.0
1.2.643.5.1.13.13.12.2.77.8252.12031311070507060813050800031313,0.0290068332105875,4,144.0,64.0
1.2.643.5.1.13.13.12.2.77.8252.12031311070507060813050800031313,0.009800201281905174,4,192.0,176.0
1.2.643.5.1.13.13.12.2.77.8252.12031311070507060813050800031313,0.008547737263143063,4,208.0,241.0
1.2.643.5.1.13.13.12.2.77.8252.12031311070507060813050800031313,0.00532170757651329,4,128.0,176.0
1.2.643.5.1.13.13.12.2.77.8252.12031311070507060813050800031313,0.003686824580654502,4,208.0,208.0
1.2.643.5.1.13.13.12.2.77.8252.12031311070507060813050800031313,0.3474308252334595,4,252.0,112.0
1.2.643.5.1.13.13.12.2.77.8252.12031311070507060813050800031313,0.011103589087724686,4,96.0,192.0
1.2.643.5.1.13.13.12.2.77.8252.12031311070507060813050800031313,0.8198300004005432,4,240.0,48.0
1.2.643.5.1.13.13.12.2.77.8252.12031311070507060813050800031313,0.002894998760893941,4,160.0,176.0
1.2.643.5.1.13.13.12.2.77.8252.12031311070507060813050800031313,0.002389682922512293,4,128.0,208.0
1.2.643.5.1.13.13.12.2.77.8252.12031311070507060813050800031313,0.011017950251698494,4,112.0,192.0
1.2.643.5.1.13.13.12.2.77.8252.12031311070507060813050800031313,0.008097206242382526,4,128.0,144.0
1.2.643.5.1.13.13.12.2.77.8252.12031311070507060813050800031313,0.042564645409584045,4,48.0,160.0
1.2.643.5.1.13.13.12.2.77.8252.10051211011505050506141504040101,0.032778967171907425,4,160.0,48.0
1.2.643.5.1.13.13.12.2.77.8252.10051211011505050506141504040101,0.08047430217266083,4,252.0,128.0
1.2.643.5.1.13.13.12.2.77.8252.10051211011505050506141504040101,0.07180076837539673,4,240.0,208.0
1.2.643.5.1.13.13.12.2.77.8252.10051211011505050506141504040101,0.03006763383746147,4,128.0,128.0
1.2.643.5.1.13.13.12.2.77.8252.10051211011505050506141504040101,0.23029877245426178,4,224.0,96.0
1.2.643.5.1.13.13.12.2.77.8252.10051211011505050506141504040101,0.0007649121107533574,4,176.0,192.0
1.2.643.5.1.13.13.12.2.77.8252.10051211011505050506141504040101,0.23119015991687775,4,80.0,112.0
1.2.643.5.1.13.13.12.2.77.8252.10051211011505050506141504040101,0.2734784185886383,4,128.0,80.0
1.2.643.5.1.13.13.12.2.77.8252.10051211011505050506141504040101,0.006553495768457651,4,112.0,176.0
1.2.643.5.1.13.13.12.2.77.8252.10051211011505050506141504040101,0.005756214261054993,4,192.0,160.0
1.2.643.5.1.13.13.12.2.77.8252.10051211011505050506141504040101,0.02031327597796917,4,48.0,224.0
1.2.643.5.1.13.13.12.2.77.8252.10051211011505050506141504040101,0.026203354820609093,4,80.0,240.0
1.2.643.5.1.13.13.12.2.77.8252.10051211011505050506141504040101,0.2255943864583969,4,48.0,80.0
1.2.643.5.1.13.13.12.2.77.8252.10051211011505050506141504040101,0.019240636378526688,4,224.0,243.0
1.2.643.5.1.13.13.12.2.77.8252.10051211011505050506141504040101,0.0887831524014473,4,144.0,64.0
1.2.643.5.1.13.13.12.2.77.8252.10051211011505050506141504040101,0.16833332180976868,4,208.0,48.0
1.2.643.5.1.13.13.12.2.77.8252.10051211011505050506141504040101,0.22540758550167084,4,176.0,96.0
1.2.643.5.1.13.13.12.2.77.8252.10051211011505050506141504040101,0.20355580747127533,4,48.0,48.0
1.2.643.5.1.13.13.12.2.77.8252.10051211011505050506141504040101,0.0021314481273293495,4,192.0,224.0
1.2.643.5.1.13.13.12.2.77.8252.10051211011505050506141504040101,0.00026779412291944027,4,160.0,224.0
1.2.643.5.1.13.13.12.2.77.8252.10051211011505050506141504040101,0.044663745909929276,4,64.0,243.0
1.2.643.5.1.13.13.12.2.77.8252.10051211011505050506141504040101,0.004081904888153076,4,192.0,240.0
1.2.643.5.1.13.13.12.2.77.8252.10051211011505050506141504040101,0.07600584626197815,4,64.0,144.0
1.2.643.5.1.13.13.12.2.77.8252.10051211011505050506141504040101,0.03616906702518463,4,48.0,160.0
1.2.643.5.1.13.13.12.2.77.8252.10051211011505050506141504040101,0.04952572286128998,4,208.0,112.0
1.2.643.5.1.13.13.12.2.77.8252.10051211011505050506141504040101,0.0004020867927465588,4,144.0,208.0
1.2.643.5.1.13.13.12.2.77.8252.10051211011505050506141504040101,0.029127445071935654,4,144.0,128.0
1.2.643.5.1.13.13.12.2.77.8252.10051211011505050506141504040101,0.012814028188586235,4,224.0,208.0
1.2.643.5.1.13.13.12.2.77.8252.10051211011505050506141504040101,0.0006322073750197887,4,144.0,224.0
1.2.643.5.1.13.13.12.2.77.8252.10051211011505050506141504040101,0.012478788383305073,4,96.0,224.0
1.2.643.5.1.13.13.12.2.77.8252.10051211011505050506141504040101,0.0003756372898351401,4,144.0,243.0
1.2.643.5.1.13.13.12.2.77.8252.10051211011505050506141504040101,0.006181742064654827,4,96.0,240.0
1.2.643.5.1.13.13.12.2.77.8252.10051211011505050506141504040101,0.0042683579958975315,4,192.0,243.0
1.2.643.5.1.13.13.12.2.77.8252.10051211011505050506141504040101,0.004750704392790794,4,144.0,144.0
1.2.643.5.1.13.13.12.2.77.8252.10051211011505050506141504040101,0.0011150981299579144,4,144.0,192.0
1.2.643.5.1.13.13.12.2.77.8252.10051211011505050506141504040101,0.036899905651807785,4,144.0,48.0
1.2.643.5.1.13.13.12.2.77.8252.10051211011505050506141504040101,0.3697872757911682,4,240.0,48.0
1.2.643.5.1.13.13.12.2.77.8252.10051211011505050506141504040101,0.06090515851974487,4,252.0,243.0
1.2.643.5.1.13.13.12.2.77.8252.10051211011505050506141504040101,0.050463106483221054,4,96.0,144.0
1.2.643.5.1.13.13.12.2.77.8252.10051211011505050506141504040101,0.06862814724445343,4,240.0,243.0
1.2.643.5.1.13.13.12.2.77.8252.07120809010109050202061111011110,0.45999228954315186,4,275.5,276.0
1.2.643.5.1.13.13.12.2.77.8252.07120809010109050202061111011110,0.19445286691188812,4,128.5,16.5
1.2.643.5.1.13.13.12.2.77.8252.07120809010109050202061111011110,0.46225816011428833,4,131.5,40.5
1.2.643.5.1.13.13.12.2.77.8252.07120809010109050202061111011110,0.12308535724878311,4,96.0,48.0
1.2.643.5.1.13.13.12.2.77.8252.07120809010109050202061111011110,0.18864519894123077,4,112.0,48.0
1.2.643.5.1.13.13.12.2.77.8252.07120809010109050202061111011110,0.23608829081058502,4,128.0,48.0
1.2.643.5.1.13.13.12.2.77.8252.07120809010109050202061111011110,0.2924140691757202,4,144.0,48.0
1.2.643.5.1.13.13.12.2.77.8252.07120809010109050202061111011110,0.6624180674552917,4,160.0,48.0
1.2.643.5.1.13.13.12.2.77.8252.07120809010109050202061111011110,0.738076388835907,4,176.0,48.0
1.2.643.5.1.13.13.12.2.77.8252.07120809010109050202061111011110,0.1927460879087448,4,96.0,64.0
1.2.643.5.1.13.13.12.2.77.8252.07120809010109050202061111011110,0.23665063083171844,4,112.0,64.0
1.2.643.5.1.13.13.12.2.77.8252.07120809010109050202061111011110,0.2287881225347519,4,128.0,64.0
1.2.643.5.1.13.13.12.2.77.8252.07120809010109050202061111011110,0.26852717995643616,4,144.0,64.0
1.2.643.5.1.13.13.12.2.77.8252.07120809010109050202061111011110,0.47314321994781494,4,160.0,64.0
1.2.643.5.1.13.13.12.2.77.8252.07120809010109050202061111011110,0.36007964611053467,4,176.0,64.0
1.2.643.5.1.13.13.12.2.77.8252.07120809010109050202061111011110,0.1806248277425766,4,96.0,80.0
1.2.643.5.1.13.13.12.2.77.8252.07120809010109050202061111011110,0.17395445704460144,4,112.0,80.0
1.2.643.5.1.13.13.12.2.77.8252.07120809010109050202061111011110,0.18867170810699463,4,128.0,80.0
1.2.643.5.1.13.13.12.2.77.8252.07120809010109050202061111011110,0.21168433129787445,4,144.0,80.0
1.2.643.5.1.13.13.12.2.77.8252.07120809010109050202061111011110,0.38275840878486633,4,160.0,80.0
1.2.643.5.1.13.13.12.2.77.8252.07120809010109050202061111011110,0.3097730576992035,4,176.0,80.0
1.2.643.5.1.13.13.12.2.77.8252.07120809010109050202061111011110,0.2577850818634033,4,240.0,240.0
1.2.643.5.1.13.13.12.2.77.8252.07120809010109050202061111011110,0.25685879588127136,4,252.0,240.0
1.2.643.5.1.13.13.12.2.77.8252.07120809010109050202061111011110,0.37656304240226746,4,240.0,256.0
1.2.643.5.1.13.13.12.2.77.8252.07120809010109050202061111011110,0.3790436089038849,4,252.0,256.0
1.2.643.5.1.13.13.12.2.77.8252.07120809010109050202061111011110,0.4059062600135803,4,240.0,267.0
1.2.643.5.1.13.13.12.2.77.8252.07120809010109050202061111011110,0.40776363015174866,4,252.0,267.0
1.2.643.5.1.13.13.12.2.77.8252.07120809010109050202061111011110,0.34046974778175354,4,48.0,112.0
1.2.643.5.1.13.13.12.2.77.8252.07120809010109050202061111011110,0.02318010851740837,4,252.0,144.0
1.2.643.5.1.13.13.12.2.77.8252.07120809010109050202061111011110,0.1031821072101593,4,128.0,192.0
1.2.643.5.1.13.13.12.2.77.8252.07120809010109050202061111011110,0.09613501280546188,4,208.0,128.0
1.2.643.5.1.13.13.12.2.77.8252.07120809010109050202061111011110,0.1031261458992958,4,176.0,128.0
1.2.643.5.1.13.13.12.2.77.8252.07120809010109050202061111011110,0.0326029472053051,4,48.0,240.0
1.2.643.5.1.13.13.12.2.77.8252.07120809010109050202061111011110,0.035549767315387726,4,160.0,240.0
1.2.643.5.1.13.13.12.2.77.8252.07120809010109050202061111011110,0.05431043356657028,4,224.0,96.0
1.2.643.5.1.13.13.12.2.77.8252.07120809010109050202061111011110,0.07127625495195389,4,176.0,144.0
1.2.643.5.1.13.13.12.2.77.8252.07120809010109050202061111011110,0.027964934706687927,4,224.0,128.0
1.2.643.5.1.13.13.12.2.77.8252.07120809010109050202061111011110,0.23633413016796112,4,112.0,160.0
1.2.643.5.1.13.13.12.2.77.8252.07120809010109050202061111011110,0.10327370464801788,4,224.0,80.0
1.2.643.5.1.13.13.12.2.77.8252.07120809010109050202061111011110,0.02009674720466137,4,240.0,176.0
1.2.643.5.1.13.13.12.2.77.8252.07120809010109050202061111011110,0.20237857103347778,4,48.0,160.0
1.2.643.5.1.13.13.12.2.77.8252.07120809010109050202061111011110,0.041730258613824844,4,160.0,224.0
1.2.643.5.1.13.13.12.2.77.8252.07120809010109050202061111011110,0.038494475185871124,4,252.0,64.0
1.2.643.5.1.13.13.12.2.77.8252.07120809010109050202061111011110,0.05767431482672691,4,240.0,64.0
1.2.643.5.1.13.13.12.2.77.8252.07120809010109050202061111011110,0.07533416152000427,4,160.0,176.0
1.2.643.5.1.13.13.12.2.77.8252.07120809010109050202061111011110,0.23451240360736847,4,112.0,144.0
1.2.643.5.1.13.13.12.2.77.8252.07120809010109050202061111011110,0.010624646209180355,4,96.0,240.0
1.2.643.5.1.13.13.12.2.77.8252.07120809010109050202061111011110,0.48524606227874756,4,80.0,128.0
1.2.643.5.1.13.13.12.2.77.8252.07120809010109050202061111011110,0.014056231826543808,4,80.0,256.0
1.2.643.5.1.13.13.12.2.77.8252.07120809010109050202061111011110,0.0037089670076966286,4,112.0,256.0
1.2.643.5.1.13.13.12.2.77.8252.07120809010109050202061111011110,0.12310090661048889,4,96.0,176.0
1.2.643.5.1.13.13.12.2.77.8252.07120809010109050202061111011110,0.005058349575847387,4,128.0,256.0
1.2.643.5.1.13.13.12.2.77.8252.07120809010109050202061111011110,0.027859464287757874,4,240.0,96.0
1.2.643.5.1.13.13.12.2.77.8252.07120809010109050202061111011110,0.2668585181236267,4,128.0,128.0
1.2.643.5.1.13.13.12.2.77.8252.07120809010109050202061111011110,0.023566272109746933,4,80.0,267.0
1.2.643.5.1.13.13.12.2.77.8252.07120809010109050202061111011110,0.23123306035995483,4,128.0,160.0
1.2.643.5.1.13.13.12.2.77.8252.07120809010109050202061111011110,0.06852884590625763,4,208.0,144.0
1.2.643.5.1.13.13.12.2.77.8252.07120809010109050202061111011110,0.07285429537296295,4,144.0,224.0
1.2.643.5.1.13.13.12.2.77.8252.07120809010109050202061111011110,0.027109796181321144,4,252.0,80.0
1.2.643.5.1.13.13.12.2.77.8252.07120809010109050202061111011110,0.04129285365343094,4,192.0,208.0
1.2.643.5.1.13.13.12.2.77.8252.07120809010109050202061111011110,0.2149900496006012,4,48.0,144.0
1.2.643.5.1.13.13.12.2.77.8252.07120809010109050202061111011110,0.2726723551750183,4,96.0,128.0
1.2.643.5.1.13.13.12.2.77.8252.07120809010109050202061111011110,0.08566609025001526,4,96.0,192.0
1.2.643.5.1.13.13.12.2.77.8252.07120809010109050202061111011110,0.02044159360229969,4,252.0,192.0
1.2.643.5.1.13.13.12.2.77.8252.07120809010109050202061111011110,0.00433000922203064,4,128.0,267.0
1.2.643.5.1.13.13.12.2.77.8252.07120809010109050202061111011110,0.1865740418434143,4,144.0,144.0
1.2.643.5.1.13.13.12.2.77.8252.07120809010109050202061111011110,0.034395720809698105,4,176.0,192.0
1.2.643.5.1.13.13.12.2.77.8252.01091510011014070612050311031410,0.028172582387924194,4,64.0,176.0
1.2.643.5.1.13.13.12.2.77.8252.01091510011014070612050311031410,0.03919720649719238,4,48.0,48.0
1.2.643.5.1.13.13.12.2.77.8252.01091510011014070612050311031410,0.050711702555418015,4,80.0,128.0
1.2.643.5.1.13.13.12.2.77.8252.01091510011014070612050311031410,0.0006617315229959786,4,176.0,241.0
1.2.643.5.1.13.13.12.2.77.8252.01091510011014070612050311031410,0.059734005481004715,4,224.0,64.0
1.2.643.5.1.13.13.12.2.77.8252.01091510011014070612050311031410,0.007727442774921656,4,176.0,96.0
1.2.643.5.1.13.13.12.2.77.8252.01091510011014070612050311031410,0.058045659214258194,4,64.0,208.0
1.2.643.5.1.13.13.12.2.77.8252.01091510011014070612050311031410,0.07716717571020126,4,252.0,241.0
1.2.643.5.1.13.13.12.2.77.8252.01091510011014070612050311031410,0.0366053506731987,4,48.0,208.0
1.2.643.5.1.13.13.12.2.77.8252.01091510011014070612050311031410,0.003920984920114279,4,112.0,240.0
1.2.643.5.1.13.13.12.2.77.8252.01091510011014070612050311031410,0.05120236426591873,4,224.0,144.0
1.2.643.5.1.13.13.12.2.77.8252.01091510011014070612050311031410,0.0021833698265254498,4,176.0,160.0
1.2.643.5.1.13.13.12.2.77.8252.01091510011014070612050311031410,0.01802924834191799,4,192.0,80.0
1.2.643.5.1.13.13.12.2.77.8252.01091510011014070612050311031410,0.014952906407415867,4,224.0,241.0
1.2.643.5.1.13.13.12.2.77.8252.01091510011014070612050311031410,0.00942190457135439,4,96.0,224.0
1.2.643.5.1.13.13.12.2.77.8252.01091510011014070612050311031410,0.05859715864062309,4,224.0,80.0
1.2.643.5.1.13.13.12.2.77.8252.01091510011014070612050311031410,0.013889423571527004,4,192.0,96.0
1.2.643.5.1.13.13.12.2.77.8252.01091510011014070612050311031410,0.030325543135404587,4,64.0,80.0
1.2.643.5.1.13.13.12.2.77.8252.01091510011014070612050311031410,0.028344685211777687,4,144.0,64.0
1.2.643.5.1.13.13.12.2.77.8252.01091510011014070612050311031410,0.07682459056377411,4,80.0,192.0
1.2.643.5.1.13.13.12.2.77.8252.01091510011014070612050311031410,0.0016743905143812299,4,160.0,192.0
1.2.643.5.1.13.13.12.2.77.8252.01091510011014070612050311031410,0.030420541763305664,4,144.0,80.0
1.2.643.5.1.13.13.12.2.77.8252.01091510011014070612050311031410,0.015511560253798962,4,112.0,128.0
1.2.643.5.1.13.13.12.2.77.8252.01091510011014070612050311031410,0.045112211257219315,4,112.0,64.0
1.2.643.5.1.13.13.12.2.77.8252.01091510011014070612050311031410,0.03953069448471069,4,208.0,176.0
1.2.643.5.1.13.13.12.2.77.8252.01091510011014070612050311031410,0.03726191818714142,4,80.0,240.0
1.2.643.5.1.13.13.12.2.77.8252.01091510011014070612050311031410,0.026115108281373978,4,48.0,192.0
1.2.643.5.1.13.13.12.2.77.8252.01091510011014070612050311031410,0.06547686457633972,4,80.0,160.0
1.2.643.5.1.13.13.12.2.77.8252.01091510011014070612050311031410,0.006033116485923529,4,192.0,192.0
1.2.643.5.1.13.13.12.2.77.8252.01091510011014070612050311031410,0.037787776440382004,4,80.0,241.0
1.2.643.5.1.13.13.12.2.77.8252.01091510011014070612050311031410,0.023589516058564186,4,64.0,96.0
1.2.643.5.1.13.13.12.2.77.8252.01091510011014070612050311031410,0.05296009033918381,4,80.0,112.0
1.2.643.5.1.13.13.12.2.77.8252.01091510011014070612050311031410,0.08637126535177231,4,48.0,241.0
1.2.643.5.1.13.13.12.2.77.8252.01091510011014070612050311031410,0.019162043929100037,4,176.0,80.0
1.2.643.5.1.13.13.12.2.77.8252.01091510011014070612050311031410,0.049554143100976944,4,208.0,48.0
1.2.643.5.1.13.13.12.2.77.8252.01091510011014070612050311031410,0.0021998074371367693,4,160.0,160.0
1.2.643.5.1.13.13.12.2.77.8252.01091510011014070612050311031410,0.008156946860253811,4,192.0,112.0
1.2.643.5.1.13.13.12.2.77.8252.01091510011014070612050311031410,0.09214245527982712,4,64.0,224.0
1.2.643.5.1.13.13.12.2.77.8252.01091510011014070612050311031410,0.030190883204340935,4,128.0,80.0
1.2.643.5.1.13.13.12.2.77.8252.01091510011014070612050311031410,0.006566139869391918,4,208.0,241.0
1.2.643.5.1.13.13.12.2.77.8252.08001013010106001102020015031109,0.7559459209442139,4,228.0,84.0
1.2.643.5.1.13.13.12.2.77.8252.08001013010106001102020015031109,0.714366614818573,4,249.0,25.0
1.2.643.5.1.13.13.12.2.77.8252.08001013010106001102020015031109,0.13740578293800354,4,192.0,112.0
1.2.643.5.1.13.13.12.2.77.8252.08001013010106001102020015031109,0.027221988886594772,4,208.0,240.0
1.2.643.5.1.13.13.12.2.77.8252.08001013010106001102020015031109,0.007581864483654499,4,160.0,144.0
1.2.643.5.1.13.13.12.2.77.8252.08001013010106001102020015031109,0.011347062885761261,4,192.0,243.0
1.2.643.5.1.13.13.12.2.77.8252.08001013010106001102020015031109,0.8402534127235413,4,240.0,80.0
1.2.643.5.1.13.13.12.2.77.8252.08001013010106001102020015031109,0.020215393975377083,4,48.0,192.0
1.2.643.5.1.13.13.12.2.77.8252.08001013010106001102020015031109,0.8765562176704407,4,224.0,48.0
1.2.643.5.1.13.13.12.2.77.8252.08001013010106001102020015031109,0.0008014154736883938,4,144.0,208.0
1.2.643.5.1.13.13.12.2.77.8252.08001013010106001102020015031109,0.025567373260855675,4,48.0,160.0
1.2.643.5.1.13.13.12.2.77.8252.08001013010106001102020015031109,0.8064044713973999,4,252.0,48.0
1.2.643.5.1.13.13.12.2.77.8252.08001013010106001102020015031109,0.022373221814632416,4,48.0,176.0
1.2.643.5.1.13.13.12.2.77.8252.08001013010106001102020015031109,0.217254176735878,4,160.0,80.0
1.2.643.5.1.13.13.12.2.77.8252.08001013010106001102020015031109,0.0648583173751831,4,144.0,64.0
1.2.643.5.1.13.13.12.2.77.8252.08001013010106001102020015031109,0.00869316142052412,4,192.0,240.0
1.2.643.5.1.13.13.12.2.77.8252.08001013010106001102020015031109,0.3598124384880066,4,252.0,96.0
1.2.643.5.1.13.13.12.2.77.8252.08001013010106001102020015031109,0.0019711535423994064,4,128.0,208.0
1.2.643.5.1.13.13.12.2.77.8252.08001013010106001102020015031109,0.005937592126429081,4,112.0,208.0
1.2.643.5.1.13.13.12.2.77.8252.08001013010106001102020015031109,0.2101605236530304,4,48.0,96.0
1.2.643.5.1.13.13.12.2.77.8252.08001013010106001102020015031109,0.014463135972619057,4,96.0,240.0
1.2.643.5.1.13.13.12.2.77.8252.08001013010106001102020015031109,0.7257140278816223,4,224.0,80.0
1.2.643.5.1.13.13.12.2.77.8252.08001013010106001102020015031109,0.18116478621959686,4,80.0,80.0
1.2.643.5.1.13.13.12.2.77.8252.08001013010106001102020015031109,0.1621113270521164,4,240.0,144.0
1.2.643.5.1.13.13.12.2.77.8252.08001013010106001102020015031109,0.05723625794053078,4,48.0,224.0
1.2.643.5.1.13.13.12.2.77.8252.08001013010106001102020015031109,0.8889271020889282,4,240.0,48.0
1.2.643.5.1.13.13.12.2.77.8252.08001013010106001102020015031109,0.7360402345657349,4,192.0,64.0
1.2.643.5.1.13.13.12.2.77.8252.08001013010106001102020015031109,0.49435657262802124,4,176.0,64.0
1.2.643.5.1.13.13.12.2.77.8252.08001013010106001102020015031109,0.06254702061414719,4,48.0,128.0
1.2.643.5.1.13.13.12.2.77.8252.08001013010106001102020015031109,0.0014611607184633613,4,144.0,243.0
1.2.643.5.1.13.13.12.2.77.8252.08001013010106001102020015031109,0.8682597279548645,4,224.0,64.0
1.2.643.5.1.13.13.12.2.77.8252.08001013010106001102020015031109,0.1740824282169342,4,48.0,240.0
1.2.643.5.1.13.13.12.2.77.8252.08001013010106001102020015031109,0.9180389046669006,4,240.0,64.0
1.2.643.5.1.13.13.12.2.77.8252.08001013010106001102020015031109,0.574775218963623,4,176.0,48.0
1.2.643.5.1.13.13.12.2.77.8252.08001013010106001102020015031109,0.10290463268756866,4,96.0,64.0
1.2.643.5.1.13.13.12.2.77.8252.08001013010106001102020015031109,0.005116105079650879,4,128.0,160.0
1.2.643.5.1.13.13.12.2.77.8252.08001013010106001102020015031109,0.03453667089343071,4,252.0,160.0
1.2.643.5.1.13.13.12.2.77.8252.08001013010106001102020015031109,0.1387706995010376,4,128.0,48.0
1.2.643.5.1.13.13.12.2.77.8252.08001013010106001102020015031109,0.021199604496359825,4,252.0,192.0
1.2.643.5.1.13.13.12.2.77.8252.08001013010106001102020015031109,0.06375566869974136,4,64.0,144.0
1.2.643.5.1.13.13.12.2.77.8252.08001013010106001102020015031109,0.020794807001948357,4,224.0,208.0
1.2.643.5.1.13.13.12.2.77.8252.08001013010106001102020015031109,0.01310532446950674,4,80.0,192.0
1.2.643.5.1.13.13.12.2.77.8252.10070914150303091307080902000612,0.0011466240976005793,4,143.5,95.0
1.2.643.5.1.13.13.12.2.77.8252.10070914150303091307080902000612,0.025784343481063843,4,112.0,48.0
1.2.643.5.1.13.13.12.2.77.8252.10070914150303091307080902000612,0.02373814582824707,4,128.0,48.0
1.2.643.5.1.13.13.12.2.77.8252.10070914150303091307080902000612,0.018441826105117798,4,144.0,48.0
1.2.643.5.1.13.13.12.2.77.8252.10070914150303091307080902000612,0.02927706576883793,4,160.0,48.0
1.2.643.5.1.13.13.12.2.77.8252.10070914150303091307080902000612,0.012659207917749882,4,96.0,64.0
1.2.643.5.1.13.13.12.2.77.8252.10070914150303091307080902000612,0.0032919372897595167,4,112.0,64.0
1.2.643.5.1.13.13.12.2.77.8252.10070914150303091307080902000612,0.002706656465306878,4,128.0,64.0
1.2.643.5.1.13.13.12.2.77.8252.10070914150303091307080902000612,0.002905292436480522,4,144.0,64.0
1.2.643.5.1.13.13.12.2.77.8252.10070914150303091307080902000612,0.005246640183031559,4,160.0,64.0
1.2.643.5.1.13.13.12.2.77.8252.10070914150303091307080902000612,0.01132831908762455,4,176.0,64.0
1.2.643.5.1.13.13.12.2.77.8252.10070914150303091307080902000612,0.005399209447205067,4,96.0,80.0
1.2.643.5.1.13.13.12.2.77.8252.10070914150303091307080902000612,0.0012002346338704228,4,112.0,80.0
1.2.643.5.1.13.13.12.2.77.8252.10070914150303091307080902000612,0.0009905262850224972,4,128.0,80.0
1.2.643.5.1.13.13.12.2.77.8252.10070914150303091307080902000612,0.001257952069863677,4,144.0,80.0
1.2.643.5.1.13.13.12.2.77.8252.10070914150303091307080902000612,0.0022611087188124657,4,160.0,80.0
1.2.643.5.1.13.13.12.2.77.8252.10070914150303091307080902000612,0.006075511686503887,4,176.0,80.0
1.2.643.5.1.13.13.12.2.77.8252.10070914150303091307080902000612,0.005739020183682442,4,96.0,96.0
1.2.643.5.1.13.13.12.2.77.8252.10070914150303091307080902000612,0.00104965316131711,4,112.0,96.0
1.2.643.5.1.13.13.12.2.77.8252.10070914150303091307080902000612,0.00088470708578825,4,128.0,96.0
1.2.643.5.1.13.13.12.2.77.8252.10070914150303091307080902000612,0.0013855233555659652,4,144.0,96.0
1.2.643.5.1.13.13.12.2.77.8252.10070914150303091307080902000612,0.0014936065999791026,4,160.0,96.0
1.2.643.5.1.13.13.12.2.77.8252.10070914150303091307080902000612,0.004026138223707676,4,176.0,96.0
1.2.643.5.1.13.13.12.2.77.8252.10070914150303091307080902000612,0.009639928117394447,4,96.0,112.0
1.2.643.5.1.13.13.12.2.77.8252.10070914150303091307080902000612,0.0017012673197314143,4,112.0,112.0
1.2.643.5.1.13.13.12.2.77.8252.10070914150303091307080902000612,0.0010097312042489648,4,128.0,112.0
1.2.643.5.1.13.13.12.2.77.8252.10070914150303091307080902000612,0.0016300644492730498,4,144.0,112.0
1.2.643.5.1.13.13.12.2.77.8252.10070914150303091307080902000612,0.0016862176125869155,4,160.0,112.0
1.2.643.5.1.13.13.12.2.77.8252.10070914150303091307080902000612,0.0038125538267195225,4,176.0,112.0
1.2.643.5.1.13.13.12.2.77.8252.10070914150303091307080902000612,0.0009469097130931914,4,112.0,128.0
1.2.643.5.1.13.13.12.2.77.8252.10070914150303091307080902000612,0.0004752541135530919,4,128.0,128.0
1.2.643.5.1.13.13.12.2.77.8252.10070914150303091307080902000612,0.0008655668352730572,4,144.0,128.0
1.2.643.5.1.13.13.12.2.77.8252.10070914150303091307080902000612,0.0014176537515595555,4,160.0,128.0
1.2.643.5.1.13.13.12.2.77.8252.10070914150303091307080902000612,0.003451179014518857,4,176.0,128.0
1.2.643.5.1.13.13.12.2.77.8252.10070914150303091307080902000612,0.0349426195025444,4,240.0,80.0
1.2.643.5.1.13.13.12.2.77.8252.10070914150303091307080902000612,0.002930055372416973,4,112.0,192.0
1.2.643.5.1.13.13.12.2.77.8252.10070914150303091307080902000612,0.02455100417137146,4,80.0,192.0
1.2.643.5.1.13.13.12.2.77.8252.10070914150303091307080902000612,0.01965162344276905,4,252.0,144.0
1.2.643.5.1.13.13.12.2.77.8252.10070914150303091307080902000612,0.019958794116973877,4,240.0,176.0
1.2.643.5.1.13.13.12.2.77.8252.10070914150303091307080902000612,0.10073713213205338,4,48.0,256.0
1.2.643.5.1.13.13.12.2.77.8252.10070914150303091307080902000612,0.022412315011024475,4,48.0,192.0
1.2.643.5.1.13.13.12.2.77.8252.10070914150303091307080902000612,0.025246862322092056,4,252.0,224.0
1.2.643.5.1.13.13.12.2.77.8252.10070914150303091307080902000612,0.02220495045185089,4,240.0,112.0
1.2.643.5.1.13.13.12.2.77.8252.10070914150303091307080902000612,0.3308260142803192,4,224.0,256.0
1.2.643.5.1.13.13.12.2.77.8252.10070914150303091307080902000612,0.01983955316245556,4,240.0,160.0
1.2.643.5.1.13.13.12.2.77.8252.10070914150303091307080902000612,0.07022102177143097,4,80.0,240.0
1.2.643.5.1.13.13.12.2.77.8252.10070914150303091307080902000612,0.011882415972650051,4,160.0,240.0
1.2.643.5.1.13.13.12.2.77.8252.10070914150303091307080902000612,0.21632054448127747,4,48.0,112.0
1.2.643.5.1.13.13.12.2.77.8252.10070914150303091307080902000612,0.027738315984606743,4,252.0,96.0
1.2.643.5.1.13.13.12.2.77.8252.10070914150303091307080902000612,0.38147538900375366,4,208.0,267.0
1.2.643.5.1.13.13.12.2.77.8252.10070914150303091307080902000612,0.13470818102359772,4,252.0,256.0
1.2.643.5.1.13.13.12.2.77.8252.10070914150303091307080902000612,0.0011940906988456845,4,144.0,192.0
1.2.643.5.1.13.13.12.2.77.8252.10070914150303091307080902000612,0.0012549106031656265,4,128.0,192.0
1.2.643.5.1.13.13.12.2.77.8252.10070914150303091307080902000612,0.011349091306328773,4,176.0,224.0
1.2.643.5.1.13.13.12.2.77.8252.10070914150303091307080902000612,0.09669762849807739,4,176.0,267.0
1.2.643.5.1.13.13.12.2.77.8252.10070914150303091307080902000612,0.06359285861253738,4,208.0,208.0
1.2.643.5.1.13.13.12.2.77.8252.10070914150303091307080902000612,0.059728141874074936,4,80.0,256.0
1.2.643.5.1.13.13.12.2.77.8252.10070914150303091307080902000612,0.14628362655639648,4,48.0,267.0
1.2.643.5.1.13.13.12.2.77.8252.10070914150303091307080902000612,0.00941805075854063,4,160.0,224.0
1.2.643.5.1.13.13.12.2.77.8252.10070914150303091307080902000612,0.0048570092767477036,4,144.0,224.0
1.2.643.5.1.13.13.12.2.77.8252.10070914150303091307080902000612,0.005413742735981941,4,128.0,240.0
1.2.643.5.1.13.13.12.2.77.8252.10070914150303091307080902000612,0.010646793060004711,4,128.0,208.0
1.2.643.5.1.13.13.12.2.77.8252.10070914150303091307080902000612,0.17995965480804443,4,224.0,240.0
1.2.643.5.1.13.13.12.2.77.8252.10070914150303091307080902000612,0.0030265843961387873,4,176.0,192.0
1.2.643.5.1.13.13.12.2.77.8252.10070914150303091307080902000612,0.007497104816138744,4,96.0,192.0
1.2.643.5.1.13.13.12.2.77.8252.10070914150303091307080902000612,0.02843969501554966,4,96.0,256.0
1.2.643.5.1.13.13.12.2.77.8252.10070914150303091307080902000612,0.03924892470240593,4,252.0,64.0
1.2.643.5.1.13.13.12.2.77.8252.10070914150303091307080902000612,0.039044104516506195,4,176.0,256.0
1.2.643.5.1.13.13.12.2.77.8252.10070914150303091307080902000612,0.08187535405158997,4,48.0,240.0
1.2.643.5.1.13.13.12.2.77.8252.10070914150303091307080902000612,0.21369218826293945,4,208.0,256.0
1.2.643.5.1.13.13.12.2.77.8252.10070914150303091307080902000612,0.038605909794569016,4,48.0,160.0
1.2.643.5.1.13.13.12.2.77.8252.10070914150303091307080902000612,0.005008299835026264,4,128.0,224.0
1.2.643.5.1.13.13.12.2.77.8252.10070914150303091307080902000612,0.02205824851989746,4,192.0,224.0
1.2.643.5.1.13.13.12.2.77.8252.10070914150303091307080902000612,0.05553646385669708,4,252.0,240.0
1.2.643.5.1.13.13.12.2.77.8252.04100315041404021215101114140602,0.43721863627433777,4,231.5,56.5
1.2.643.5.1.13.13.12.2.77.8252.04100315041404021215101114140602,0.02480924502015114,4,48.0,176.0
1.2.643.5.1.13.13.12.2.77.8252.04100315041404021215101114140602,0.008128829300403595,4,96.0,48.0
1.2.643.5.1.13.13.12.2.77.8252.04100315041404021215101114140602,0.002044293563812971,4,144.0,160.0
1.2.643.5.1.13.13.12.2.77.8252.04100315041404021215101114140602,0.004476109519600868,4,112.0,64.0
1.2.643.5.1.13.13.12.2.77.8252.04100315041404021215101114140602,0.11320971697568893,4,80.0,224.0
1.2.643.5.1.13.13.12.2.77.8252.04100315041404021215101114140602,0.012216421775519848,4,128.0,96.0
1.2.643.5.1.13.13.12.2.77.8252.04100315041404021215101114140602,0.001557301846332848,4,128.0,208.0
1.2.643.5.1.13.13.12.2.77.8252.04100315041404021215101114140602,0.32107898592948914,4,252.0,48.0
1.2.643.5.1.13.13.12.2.77.8252.04100315041404021215101114140602,0.21734701097011566,4,64.0,144.0
1.2.643.5.1.13.13.12.2.77.8252.04100315041404021215101114140602,0.08245120197534561,4,48.0,144.0
1.2.643.5.1.13.13.12.2.77.8252.04100315041404021215101114140602,0.12543457746505737,4,64.0,176.0
1.2.643.5.1.13.13.12.2.77.8252.04100315041404021215101114140602,0.0440877266228199,4,144.0,256.0
1.2.643.5.1.13.13.12.2.77.8252.04100315041404021215101114140602,0.06036694347858429,4,240.0,160.0
1.2.643.5.1.13.13.12.2.77.8252.04100315041404021215101114140602,0.0018789484165608883,4,176.0,176.0
1.2.643.5.1.13.13.12.2.77.8252.04100315041404021215101114140602,0.06491277366876602,4,80.0,256.0
1.2.643.5.1.13.13.12.2.77.8252.04100315041404021215101114140602,0.023166097700595856,4,96.0,128.0
1.2.643.5.1.13.13.12.2.77.8252.04100315041404021215101114140602,0.13598592579364777,4,64.0,208.0
1.2.643.5.1.13.13.12.2.77.8252.04100315041404021215101114140602,0.011012941598892212,4,112.0,144.0
1.2.643.5.1.13.13.12.2.77.8252.04100315041404021215101114140602,0.02995591051876545,4,64.0,48.0
1.2.643.5.1.13.13.12.2.77.8252.04100315041404021215101114140602,0.08216755837202072,4,48.0,224.0
1.2.643.5.1.13.13.12.2.77.8252.04100315041404021215101114140602,0.05825107544660568,4,64.0,96.0
1.2.643.5.1.13.13.12.2.77.8252.04100315041404021215101114140602,0.010008570738136768,4,80.0,48.0
1.2.643.5.1.13.13.12.2.77.8252.04100315041404021215101114140602,0.008278871886432171,4,96.0,80.0
1.2.643.5.1.13.13.12.2.77.8252.04100315041404021215101114140602,0.053140293806791306,4,80.0,176.0
1.2.643.5.1.13.13.12.2.77.8252.04100315041404021215101114140602,0.6226826906204224,4,224.0,64.0
1.2.643.5.1.13.13.12.2.77.8252.04100315041404021215101114140602,0.0363323949277401,4,252.0,112.0
1.2.643.5.1.13.13.12.2.77.8252.04100315041404021215101114140602,0.007509895134717226,4,112.0,48.0
1.2.643.5.1.13.13.12.2.77.8252.04100315041404021215101114140602,0.05496586486697197,4,128.0,256.0
1.2.643.5.1.13.13.12.2.77.8252.04100315041404021215101114140602,0.1288028359413147,4,224.0,224.0
1.2.643.5.1.13.13.12.2.77.8252.04100315041404021215101114140602,0.030370978638529778,4,252.0,144.0
1.2.643.5.1.13.13.12.2.77.8252.04100315041404021215101114140602,0.038210637867450714,4,48.0,80.0
1.2.643.5.1.13.13.12.2.77.8252.04100315041404021215101114140602,0.03292430564761162,4,176.0,240.0
1.2.643.5.1.13.13.12.2.77.8252.04100315041404021215101114140602,0.05932920053601265,4,176.0,80.0
1.2.643.5.1.13.13.12.2.77.8252.04100315041404021215101114140602,0.04934162646532059,4,48.0,96.0
1.2.643.5.1.13.13.12.2.77.8252.04100315041404021215101114140602,0.059822965413331985,4,80.0,192.0
1.2.643.5.1.13.13.12.2.77.8252.04100315041404021215101114140602,0.2595915198326111,4,192.0,48.0
1.2.643.5.1.13.13.12.2.77.8252.04100315041404021215101114140602,0.09103558212518692,4,224.0,176.0
1.2.643.5.1.13.13.12.2.77.8252.04100315041404021215101114140602,0.7398340702056885,4,224.0,48.0
1.2.643.5.1.13.13.12.2.77.8252.04100315041404021215101114140602,0.023533282801508904,4,96.0,224.0
1.2.643.5.1.13.13.12.2.77.8252.04100315041404021215101114140602,0.01333465427160263,4,144.0,267.0
1.2.643.5.1.13.13.12.2.77.8252.07111115111305011108141412010801,0.5324453711509705,4,229.5,96.0
1.2.643.5.1.13.13.12.2.77.8252.07111115111305011108141412010801,0.1422129124403,4,64.0,80.0
1.2.643.5.1.13.13.12.2.77.8252.07111115111305011108141412010801,0.021636784076690674,4,192.0,48.0
1.2.643.5.1.13.13.12.2.77.8252.07111115111305011108141412010801,0.009341806173324585,4,160.0,80.0
1.2.643.5.1.13.13.12.2.77.8252.07111115111305011108141412010801,0.08028408139944077,4,192.0,160.0
1.2.643.5.1.13.13.12.2.77.8252.07111115111305011108141412010801,0.15182127058506012,4,192.0,128.0
1.2.643.5.1.13.13.12.2.77.8252.07111115111305011108141412010801,0.0824124664068222,4,80.0,96.0
1.2.643.5.1.13.13.12.2.77.8252.07111115111305011108141412010801,0.25776374340057373,4,224.0,64.0
1.2.643.5.1.13.13.12.2.77.8252.07111115111305011108141412010801,0.08947315812110901,4,64.0,64.0
1.2.643.5.1.13.13.12.2.77.8252.07111115111305011108141412010801,0.04295584559440613,4,252.0,208.0
1.2.643.5.1.13.13.12.2.77.8252.07111115111305011108141412010801,0.006184663623571396,4,112.0,64.0
1.2.643.5.1.13.13.12.2.77.8252.07111115111305011108141412010801,0.003849087283015251,4,176.0,224.0
1.2.643.5.1.13.13.12.2.77.8252.07111115111305011108141412010801,0.17161794006824493,4,240.0,256.0
1.2.643.5.1.13.13.12.2.77.8252.07111115111305011108141412010801,0.3502642810344696,4,224.0,80.0
1.2.643.5.1.13.13.12.2.77.8252.07111115111305011108141412010801,0.05051938816905022,4,48.0,176.0
1.2.643.5.1.13.13.12.2.77.8252.07111115111305011108141412010801,0.10475946217775345,4,252.0,160.0
1.2.643.5.1.13.13.12.2.77.8252.07111115111305011108141412010801,0.018355725333094597,4,192.0,270.0
1.2.643.5.1.13.13.12.2.77.8252.07111115111305011108141412010801,0.04840358719229698,4,64.0,224.0
1.2.643.5.1.13.13.12.2.77.8252.07111115111305011108141412010801,0.513248085975647,4,48.0,112.0
1.2.643.5.1.13.13.12.2.77.8252.07111115111305011108141412010801,0.017540041357278824,4,80.0,256.0
1.2.643.5.1.13.13.12.2.77.8252.07111115111305011108141412010801,0.17761120200157166,4,240.0,270.0
1.2.643.5.1.13.13.12.2.77.8252.07111115111305011108141412010801,0.49987003207206726,4,252.0,64.0
1.2.643.5.1.13.13.12.2.77.8252.07111115111305011108141412010801,0.021074913442134857,4,48.0,224.0
1.2.643.5.1.13.13.12.2.77.8252.07111115111305011108141412010801,0.013906014151871204,4,112.0,128.0
1.2.643.5.1.13.13.12.2.77.8252.07111115111305011108141412010801,0.45254024863243103,4,252.0,96.0
1.2.643.5.1.13.13.12.2.77.8252.07111115111305011108141412010801,0.058308228850364685,4,192.0,176.0
1.2.643.5.1.13.13.12.2.77.8252.07111115111305011108141412010801,0.019627898931503296,4,160.0,48.0
1.2.643.5.1.13.13.12.2.77.8252.07111115111305011108141412010801,0.06031499803066254,4,192.0,192.0
1.2.643.5.1.13.13.12.2.77.8252.07111115111305011108141412010801,0.517665684223175,4,252.0,112.0
1.2.643.5.1.13.13.12.2.77.8252.07111115111305011108141412010801,0.005317057482898235,4,176.0,64.0
1.2.643.5.1.13.13.12.2.77.8252.07111115111305011108141412010801,0.4984508156776428,4,224.0,96.0
1.2.643.5.1.13.13.12.2.77.8252.07111115111305011108141412010801,0.4408060908317566,4,64.0,144.0
1.2.643.5.1.13.13.12.2.77.8252.07111115111305011108141412010801,0.1941012293100357,4,192.0,112.0
1.2.643.5.1.13.13.12.2.77.8252.07111115111305011108141412010801,0.06353827565908432,4,96.0,96.0
1.2.643.5.1.13.13.12.2.77.8252.07111115111305011108141412010801,0.014852420426905155,4,128.0,192.0
1.2.643.5.1.13.13.12.2.77.8252.07111115111305011108141412010801,0.002193371532484889,4,160.0,208.0
1.2.643.5.1.13.13.12.2.77.8252.07111115111305011108141412010801,0.08805612474679947,4,96.0,112.0
1.2.643.5.1.13.13.12.2.77.8252.07111115111305011108141412010801,0.04776487126946449,4,64.0,48.0
1.2.643.5.1.13.13.12.2.77.8252.07111115111305011108141412010801,0.0010177759686484933,4,144.0,224.0
1.2.643.5.1.13.13.12.2.77.8252.07111115111305011108141412010801,0.030914345756173134,4,112.0,96.0
1.2.643.5.1.13.13.12.2.77.8252.07111115111305011108141412010801,0.0021263821981847286,4,128.0,270.0
1.2.643.5.1.13.13.12.2.77.8252.04091012040015061107090014081504,0.03665083274245262,4,48.0,128.0
1.2.643.5.1.13.13.12.2.77.8252.04091012040015061107090014081504,0.19974449276924133,4,96.0,224.0
1.2.643.5.1.13.13.12.2.77.8252.04091012040015061107090014081504,0.013725417666137218,4,192.0,160.0
1.2.643.5.1.13.13.12.2.77.8252.04091012040015061107090014081504,0.1261632889509201,4,128.0,64.0
1.2.643.5.1.13.13.12.2.77.8252.04091012040015061107090014081504,0.031099563464522362,4,96.0,160.0
1.2.643.5.1.13.13.12.2.77.8252.04091012040015061107090014081504,0.253652960062027,4,48.0,48.0
1.2.643.5.1.13.13.12.2.77.8252.04091012040015061107090014081504,0.024020278826355934,4,112.0,128.0
1.2.643.5.1.13.13.12.2.77.8252.04091012040015061107090014081504,0.019381027668714523,4,128.0,208.0
1.2.643.5.1.13.13.12.2.77.8252.04091012040015061107090014081504,0.0074205887503921986,4,144.0,128.0
1.2.643.5.1.13.13.12.2.77.8252.04091012040015061107090014081504,0.25195637345314026,4,240.0,192.0
1.2.643.5.1.13.13.12.2.77.8252.04091012040015061107090014081504,0.16944757103919983,4,224.0,192.0
1.2.643.5.1.13.13.12.2.77.8252.04091012040015061107090014081504,0.3049277365207672,4,96.0,240.0
1.2.643.5.1.13.13.12.2.77.8252.04091012040015061107090014081504,0.3507308065891266,4,64.0,224.0
1.2.643.5.1.13.13.12.2.77.8252.04091012040015061107090014081504,0.00322899897582829,4,176.0,160.0
1.2.643.5.1.13.13.12.2.77.8252.04091012040015061107090014081504,0.22873596847057343,4,80.0,176.0
1.2.643.5.1.13.13.12.2.77.8252.04091012040015061107090014081504,0.00937605556100607,4,176.0,128.0
1.2.643.5.1.13.13.12.2.77.8252.04091012040015061107090014081504,0.08175011724233627,4,80.0,128.0
1.2.643.5.1.13.13.12.2.77.8252.04091012040015061107090014081504,0.11845570057630539,4,176.0,224.0
1.2.643.5.1.13.13.12.2.77.8252.04091012040015061107090014081504,0.5557519793510437,4,80.0,240.0
1.2.643.5.1.13.13.12.2.77.8252.04091012040015061107090014081504,0.12951287627220154,4,144.0,241.0
1.2.643.5.1.13.13.12.2.77.8252.04091012040015061107090014081504,0.07126297056674957,4,224.0,160.0
1.2.643.5.1.13.13.12.2.77.8252.04091012040015061107090014081504,0.020423268899321556,4,208.0,144.0
1.2.643.5.1.13.13.12.2.77.8252.04091012040015061107090014081504,0.14161765575408936,4,252.0,64.0
1.2.643.5.1.13.13.12.2.77.8252.04091012040015061107090014081504,0.17489856481552124,4,252.0,80.0
1.2.643.5.1.13.13.12.2.77.8252.04091012040015061107090014081504,0.42123866081237793,4,208.0,48.0
1.2.643.5.1.13.13.12.2.77.8252.04091012040015061107090014081504,0.38522154092788696,4,48.0,240.0
1.2.643.5.1.13.13.12.2.77.8252.04091012040015061107090014081504,0.25144657492637634,4,80.0,192.0
1.2.643.5.1.13.13.12.2.77.8252.04091012040015061107090014081504,0.3293428122997284,4,224.0,80.0
1.2.643.5.1.13.13.12.2.77.8252.04091012040015061107090014081504,0.3863084614276886,4,192.0,224.0
1.2.643.5.1.13.13.12.2.77.8252.04091012040015061107090014081504,0.10497494041919708,4,112.0,96.0
1.2.643.5.1.13.13.12.2.77.8252.04091012040015061107090014081504,0.1782398521900177,4,112.0,224.0
1.2.643.5.1.13.13.12.2.77.8252.04091012040015061107090014081504,0.1974748820066452,4,176.0,80.0
1.2.643.5.1.13.13.12.2.77.8252.04091012040015061107090014081504,0.23553015291690826,4,64.0,80.0
1.2.643.5.1.13.13.12.2.77.8252.04091012040015061107090014081504,0.30980223417282104,4,224.0,48.0
1.2.643.5.1.13.13.12.2.77.8252.04091012040015061107090014081504,0.11946137249469757,4,208.0,112.0
1.2.643.5.1.13.13.12.2.77.8252.04091012040015061107090014081504,0.1513328105211258,4,252.0,112.0
1.2.643.5.1.13.13.12.2.77.8252.04091012040015061107090014081504,0.061999283730983734,4,64.0,112.0
1.2.643.5.1.13.13.12.2.77.8252.04091012040015061107090014081504,0.1060202568769455,4,64.0,192.0
1.2.643.5.1.13.13.12.2.77.8252.04091012040015061107090014081504,0.193494975566864,4,240.0,144.0
1.2.643.5.1.13.13.12.2.77.8252.04091012040015061107090014081504,0.18185517191886902,4,160.0,80.0
1.2.643.5.1.13.13.12.2.77.8252.13030903151515081500090603041412,0.9734724760055542,4,229.5,10.0
1.2.643.5.1.13.13.12.2.77.8252.13030903151515081500090603041412,0.8414183855056763,4,192.0,48.0
1.2.643.5.1.13.13.12.2.77.8252.13030903151515081500090603041412,0.8063111305236816,4,208.0,48.0
1.2.643.5.1.13.13.12.2.77.8252.13030903151515081500090603041412,0.7676098942756653,4,224.0,48.0
1.2.643.5.1.13.13.12.2.77.8252.13030903151515081500090603041412,0.5518017411231995,4,240.0,48.0
1.2.643.5.1.13.13.12.2.77.8252.13030903151515081500090603041412,0.34455370903015137,4,252.0,48.0
1.2.643.5.1.13.13.12.2.77.8252.13030903151515081500090603041412,0.03121004067361355,4,240.0,144.0
1.2.643.5.1.13.13.12.2.77.8252.13030903151515081500090603041412,0.03270713612437248,4,208.0,224.0
1.2.643.5.1.13.13.12.2.77.8252.13030903151515081500090603041412,0.028652962297201157,4,144.0,144.0
1.2.643.5.1.13.13.12.2.77.8252.13030903151515081500090603041412,0.0021720107179135084,4,128.0,208.0
1.2.643.5.1.13.13.12.2.77.8252.13030903151515081500090603041412,0.05289050191640854,4,224.0,160.0
1.2.643.5.1.13.13.12.2.77.8252.13030903151515081500090603041412,0.02248394675552845,4,80.0,256.0
1.2.643.5.1.13.13.12.2.77.8252.13030903151515081500090603041412,0.01499189529567957,4,112.0,267.0
1.2.643.5.1.13.13.12.2.77.8252.13030903151515081500090603041412,0.4424080550670624,4,112.0,48.0
1.2.643.5.1.13.13.12.2.77.8252.13030903151515081500090603041412,0.05718836933374405,4,144.0,112.0
1.2.643.5.1.13.13.12.2.77.8252.13030903151515081500090603041412,0.3736400604248047,4,96.0,80.0
1.2.643.5.1.13.13.12.2.77.8252.13030903151515081500090603041412,0.07357289642095566,4,48.0,64.0
1.2.643.5.1.13.13.12.2.77.8252.13030903151515081500090603041412,0.20548270642757416,4,128.0,80.0
1.2.643.5.1.13.13.12.2.77.8252.13030903151515081500090603041412,0.02450333908200264,4,112.0,160.0
1.2.643.5.1.13.13.12.2.77.8252.13030903151515081500090603041412,0.01860008016228676,4,96.0,256.0
1.2.643.5.1.13.13.12.2.77.8252.13030903151515081500090603041412,0.0016627049772068858,4,112.0,208.0
1.2.643.5.1.13.13.12.2.77.8252.13030903151515081500090603041412,0.10366881638765335,4,128.0,96.0
1.2.643.5.1.13.13.12.2.77.8252.13030903151515081500090603041412,0.007686628960072994,4,128.0,256.0
1.2.643.5.1.13.13.12.2.77.8252.13030903151515081500090603041412,0.0063661797903478146,4,96.0,224.0
1.2.643.5.1.13.13.12.2.77.8252.13030903151515081500090603041412,0.33986696600914,4,96.0,128.0
1.2.643.5.1.13.13.12.2.77.8252.13030903151515081500090603041412,0.15833337604999542,4,48.0,128.0
1.2.643.5.1.13.13.12.2.77.8252.13030903151515081500090603041412,0.05050790682435036,4,252.0,96.0
1.2.643.5.1.13.13.12.2.77.8252.13030903151515081500090603041412,0.3530098795890808,4,144.0,48.0
1.2.643.5.1.13.13.12.2.77.8252.13030903151515081500090603041412,0.4115307331085205,4,64.0,128.0
1.2.643.5.1.13.13.12.2.77.8252.13030903151515081500090603041412,0.025193147361278534,4,64.0,224.0
1.2.643.5.1.13.13.12.2.77.8252.13030903151515081500090603041412,0.23786310851573944,4,224.0,96.0
1.2.643.5.1.13.13.12.2.77.8252.13030903151515081500090603041412,0.4697764217853546,4,96.0,48.0
1.2.643.5.1.13.13.12.2.77.8252.13030903151515081500090603041412,0.019264649599790573,4,252.0,160.0
1.2.643.5.1.13.13.12.2.77.8252.13030903151515081500090603041412,0.023061348125338554,4,192.0,192.0
1.2.643.5.1.13.13.12.2.77.8252.13030903151515081500090603041412,0.025469355285167694,4,144.0,176.0
1.2.643.5.1.13.13.12.2.77.8252.13030903151515081500090603041412,0.026205388829112053,4,128.0,176.0
1.2.643.5.1.13.13.12.2.77.8252.13030903151515081500090603041412,0.00710247503593564,4,160.0,192.0
1.2.643.5.1.13.13.12.2.77.8252.13030903151515081500090603041412,0.030893992632627487,4,48.0,192.0
1.2.643.5.1.13.13.12.2.77.8252.13030903151515081500090603041412,0.1056789755821228,4,208.0,112.0
1.2.643.5.1.13.13.12.2.77.8252.13030903151515081500090603041412,0.0016725837485864758,4,144.0,208.0
1.2.643.5.1.13.13.12.2.77.8252.13030903151515081500090603041412,0.18759721517562866,4,176.0,96.0
1.2.643.5.1.13.13.12.2.77.8252.13030903151515081500090603041412,0.03677849471569061,4,208.0,192.0
1.2.643.5.1.13.13.12.2.77.8252.13030903151515081500090603041412,0.2590898275375366,4,80.0,112.0
1.2.643.5.1.13.13.12.2.77.8252.13030903151515081500090603041412,0.11837176233530045,4,48.0,160.0
1.2.643.5.1.13.13.12.2.77.8252.13030903151515081500090603041412,0.31752145290374756,4,96.0,64.0
1.2.643.5.1.13.13.12.2.77.8252.13030903151515081500090603041412,0.041937436908483505,4,192.0,267.0
1.2.643.5.1.13.13.12.2.77.8252.04050904100201141507070306131511,0.9997875094413757,4,36.0,12.0
1.2.643.5.1.13.13.12.2.77.8252.04050904100201141507070306131511,0.7439043521881104,4,230.5,7.0
1.2.643.5.1.13.13.12.2.77.8252.04050904100201141507070306131511,0.9500293135643005,4,48.0,48.0
1.2.643.5.1.13.13.12.2.77.8252.04050904100201141507070306131511,0.6652485728263855,4,64.0,48.0
1.2.643.5.1.13.13.12.2.77.8252.04050904100201141507070306131511,0.2723584473133087,4,80.0,48.0
1.2.643.5.1.13.13.12.2.77.8252.04050904100201141507070306131511,0.11074075847864151,4,192.0,48.0
1.2.643.5.1.13.13.12.2.77.8252.04050904100201141507070306131511,0.636824905872345,4,208.0,48.0
1.2.643.5.1.13.13.12.2.77.8252.04050904100201141507070306131511,0.8362735509872437,4,224.0,48.0
1.2.643.5.1.13.13.12.2.77.8252.04050904100201141507070306131511,0.886109471321106,4,240.0,48.0
1.2.643.5.1.13.13.12.2.77.8252.04050904100201141507070306131511,0.885536253452301,4,252.0,48.0
1.2.643.5.1.13.13.12.2.77.8252.04050904100201141507070306131511,0.319439172744751,4,224.0,144.0
1.2.643.5.1.13.13.12.2.77.8252.04050904100201141507070306131511,0.020012132823467255,4,252.0,208.0
1.2.643.5.1.13.13.12.2.77.8252.04050904100201141507070306131511,0.19591256976127625,4,48.0,176.0
1.2.643.5.1.13.13.12.2.77.8252.04050904100201141507070306131511,0.1523323357105255,4,224.0,160.0
1.2.643.5.1.13.13.12.2.77.8252.04050904100201141507070306131511,0.014992684125900269,4,176.0,96.0
1.2.643.5.1.13.13.12.2.77.8252.04050904100201141507070306131511,0.004614256788045168,4,96.0,269.0
1.2.643.5.1.13.13.12.2.77.8252.04050904100201141507070306131511,4.858380270889029e-05,4,144.0,224.0
1.2.643.5.1.13.13.12.2.77.8252.04050904100201141507070306131511,0.4658634662628174,4,208.0,96.0
1.2.643.5.1.13.13.12.2.77.8252.04050904100201141507070306131511,0.00045097217662259936,4,160.0,269.0
1.2.643.5.1.13.13.12.2.77.8252.04050904100201141507070306131511,0.09418400377035141,4,64.0,208.0
1.2.643.5.1.13.13.12.2.77.8252.04050904100201141507070306131511,0.004302718676626682,4,96.0,192.0
1.2.643.5.1.13.13.12.2.77.8252.04050904100201141507070306131511,0.1516714245080948,4,48.0,269.0
1.2.643.5.1.13.13.12.2.77.8252.04050904100201141507070306131511,0.0013470595004037023,4,176.0,256.0
1.2.643.5.1.13.13.12.2.77.8252.04050904100201141507070306131511,0.0009205429232679307,4,128.0,144.0
1.2.643.5.1.13.13.12.2.77.8252.04050904100201141507070306131511,0.004755127709358931,4,160.0,128.0
1.2.643.5.1.13.13.12.2.77.8252.04050904100201141507070306131511,0.027133610099554062,4,80.0,192.0
1.2.643.5.1.13.13.12.2.77.8252.04050904100201141507070306131511,0.00031090292031876743,4,160.0,176.0
1.2.643.5.1.13.13.12.2.77.8252.04050904100201141507070306131511,0.0001886020618258044,4,144.0,160.0
1.2.643.5.1.13.13.12.2.77.8252.04050904100201141507070306131511,0.0010863639181479812,4,144.0,144.0
1.2.643.5.1.13.13.12.2.77.8252.04050904100201141507070306131511,0.00015896221157163382,4,144.0,269.0
1.2.643.5.1.13.13.12.2.77.8252.04050904100201141507070306131511,0.004319182597100735,4,96.0,128.0
1.2.643.5.1.13.13.12.2.77.8252.04050904100201141507070306131511,0.14623725414276123,4,224.0,269.0
1.2.643.5.1.13.13.12.2.77.8252.04050904100201141507070306131511,0.003657287685200572,4,96.0,208.0
1.2.643.5.1.13.13.12.2.77.8252.04050904100201141507070306131511,0.02100510150194168,4,252.0,192.0
1.2.643.5.1.13.13.12.2.77.8252.04050904100201141507070306131511,0.2667834758758545,4,208.0,144.0
1.2.643.5.1.13.13.12.2.77.8252.04050904100201141507070306131511,0.027029190212488174,4,80.0,256.0
1.2.643.5.1.13.13.12.2.77.8252.04050904100201141507070306131511,0.16796992719173431,4,240.0,269.0
1.2.643.5.1.13.13.12.2.77.8252.04050904100201141507070306131511,0.07918588072061539,4,64.0,224.0
1.2.643.5.1.13.13.12.2.77.8252.04050904100201141507070306131511,0.532923698425293,4,252.0,112.0
1.2.643.5.1.13.13.12.2.77.8252.04050904100201141507070306131511,0.009685910306870937,4,192.0,176.0
1.2.643.5.1.13.13.12.2.77.8252.04050904100201141507070306131511,0.02399125136435032,4,80.0,269.0
1.2.643.5.1.13.13.12.2.77.8252.04050904100201141507070306131511,6.268813740462065e-05,4,160.0,208.0
1.2.643.5.1.13.13.12.2.77.8252.04050904100201141507070306131511,0.0009222342050634325,4,112.0,160.0
1.2.643.5.1.13.13.12.2.77.8252.04050904100201141507070306131511,0.34881219267845154,4,252.0,128.0
1.2.643.5.1.13.13.12.2.77.8252.04050904100201141507070306131511,0.6229337453842163,4,224.0,128.0
1.2.643.5.1.13.13.12.2.77.8252.04050904100201141507070306131511,0.20596349239349365,4,64.0,96.0
1.2.643.5.1.13.13.12.2.77.8252.04050904100201141507070306131511,0.00010397590085631236,4,128.0,224.0
1.2.643.5.1.13.13.12.2.77.8252.04050904100201141507070306131511,0.0032877482008188963,4,96.0,176.0
1.2.643.5.1.13.13.12.2.77.8252.04050904100201141507070306131511,0.002972664311528206,4,96.0,112.0
1.2.643.5.1.13.13.12.2.77.8252.04050904100201141507070306131511,0.005717375315725803,4,96.0,144.0
1.2.643.5.1.13.13.12.2.77.8252.02120204101515130306021007150210,0.11456223577260971,4,51.5,40.5
1.2.643.5.1.13.13.12.2.77.8252.02120204101515130306021007150210,0.06847348809242249,4,64.5,52.0
1.2.643.5.1.13.13.12.2.77.8252.02120204101515130306021007150210,0.10928917676210403,4,238.0,44.0
1.2.643.5.1.13.13.12.2.77.8252.02120204101515130306021007150210,0.11349067836999893,4,257.0,34.0
1.2.643.5.1.13.13.12.2.77.8252.02120204101515130306021007150210,0.15338005125522614,4,240.0,144.0
1.2.643.5.1.13.13.12.2.77.8252.02120204101515130306021007150210,0.008778465911746025,4,112.0,224.0
1.2.643.5.1.13.13.12.2.77.8252.02120204101515130306021007150210,0.07827124744653702,4,252.0,144.0
1.2.643.5.1.13.13.12.2.77.8252.02120204101515130306021007150210,0.004656722769141197,4,160.0,256.0
1.2.643.5.1.13.13.12.2.77.8252.02120204101515130306021007150210,0.0074258348904550076,4,96.0,192.0
1.2.643.5.1.13.13.12.2.77.8252.02120204101515130306021007150210,0.09011408686637878,4,96.0,267.0
1.2.643.5.1.13.13.12.2.77.8252.02120204101515130306021007150210,0.13173788785934448,4,240.0,128.0
1.2.643.5.1.13.13.12.2.77.8252.02120204101515130306021007150210,0.06373896449804306,4,80.0,80.0
1.2.643.5.1.13.13.12.2.77.8252.02120204101515130306021007150210,0.056867022067308426,4,64.0,80.0
1.2.643.5.1.13.13.12.2.77.8252.02120204101515130306021007150210,0.012283025309443474,4,208.0,208.0
1.2.643.5.1.13.13.12.2.77.8252.02120204101515130306021007150210,0.004001028370112181,4,112.0,128.0
1.2.643.5.1.13.13.12.2.77.8252.02120204101515130306021007150210,0.012545670382678509,4,192.0,48.0
1.2.643.5.1.13.13.12.2.77.8252.02120204101515130306021007150210,0.05037212744355202,4,208.0,256.0
1.2.643.5.1.13.13.12.2.77.8252.02120204101515130306021007150210,0.008769134990870953,4,96.0,224.0
1.2.643.5.1.13.13.12.2.77.8252.02120204101515130306021007150210,0.00026953028282150626,4,160.0,160.0
1.2.643.5.1.13.13.12.2.77.8252.02120204101515130306021007150210,0.0253310464322567,4,192.0,256.0
1.2.643.5.1.13.13.12.2.77.8252.02120204101515130306021007150210,0.06997615098953247,4,64.0,128.0
1.2.643.5.1.13.13.12.2.77.8252.02120204101515130306021007150210,0.009823777712881565,4,144.0,256.0
1.2.643.5.1.13.13.12.2.77.8252.02120204101515130306021007150210,0.0674579069018364,4,224.0,267.0
1.2.643.5.1.13.13.12.2.77.8252.02120204101515130306021007150210,0.0002579090360086411,4,144.0,112.0
1.2.643.5.1.13.13.12.2.77.8252.02120204101515130306021007150210,0.017275363206863403,4,48.0,224.0
1.2.643.5.1.13.13.12.2.77.8252.02120204101515130306021007150210,0.09180809557437897,4,96.0,48.0
1.2.643.5.1.13.13.12.2.77.8252.02120204101515130306021007150210,0.0012181515339761972,4,160.0,208.0
1.2.643.5.1.13.13.12.2.77.8252.02120204101515130306021007150210,0.02390308864414692,4,128.0,48.0
1.2.643.5.1.13.13.12.2.77.8252.02120204101515130306021007150210,0.14483581483364105,4,240.0,160.0
1.2.643.5.1.13.13.12.2.77.8252.02120204101515130306021007150210,0.23544156551361084,4,240.0,267.0
1.2.643.5.1.13.13.12.2.77.8252.02120204101515130306021007150210,0.0020094839856028557,4,144.0,64.0
1.2.643.5.1.13.13.12.2.77.8252.02120204101515130306021007150210,0.07867743819952011,4,96.0,256.0
1.2.643.5.1.13.13.12.2.77.8252.02120204101515130306021007150210,0.03957812115550041,4,48.0,48.0
1.2.643.5.1.13.13.12.2.77.8252.02120204101515130306021007150210,0.001472035306505859,4,144.0,80.0
1.2.643.5.1.13.13.12.2.77.8252.02120204101515130306021007150210,0.032753314822912216,4,208.0,144.0
1.2.643.5.1.13.13.12.2.77.8252.02120204101515130306021007150210,0.1347346007823944,4,224.0,144.0
1.2.643.5.1.13.13.12.2.77.8252.02120204101515130306021007150210,0.0062708742916584015,4,112.0,208.0
1.2.643.5.1.13.13.12.2.77.8252.02120204101515130306021007150210,0.10060405731201172,4,240.0,48.0
1.2.643.5.1.13.13.12.2.77.8252.02120204101515130306021007150210,0.08014839887619019,4,80.0,267.0
1.2.643.5.1.13.13.12.2.77.8252.02120204101515130306021007150210,0.008015746250748634,4,112.0,192.0
1.2.643.5.1.13.13.12.2.77.8252.02120204101515130306021007150210,0.03259693831205368,4,224.0,224.0
1.2.643.5.1.13.13.12.2.77.8252.02120204101515130306021007150210,0.03735380619764328,4,224.0,192.0
1.2.643.5.1.13.13.12.2.77.8252.02120204101515130306021007150210,0.12489054352045059,4,240.0,240.0
1.2.643.5.1.13.13.12.2.77.8252.02120204101515130306021007150210,0.14336425065994263,4,64.0,267.0
1.2.643.5.1.13.13.12.2.77.8252.14060403060314010506081209070311,0.24335382878780365,4,36.5,28.0
1.2.643.5.1.13.13.12.2.77.8252.14060403060314010506081209070311,0.0632813349366188,4,46.0,40.0
1.2.643.5.1.13.13.12.2.77.8252.14060403060314010506081209070311,0.09688905626535416,4,243.0,39.5
1.2.643.5.1.13.13.12.2.77.8252.14060403060314010506081209070311,0.0698137953877449,4,255.5,29.5
1.2.643.5.1.13.13.12.2.77.8252.14060403060314010506081209070311,0.07209807634353638,4,235.0,152.5
1.2.643.5.1.13.13.12.2.77.8252.14060403060314010506081209070311,0.4472343325614929,4,57.0,149.0
1.2.643.5.1.13.13.12.2.77.8252.14060403060314010506081209070311,0.025108937174081802,4,208.0,240.0
1.2.643.5.1.13.13.12.2.77.8252.14060403060314010506081209070311,0.5754583477973938,4,224.0,112.0
1.2.643.5.1.13.13.12.2.77.8252.14060403060314010506081209070311,0.06010875105857849,4,48.0,48.0
1.2.643.5.1.13.13.12.2.77.8252.14060403060314010506081209070311,0.03347437083721161,4,240.0,208.0
1.2.643.5.1.13.13.12.2.77.8252.14060403060314010506081209070311,0.006719576194882393,4,112.0,240.0
1.2.643.5.1.13.13.12.2.77.8252.14060403060314010506081209070311,0.004059961996972561,4,176.0,208.0
1.2.643.5.1.13.13.12.2.77.8252.14060403060314010506081209070311,0.006099446676671505,4,160.0,267.0
1.2.643.5.1.13.13.12.2.77.8252.14060403060314010506081209070311,0.013818023726344109,4,160.0,48.0
1.2.643.5.1.13.13.12.2.77.8252.14060403060314010506081209070311,0.12751567363739014,4,64.0,192.0
1.2.643.5.1.13.13.12.2.77.8252.14060403060314010506081209070311,0.004748161882162094,4,160.0,192.0
1.2.643.5.1.13.13.12.2.77.8252.14060403060314010506081209070311,0.26174038648605347,4,224.0,128.0
1.2.643.5.1.13.13.12.2.77.8252.14060403060314010506081209070311,0.09344018250703812,4,252.0,256.0
1.2.643.5.1.13.13.12.2.77.8252.14060403060314010506081209070311,0.1321420818567276,4,224.0,176.0
1.2.643.5.1.13.13.12.2.77.8252.14060403060314010506081209070311,0.07040343433618546,4,48.0,96.0
1.2.643.5.1.13.13.12.2.77.8252.14060403060314010506081209070311,0.010145168751478195,4,112.0,256.0
1.2.643.5.1.13.13.12.2.77.8252.14060403060314010506081209070311,0.018396858125925064,4,176.0,96.0
1.2.643.5.1.13.13.12.2.77.8252.14060403060314010506081209070311,0.0699550062417984,4,252.0,128.0
1.2.643.5.1.13.13.12.2.77.8252.14060403060314010506081209070311,0.04978826269507408,4,252.0,144.0
1.2.643.5.1.13.13.12.2.77.8252.14060403060314010506081209070311,0.010176673531532288,4,96.0,48.0
1.2.643.5.1.13.13.12.2.77.8252.14060403060314010506081209070311,0.003761321771889925,4,176.0,160.0
1.2.643.5.1.13.13.12.2.77.8252.14060403060314010506081209070311,0.013287696987390518,4,96.0,96.0
1.2.643.5.1.13.13.12.2.77.8252.14060403060314010506081209070311,0.11709791421890259,4,252.0,267.0
1.2.643.5.1.13.13.12.2.77.8252.14060403060314010506081209070311,0.26375868916511536,4,48.0,160.0
1.2.643.5.1.13.13.12.2.77.8252.14060403060314010506081209070311,0.031889013946056366,4,80.0,128.0
1.2.643.5.1.13.13.12.2.77.8252.14060403060314010506081209070311,0.16233396530151367,4,252.0,80.0
1.2.643.5.1.13.13.12.2.77.8252.14060403060314010506081209070311,0.20078842341899872,4,252.0,96.0
1.2.643.5.1.13.13.12.2.77.8252.14060403060314010506081209070311,0.030727826058864594,4,80.0,224.0
1.2.643.5.1.13.13.12.2.77.8252.14060403060314010506081209070311,0.03761999309062958,4,96.0,256.0
1.2.643.5.1.13.13.12.2.77.8252.14060403060314010506081209070311,0.20585328340530396,4,208.0,64.0
1.2.643.5.1.13.13.12.2.77.8252.14060403060314010506081209070311,0.5386835932731628,4,224.0,80.0
1.2.643.5.1.13.13.12.2.77.8252.14060403060314010506081209070311,0.028712747618556023,4,80.0,240.0
1.2.643.5.1.13.13.12.2.77.8252.14060403060314010506081209070311,0.029792314395308495,4,192.0,128.0
1.2.643.5.1.13.13.12.2.77.8252.14060403060314010506081209070311,0.008290543220937252,4,192.0,176.0
1.2.643.5.1.13.13.12.2.77.8252.14060403060314010506081209070311,0.01353930588811636,4,112.0,192.0
1.2.643.5.1.13.13.12.2.77.8252.14060403060314010506081209070311,0.19746170938014984,4,208.0,96.0
1.2.643.5.1.13.13.12.2.77.8252.14060403060314010506081209070311,0.0028705454897135496,4,144.0,96.0
1.2.643.5.1.13.13.12.2.77.8252.14060403060314010506081209070311,0.021361520513892174,4,192.0,144.0
1.2.643.5.1.13.13.12.2.77.8252.14060403060314010506081209070311,0.10937593877315521,4,48.0,267.0
1.2.643.5.1.13.13.12.2.77.8252.14060403060314010506081209070311,0.08711500465869904,4,208.0,256.0
1.2.643.5.1.13.13.12.2.77.8252.14060403060314010506081209070311,0.1756686568260193,4,252.0,64.0
1.2.643.5.1.13.13.12.2.77.8252.15000310101315070007100105150401,0.4249252676963806,4,41.5,64.0
1.2.643.5.1.13.13.12.2.77.8252.15000310101315070007100105150401,0.2291104793548584,4,35.0,53.0
1.2.643.5.1.13.13.12.2.77.8252.15000310101315070007100105150401,0.0028882308397442102,4,160.0,96.0
1.2.643.5.1.13.13.12.2.77.8252.15000310101315070007100105150401,0.0014595204265788198,4,192.0,160.0
1.2.643.5.1.13.13.12.2.77.8252.15000310101315070007100105150401,0.19811365008354187,4,64.0,96.0
1.2.643.5.1.13.13.12.2.77.8252.15000310101315070007100105150401,0.021576154977083206,4,144.0,64.0
1.2.643.5.1.13.13.12.2.77.8252.15000310101315070007100105150401,0.3030320107936859,4,48.0,80.0
1.2.643.5.1.13.13.12.2.77.8252.15000310101315070007100105150401,0.08577529340982437,4,224.0,208.0
1.2.643.5.1.13.13.12.2.77.8252.15000310101315070007100105150401,0.0035303595941513777,4,96.0,208.0
1.2.643.5.1.13.13.12.2.77.8252.15000310101315070007100105150401,0.0298916082829237,4,176.0,256.0
1.2.643.5.1.13.13.12.2.77.8252.15000310101315070007100105150401,0.01526894886046648,4,96.0,144.0
1.2.643.5.1.13.13.12.2.77.8252.15000310101315070007100105150401,0.06652862578630447,4,48.0,224.0
1.2.643.5.1.13.13.12.2.77.8252.15000310101315070007100105150401,0.016577687114477158,4,64.0,192.0
1.2.643.5.1.13.13.12.2.77.8252.15000310101315070007100105150401,0.1596965193748474,4,80.0,80.0
1.2.643.5.1.13.13.12.2.77.8252.15000310101315070007100105150401,0.0026450534351170063,4,176.0,208.0
1.2.643.5.1.13.13.12.2.77.8252.15000310101315070007100105150401,0.03365771099925041,4,252.0,208.0
1.2.643.5.1.13.13.12.2.77.8252.15000310101315070007100105150401,0.1269099861383438,4,240.0,240.0
1.2.643.5.1.13.13.12.2.77.8252.15000310101315070007100105150401,0.004474777728319168,4,160.0,224.0
1.2.643.5.1.13.13.12.2.77.8252.15000310101315070007100105150401,0.0040114568546414375,4,96.0,192.0
1.2.643.5.1.13.13.12.2.77.8252.15000310101315070007100105150401,0.023187443614006042,4,240.0,128.0
1.2.643.5.1.13.13.12.2.77.8252.15000310101315070007100105150401,0.002097277669236064,4,112.0,208.0
1.2.643.5.1.13.13.12.2.77.8252.15000310101315070007100105150401,0.006978335790336132,4,80.0,224.0
1.2.643.5.1.13.13.12.2.77.8252.15000310101315070007100105150401,0.020506462082266808,4,240.0,144.0
1.2.643.5.1.13.13.12.2.77.8252.15000310101315070007100105150401,0.07298452407121658,4,48.0,160.0
1.2.643.5.1.13.13.12.2.77.8252.15000310101315070007100105150401,0.007186887785792351,4,96.0,224.0
1.2.643.5.1.13.13.12.2.77.8252.15000310101315070007100105150401,0.08711744099855423,4,208.0,256.0
1.2.643.5.1.13.13.12.2.77.8252.15000310101315070007100105150401,0.00032877540797926486,4,144.0,208.0
1.2.643.5.1.13.13.12.2.77.8252.15000310101315070007100105150401,0.00045621785102412105,4,160.0,160.0
1.2.643.5.1.13.13.12.2.77.8252.15000310101315070007100105150401,0.026956118643283844,4,80.0,240.0
1.2.643.5.1.13.13.12.2.77.8252.15000310101315070007100105150401,0.0136177409440279,4,64.0,176.0
1.2.643.5.1.13.13.12.2.77.8252.15000310101315070007100105150401,0.0015617397148162127,4,128.0,224.0
1.2.643.5.1.13.13.12.2.77.8252.15000310101315070007100105150401,0.0015648104017600417,4,192.0,176.0
1.2.643.5.1.13.13.12.2.77.8252.15000310101315070007100105150401,0.005244435742497444,4,192.0,144.0
1.2.643.5.1.13.13.12.2.77.8252.15000310101315070007100105150401,0.0001282663579331711,4,144.0,176.0
1.2.643.5.1.13.13.12.2.77.8252.15000310101315070007100105150401,0.032272402197122574,4,96.0,128.0
1.2.643.5.1.13.13.12.2.77.8252.15000310101315070007100105150401,0.01895866170525551,4,192.0,240.0
1.2.643.5.1.13.13.12.2.77.8252.15000310101315070007100105150401,0.005824546795338392,4,144.0,256.0
1.2.643.5.1.13.13.12.2.77.8252.15000310101315070007100105150401,0.0011835108743980527,4,176.0,176.0
1.2.643.5.1.13.13.12.2.77.8252.15000310101315070007100105150401,0.04314146563410759,4,224.0,112.0
1.2.643.5.1.13.13.12.2.77.8252.15000310101315070007100105150401,0.020259549841284752,4,252.0,160.0
1.2.643.5.1.13.13.12.2.77.8252.15000310101315070007100105150401,0.022653156891465187,4,252.0,192.0
1.2.643.5.1.13.13.12.2.77.8252.15000310101315070007100105150401,0.09424048662185669,4,48.0,240.0
1.2.643.5.1.13.13.12.2.77.8252.12111312010203070900101115051015,0.3289346396923065,4,47.0,74.5
1.2.643.5.1.13.13.12.2.77.8252.12111312010203070900101115051015,0.42256754636764526,4,62.0,83.5
1.2.643.5.1.13.13.12.2.77.8252.12111312010203070900101115051015,0.3991338312625885,4,31.5,38.0
1.2.643.5.1.13.13.12.2.77.8252.12111312010203070900101115051015,0.5060604214668274,4,22.0,22.5
1.2.643.5.1.13.13.12.2.77.8252.12111312010203070900101115051015,0.25080299377441406,4,225.5,65.5
1.2.643.5.1.13.13.12.2.77.8252.12111312010203070900101115051015,0.2796757221221924,4,225.5,44.0
1.2.643.5.1.13.13.12.2.77.8252.12111312010203070900101115051015,0.008773475885391235,4,176.0,96.0
1.2.643.5.1.13.13.12.2.77.8252.12111312010203070900101115051015,0.036164458841085434,4,224.0,160.0
1.2.643.5.1.13.13.12.2.77.8252.12111312010203070900101115051015,0.1647411584854126,4,224.0,112.0
1.2.643.5.1.13.13.12.2.77.8252.12111312010203070900101115051015,0.15153749287128448,4,80.0,80.0
1.2.643.5.1.13.13.12.2.77.8252.12111312010203070900101115051015,0.001044263131916523,4,160.0,128.0
1.2.643.5.1.13.13.12.2.77.8252.12111312010203070900101115051015,0.3271442949771881,4,224.0,48.0
1.2.643.5.1.13.13.12.2.77.8252.12111312010203070900101115051015,0.14662206172943115,4,240.0,256.0
1.2.643.5.1.13.13.12.2.77.8252.12111312010203070900101115051015,0.3293868601322174,4,64.0,96.0
1.2.643.5.1.13.13.12.2.77.8252.12111312010203070900101115051015,0.29121941328048706,4,48.0,80.0
1.2.643.5.1.13.13.12.2.77.8252.12111312010203070900101115051015,0.19658969342708588,4,252.0,64.0
1.2.643.5.1.13.13.12.2.77.8252.12111312010203070900101115051015,0.24222633242607117,4,80.0,64.0
1.2.643.5.1.13.13.12.2.77.8252.12111312010203070900101115051015,0.05493346229195595,4,224.0,269.0
1.2.643.5.1.13.13.12.2.77.8252.12111312010203070900101115051015,0.0017202055314555764,4,192.0,192.0
1.2.643.5.1.13.13.12.2.77.8252.12111312010203070900101115051015,0.0012721015373244882,4,176.0,269.0
1.2.643.5.1.13.13.12.2.77.8252.12111312010203070900101115051015,0.06667017936706543,4,240.0,240.0
1.2.643.5.1.13.13.12.2.77.8252.12111312010203070900101115051015,0.010518509894609451,4,112.0,96.0
1.2.643.5.1.13.13.12.2.77.8252.12111312010203070900101115051015,0.0038481131196022034,4,112.0,112.0
1.2.643.5.1.13.13.12.2.77.8252.12111312010203070900101115051015,0.06171054765582085,4,224.0,128.0
1.2.643.5.1.13.13.12.2.77.8252.12111312010203070900101115051015,0.065778449177742,4,64.0,144.0
1.2.643.5.1.13.13.12.2.77.8252.12111312010203070900101115051015,0.040866538882255554,4,48.0,144.0
1.2.643.5.1.13.13.12.2.77.8252.12111312010203070900101115051015,0.016411958262324333,4,192.0,112.0
1.2.643.5.1.13.13.12.2.77.8252.12111312010203070900101115051015,0.001484946464188397,4,128.0,112.0
1.2.643.5.1.13.13.12.2.77.8252.12111312010203070900101115051015,0.25528499484062195,4,80.0,48.0
1.2.643.5.1.13.13.12.2.77.8252.12111312010203070900101115051015,0.04892824962735176,4,48.0,269.0
1.2.643.5.1.13.13.12.2.77.8252.12111312010203070900101115051015,0.0004914007149636745,4,176.0,192.0
1.2.643.5.1.13.13.12.2.77.8252.12111312010203070900101115051015,0.002353735500946641,4,112.0,269.0
1.2.643.5.1.13.13.12.2.77.8252.12111312010203070900101115051015,0.10849013924598694,4,80.0,96.0
1.2.643.5.1.13.13.12.2.77.8252.12111312010203070900101115051015,0.005216967314481735,4,192.0,256.0
1.2.643.5.1.13.13.12.2.77.8252.12111312010203070900101115051015,0.022750545293092728,4,64.0,224.0
1.2.643.5.1.13.13.12.2.77.8252.12111312010203070900101115051015,0.005513290874660015,4,96.0,192.0
1.2.643.5.1.13.13.12.2.77.8252.12111312010203070900101115051015,0.0010490362765267491,4,144.0,128.0
1.2.643.5.1.13.13.12.2.77.8252.12111312010203070900101115051015,0.002026209607720375,4,128.0,96.0
1.2.643.5.1.13.13.12.2.77.8252.12111312010203070900101115051015,0.028595367446541786,4,96.0,112.0
1.2.643.5.1.13.13.12.2.77.8252.12111312010203070900101115051015,0.014938291162252426,4,80.0,256.0
1.2.643.5.1.13.13.12.2.77.8252.12111312010203070900101115051015,0.030597958713769913,4,64.0,240.0
1.2.643.5.1.13.13.12.2.77.8252.12111312010203070900101115051015,0.008807177655398846,4,96.0,160.0
1.2.643.5.1.13.13.12.2.77.8252.12111312010203070900101115051015,0.0008588580531068146,4,128.0,144.0
1.2.643.5.1.13.13.12.2.77.8252.12111312010203070900101115051015,0.000595190329477191,4,128.0,269.0
1.2.643.5.1.13.13.12.2.77.8252.12111312010203070900101115051015,0.038317542523145676,4,252.0,128.0
1.2.643.5.1.13.13.12.2.77.8252.12111312010203070900101115051015,0.015457832254469395,4,224.0,224.0
